{
	"Name":	"Rogue",
	"UpdatedAt":	"19-03-13T20:20:05Z",
	"CharacterCustomization":	{
		"PlayerModel":	1,
		"Sex":	0,
		"Archetype":	1,
		"Bust":	0,
		"Melanin":	0,
		"Haircut":	"hair02",
		"HairColorR":	0,
		"HairColorG":	0,
		"HairColorB":	0,
		"Beard":	"beard00",
		"BeardColorR":	0,
		"BeardColorG":	0,
		"BeardColorB":	0,
		"LeftEye":	"",
		"RightEye":	""
	},
	"Stats":	{
		"Strength":	1,
		"Agility":	1,
		"Constitution":	1,
		"Power":	1,
		"Level":	1,
		"PassiveSkillPoints":	0,
		"CurrentXP":	0,
		"RemainingStatsPoints":	0,
		"Gold":	0,
		"PrimordialAffinity":	0,
		"IsAutoDashAvailable":	1,
		"DashStatusActivation":	1
	},
	"LockedSkillSlots":	[],
	"UnlockedSkills":	[],
	"SkillBar":	[],
	"PassiveSkills":	[],
	"BeltConfig":	[{
			"Id":	0,
			"Locked":	0
		}, {
			"Id":	1,
			"Locked":	1
		}],
	"Progression":	[],
	"Telemetry":	{
		"Playtime":	{
			"Total":	"0.54132366",
			"PerLevel":	"0.54132366"
		},
		"KillCount_Bossrank":	[],
		"MinLevelKilled":	{
			"Total":	"0",
			"PerLevel":	"0"
		},
		"MaxLevelKilled":	{
			"Total":	"0",
			"PerLevel":	"0"
		},
		"DeathCount":	{
			"Total":	"0",
			"PerLevel":	"0"
		},
		"DeathCount_Bossrank":	[],
		"XpFromQuest":	{
			"Total":	"0",
			"PerLevel":	"0"
		},
		"XpFromKill":	{
			"Total":	"0",
			"PerLevel":	"0"
		},
		"GoldDropped":	{
			"Total":	"0",
			"PerLevel":	"0"
		},
		"GoldPicked":	{
			"Total":	"0",
			"PerLevel":	"0"
		},
		"GoldSpent":	{
			"Total":	"0",
			"PerLevel":	"0"
		},
		"GoldSpentHousing":	{
			"Total":	"0",
			"PerLevel":	"0"
		},
		"GoldSpentMerchant":	{
			"Total":	"0",
			"PerLevel":	"0"
		},
		"GoldGainedQuests":	{
			"Total":	"0",
			"PerLevel":	"0"
		},
		"GoldGainedMerchant":	{
			"Total":	"0",
			"PerLevel":	"0"
		},
		"ItemsDropped":	[],
		"ItemsPicked":	[],
		"ItemsBought":	[],
		"ItemsSold":	[]
	},
	"Versions":	{
		"SaveVersion":	"GameSave_Beta_1.0.0.29",
		"StatsVersion":	"CharacterStats_Beta_1.0.0.29",
		"ItemsVersion":	"Items_Beta_1.0.0.29",
		"InventoryVersion":	"Inventory_Beta_1.0.0.29",
		"ASTVersion":	"AST_Beta_1.0.0.29",
		"PSTVersion":	"PST_Beta_1.0.0.29",
		"StorylineVersion":	"Storyline_Beta_1.0.0.29",
		"PetVersion":	"Pet_Beta_1.0.0.29"
	},
	"Waypoints":	[],
	"InventoryEquipped":	[{
			"BodyPart":	1,
			"InventoryX":	-1,
			"InventoryY":	-1,
			"Rarity":	1,
			"Quality":	1,
			"Type":	2,
			"ItemType":	"Chest Armor",
			"ItemVersion":	"",
			"Value":	134,
			"InventoryName":	"p_a1_li_t4_Chest",
			"IsEquipped_BodyPart":	1,
			"IsEquipped_Belt":	0,
			"Equipped_BeltSlot":	-1,
			"Level":	0,
			"Armor":	{
				"Name":	"p_a1_li_t4_Chest",
				"Armor":	0,
				"Resistance":	0,
				"Health":	0
			},
			"MagicEffects":	{
			},
			"BeltSlot":	-1
		}, {
			"BodyPart":	3,
			"InventoryX":	-1,
			"InventoryY":	-1,
			"Rarity":	1,
			"Quality":	1,
			"Type":	2,
			"ItemType":	"Helmet",
			"ItemVersion":	"",
			"Value":	114,
			"InventoryName":	"p_a1_li_t4_Helmet",
			"IsEquipped_BodyPart":	1,
			"IsEquipped_Belt":	0,
			"Equipped_BeltSlot":	-1,
			"Level":	0,
			"Armor":	{
				"Name":	"p_a1_li_t4_Helmet",
				"Armor":	0,
				"Resistance":	0,
				"Health":	0
			},
			"MagicEffects":	{
			},
			"BeltSlot":	-1
		}, {
			"BodyPart":	5,
			"InventoryX":	-1,
			"InventoryY":	-1,
			"Rarity":	1,
			"Quality":	1,
			"Type":	2,
			"ItemType":	"Shoulder",
			"ItemVersion":	"",
			"Value":	13,
			"InventoryName":	"p_a1_li_t4_Shoulder",
			"IsEquipped_BodyPart":	1,
			"IsEquipped_Belt":	0,
			"Equipped_BeltSlot":	-1,
			"Level":	0,
			"Armor":	{
				"Name":	"p_a1_li_t4_Shoulder",
				"Armor":	0,
				"Resistance":	0,
				"Health":	0
			},
			"MagicEffects":	{
			},
			"BeltSlot":	-1
		}, {
			"BodyPart":	6,
			"InventoryX":	-1,
			"InventoryY":	-1,
			"Rarity":	1,
			"Quality":	1,
			"Type":	2,
			"ItemType":	"Shoulder",
			"ItemVersion":	"",
			"Value":	14,
			"InventoryName":	"p_a1_li_t4_Shoulder",
			"IsEquipped_BodyPart":	1,
			"IsEquipped_Belt":	0,
			"Equipped_BeltSlot":	-1,
			"Level":	0,
			"Armor":	{
				"Name":	"p_a1_li_t4_Shoulder",
				"Armor":	0,
				"Resistance":	0,
				"Health":	0
			},
			"MagicEffects":	{
			},
			"BeltSlot":	-1
		}, {
			"BodyPart":	9,
			"InventoryX":	-1,
			"InventoryY":	-1,
			"Rarity":	1,
			"Quality":	1,
			"Type":	2,
			"ItemType":	"Arm Armor",
			"ItemVersion":	"",
			"Value":	13,
			"InventoryName":	"p_a1_li_t4_Arm",
			"IsEquipped_BodyPart":	1,
			"IsEquipped_Belt":	0,
			"Equipped_BeltSlot":	-1,
			"Level":	0,
			"Armor":	{
				"Name":	"p_a1_li_t4_Arm",
				"Armor":	0,
				"Resistance":	0,
				"Health":	0
			},
			"MagicEffects":	{
			},
			"BeltSlot":	-1
		}, {
			"BodyPart":	10,
			"InventoryX":	-1,
			"InventoryY":	-1,
			"Rarity":	1,
			"Quality":	1,
			"Type":	2,
			"ItemType":	"Arm Armor",
			"ItemVersion":	"",
			"Value":	14,
			"InventoryName":	"p_a1_li_t4_Arm",
			"IsEquipped_BodyPart":	1,
			"IsEquipped_Belt":	0,
			"Equipped_BeltSlot":	-1,
			"Level":	0,
			"Armor":	{
				"Name":	"p_a1_li_t4_Arm",
				"Armor":	0,
				"Resistance":	0,
				"Health":	0
			},
			"MagicEffects":	{
			},
			"BeltSlot":	-1
		}, {
			"BodyPart":	11,
			"InventoryX":	-1,
			"InventoryY":	-1,
			"Rarity":	1,
			"Quality":	1,
			"Type":	2,
			"ItemType":	"Leg Armor",
			"ItemVersion":	"",
			"Value":	113,
			"InventoryName":	"p_a1_li_t4_Pant",
			"IsEquipped_BodyPart":	1,
			"IsEquipped_Belt":	0,
			"Equipped_BeltSlot":	-1,
			"Level":	0,
			"Armor":	{
				"Name":	"p_a1_li_t4_Pant",
				"Armor":	0,
				"Resistance":	0,
				"Health":	0
			},
			"MagicEffects":	{
			},
			"BeltSlot":	-1
		}, {
			"BodyPart":	16,
			"InventoryX":	-1,
			"InventoryY":	-1,
			"Rarity":	1,
			"Quality":	1,
			"Type":	3,
			"ItemType":	"bow",
			"ItemVersion":	"",
			"Value":	375,
			"InventoryName":	"2H_Bow_Tier2",
			"IsEquipped_BodyPart":	1,
			"IsEquipped_Belt":	0,
			"Equipped_BeltSlot":	-1,
			"Level":	0,
			"Weapon":	{
				"Name":	"2H_Bow_Tier2",
				"DamageMin":	9,
				"DamageMax":	16,
				"ShieldArmor":	0,
				"ShieldResistance":	0,
				"ShieldBlockChance":	0,
				"ShieldBlockEfficiency":	0
			},
			"Sockets":	[{
					"Type":	1,
					"Effect":	1
				}],
			"MagicEffects":	{
				"Default":	[{
						"EffectId":	"rage_conservation_time",
						"EffectName":	"implicit_rage_conservation",
						"Level":	0,
						"MaxStack":	0,
						"bDefault":	1,
						"Parameters":	[{
								"semantic":	"DurationFlatInt",
								"value":	3
							}]
					}]
			},
			"BeltSlot":	-1
		}, {
			"BodyPart":	17,
			"InventoryX":	-1,
			"InventoryY":	-1,
			"Rarity":	1,
			"Quality":	1,
			"Type":	2,
			"ItemType":	"Foot Armor",
			"ItemVersion":	"",
			"Value":	114,
			"InventoryName":	"p_a1_li_t4_Boots",
			"IsEquipped_BodyPart":	1,
			"IsEquipped_Belt":	0,
			"Equipped_BeltSlot":	-1,
			"Level":	0,
			"Armor":	{
				"Name":	"p_a1_li_t4_Boots",
				"Armor":	0,
				"Resistance":	0,
				"Health":	0
			},
			"MagicEffects":	{
			},
			"BeltSlot":	-1
		}],
	"InventoryGrid":	[],
	"InventoryBelt":	[{
			"BodyPart":	0,
			"InventoryX":	-1,
			"InventoryY":	-1,
			"Rarity":	1,
			"Quality":	1,
			"Type":	4,
			"ItemType":	"Potions",
			"ItemVersion":	"0.5.0.2",
			"Value":	2016,
			"InventoryName":	"Potion_S_Health",
			"IsEquipped_BodyPart":	0,
			"IsEquipped_Belt":	1,
			"Equipped_BeltSlot":	0,
			"Level":	1,
			"Potion":	{
				"Name":	"Potion_S_Health",
				"Level":	0,
				"Charge":	2,
				"Refresh":	2,
				"RefillChargeTime":	30,
				"ImmediateHP":	16,
				"ImmediateStamina":	0,
				"ImmediateMana":	0
			},
			"MagicEffects":	{
			},
			"BeltSlot":	0
		}],
	"PSTConfig":	[{
			"Id":	0,
			"Mode":	0
		}, {
			"Id":	1,
			"Mode":	0
		}, {
			"Id":	2,
			"Mode":	0
		}]
}
