<MetaData>
  <DifficultyLevels>
    <MobLevel Level="1" Health="100" Damage="100" Armor="100" Resistances="100" XP="100" />
    <MobLevel Level="2" Health="100" Damage="100" Armor="100" Resistances="100" XP="100" />
    <MobLevel Level="3" Health="100" Damage="100" Armor="100" Resistances="100" XP="100" />
    <MobLevel Level="4" Health="100" Damage="100" Armor="100" Resistances="100" XP="100" />
    <MobLevel Level="5" Health="100" Damage="100" Armor="100" Resistances="100" XP="100" />
    <MobLevel Level="6" Health="100" Damage="100" Armor="100" Resistances="100" XP="100" />
    <MobLevel Level="7" Health="100" Damage="100" Armor="100" Resistances="100" XP="100" />
    <MobLevel Level="8" Health="100" Damage="100" Armor="100" Resistances="100" XP="100" />
    <MobLevel Level="9" Health="100" Damage="100" Armor="100" Resistances="100" XP="100" />
    <MobLevel Level="10" Health="100" Damage="100" Armor="100" Resistances="100" XP="100" />
    <MobLevel Level="11" Health="100" Damage="100" Armor="100" Resistances="100" XP="100" />
    <MobLevel Level="12" Health="100" Damage="100" Armor="100" Resistances="100" XP="100" />
    <MobLevel Level="13" Health="100" Damage="100" Armor="100" Resistances="100" XP="100" />
    <MobLevel Level="14" Health="100" Damage="100" Armor="100" Resistances="100" XP="100" />
    <MobLevel Level="15" Health="100" Damage="100" Armor="100" Resistances="100" XP="100" />
    <MobLevel Level="16" Health="100" Damage="100" Armor="100" Resistances="100" XP="100" />
    <MobLevel Level="17" Health="100" Damage="100" Armor="100" Resistances="100" XP="100" />
    <MobLevel Level="18" Health="100" Damage="100" Armor="100" Resistances="100" XP="100" />
    <MobLevel Level="19" Health="100" Damage="100" Armor="100" Resistances="100" XP="100" />
    <MobLevel Level="20" Health="100" Damage="100" Armor="100" Resistances="100" XP="100" />
    <MobLevel Level="21" Health="100" Damage="100" Armor="100" Resistances="100" XP="100" />
    <MobLevel Level="22" Health="100" Damage="100" Armor="100" Resistances="100" XP="100" />
    <MobLevel Level="23" Health="100" Damage="100" Armor="100" Resistances="100" XP="100" />
    <MobLevel Level="24" Health="100" Damage="100" Armor="100" Resistances="100" XP="100" />
    <MobLevel Level="25" Health="100" Damage="100" Armor="100" Resistances="100" XP="100" />
    <MobLevel Level="26" Health="100" Damage="100" Armor="100" Resistances="100" XP="100" />
    <MobLevel Level="27" Health="100" Damage="100" Armor="100" Resistances="100" XP="100" />
    <MobLevel Level="28" Health="100" Damage="100" Armor="100" Resistances="100" XP="100" />
    <MobLevel Level="29" Health="100" Damage="100" Armor="100" Resistances="100" XP="100" />
    <MobLevel Level="30" Health="100" Damage="100" Armor="100" Resistances="100" XP="100" />
    <MobLevel Level="31" Health="100" Damage="100" Armor="100" Resistances="100" XP="100" />
    <MobLevel Level="32" Health="100" Damage="100" Armor="100" Resistances="100" XP="100" />
    <MobLevel Level="33" Health="100" Damage="100" Armor="100" Resistances="100" XP="100" />
    <MobLevel Level="34" Health="100" Damage="100" Armor="100" Resistances="100" XP="100" />
    <MobLevel Level="35" Health="100" Damage="100" Armor="100" Resistances="100" XP="100" />
    <MobLevel Level="36" Health="100" Damage="100" Armor="100" Resistances="100" XP="100" />
    <MobLevel Level="37" Health="100" Damage="100" Armor="100" Resistances="100" XP="100" />
    <MobLevel Level="38" Health="100" Damage="100" Armor="100" Resistances="100" XP="100" />
    <MobLevel Level="39" Health="100" Damage="100" Armor="100" Resistances="100" XP="100" />
    <MobLevel Level="40" Health="100" Damage="100" Armor="100" Resistances="100" XP="100" />
    <MobLevel Level="41" Health="100" Damage="100" Armor="100" Resistances="100" XP="100" />
    <MobLevel Level="42" Health="100" Damage="100" Armor="100" Resistances="100" XP="100" />
    <MobLevel Level="43" Health="100" Damage="100" Armor="100" Resistances="100" XP="100" />
    <MobLevel Level="44" Health="100" Damage="100" Armor="100" Resistances="100" XP="100" />
    <MobLevel Level="45" Health="100" Damage="100" Armor="100" Resistances="100" XP="100" />
    <MobLevel Level="46" Health="100" Damage="100" Armor="100" Resistances="100" XP="100" />
    <MobLevel Level="47" Health="100" Damage="100" Armor="100" Resistances="100" XP="100" />
    <MobLevel Level="48" Health="100" Damage="100" Armor="100" Resistances="100" XP="100" />
    <MobLevel Level="49" Health="100" Damage="100" Armor="100" Resistances="100" XP="100" />
    <MobLevel Level="50" Health="100" Damage="100" Armor="100" Resistances="100" XP="100" />
    <MobLevel Level="51" Health="100" Damage="100" Armor="100" Resistances="100" XP="100" />
    <MobLevel Level="52" Health="100" Damage="100" Armor="100" Resistances="100" XP="100" />
    <MobLevel Level="53" Health="100" Damage="100" Armor="100" Resistances="100" XP="100" />
    <MobLevel Level="54" Health="100" Damage="100" Armor="100" Resistances="100" XP="100" />
    <MobLevel Level="55" Health="100" Damage="100" Armor="100" Resistances="100" XP="100" />
    <MobLevel Level="56" Health="100" Damage="100" Armor="100" Resistances="100" XP="100" />
    <MobLevel Level="57" Health="100" Damage="100" Armor="100" Resistances="100" XP="100" />
    <MobLevel Level="58" Health="100" Damage="100" Armor="100" Resistances="100" XP="100" />
    <MobLevel Level="59" Health="100" Damage="100" Armor="100" Resistances="100" XP="100" />
    <MobLevel Level="60" Health="100" Damage="100" Armor="100" Resistances="100" XP="100" />
    <MobLevel Level="61" Health="100" Damage="100" Armor="100" Resistances="100" XP="100" />
    <MobLevel Level="62" Health="100" Damage="100" Armor="100" Resistances="100" XP="100" />
    <MobLevel Level="63" Health="100" Damage="100" Armor="100" Resistances="100" XP="100" />
    <MobLevel Level="64" Health="100" Damage="100" Armor="100" Resistances="100" XP="100" />
    <MobLevel Level="65" Health="100" Damage="100" Armor="100" Resistances="100" XP="100" />
    <MobLevel Level="66" Health="100" Damage="100" Armor="100" Resistances="100" XP="100" />
    <MobLevel Level="67" Health="100" Damage="100" Armor="100" Resistances="100" XP="100" />
    <MobLevel Level="68" Health="100" Damage="100" Armor="100" Resistances="100" XP="100" />
    <MobLevel Level="69" Health="100" Damage="100" Armor="100" Resistances="100" XP="100" />
    <MobLevel Level="70" Health="100" Damage="100" Armor="100" Resistances="100" XP="100" />
    <MobLevel Level="71" Health="100" Damage="100" Armor="100" Resistances="100" XP="100" />
    <MobLevel Level="72" Health="100" Damage="100" Armor="100" Resistances="100" XP="100" />
    <MobLevel Level="73" Health="100" Damage="100" Armor="100" Resistances="100" XP="100" />
    <MobLevel Level="74" Health="100" Damage="100" Armor="100" Resistances="100" XP="100" />
    <MobLevel Level="75" Health="100" Damage="100" Armor="100" Resistances="100" XP="100" />
    <MobLevel Level="76" Health="100" Damage="100" Armor="100" Resistances="100" XP="100" />
    <MobLevel Level="77" Health="100" Damage="100" Armor="100" Resistances="100" XP="100" />
    <MobLevel Level="78" Health="100" Damage="100" Armor="100" Resistances="100" XP="100" />
    <MobLevel Level="79" Health="100" Damage="100" Armor="100" Resistances="100" XP="100" />
    <MobLevel Level="80" Health="100" Damage="100" Armor="100" Resistances="100" XP="100" />
    <MobLevel Level="81" Health="100" Damage="100" Armor="100" Resistances="100" XP="100" />
    <MobLevel Level="82" Health="100" Damage="100" Armor="100" Resistances="100" XP="100" />
    <MobLevel Level="83" Health="100" Damage="100" Armor="100" Resistances="100" XP="100" />
    <MobLevel Level="84" Health="100" Damage="100" Armor="100" Resistances="100" XP="100" />
    <MobLevel Level="85" Health="100" Damage="100" Armor="100" Resistances="100" XP="100" />
    <MobLevel Level="86" Health="100" Damage="100" Armor="100" Resistances="100" XP="100" />
    <MobLevel Level="87" Health="100" Damage="100" Armor="100" Resistances="100" XP="100" />
    <MobLevel Level="88" Health="100" Damage="100" Armor="100" Resistances="100" XP="100" />
    <MobLevel Level="89" Health="100" Damage="100" Armor="100" Resistances="100" XP="100" />
    <MobLevel Level="90" Health="100" Damage="100" Armor="100" Resistances="100" XP="100" />
    <MobLevel Level="91" Health="100" Damage="100" Armor="100" Resistances="100" XP="100" />
    <MobLevel Level="92" Health="100" Damage="100" Armor="100" Resistances="100" XP="100" />
    <MobLevel Level="93" Health="100" Damage="100" Armor="100" Resistances="100" XP="100" />
    <MobLevel Level="94" Health="100" Damage="100" Armor="100" Resistances="100" XP="100" />
    <MobLevel Level="95" Health="100" Damage="100" Armor="100" Resistances="100" XP="100" />
    <MobLevel Level="96" Health="100" Damage="100" Armor="100" Resistances="100" XP="100" />
    <MobLevel Level="97" Health="100" Damage="100" Armor="100" Resistances="100" XP="100" />
    <MobLevel Level="98" Health="100" Damage="100" Armor="100" Resistances="100" XP="100" />
    <MobLevel Level="99" Health="100" Damage="100" Armor="100" Resistances="100" XP="100" />
    <MobLevel Level="100" Health="100" Damage="100" Armor="100" Resistances="100" XP="100" />
    <MobLevel Level="101" Health="100" Damage="100" Armor="100" Resistances="100" XP="100" />
    <MobLevel Level="102" Health="100" Damage="100" Armor="100" Resistances="100" XP="100" />
    <MobLevel Level="103" Health="100" Damage="100" Armor="100" Resistances="100" XP="100" />
    <MobLevel Level="104" Health="100" Damage="100" Armor="100" Resistances="100" XP="100" />
    <MobLevel Level="105" Health="100" Damage="100" Armor="100" Resistances="100" XP="100" />
    <MobLevel Level="106" Health="100" Damage="100" Armor="100" Resistances="100" XP="100" />
    <MobLevel Level="107" Health="100" Damage="100" Armor="100" Resistances="100" XP="100" />
    <MobLevel Level="108" Health="100" Damage="100" Armor="100" Resistances="100" XP="100" />
    <MobLevel Level="109" Health="100" Damage="100" Armor="100" Resistances="100" XP="100" />
    <MobLevel Level="110" Health="100" Damage="100" Armor="100" Resistances="100" XP="100" />
    <MobLevel Level="111" Health="100" Damage="100" Armor="100" Resistances="100" XP="100" />
    <MobLevel Level="112" Health="100" Damage="100" Armor="100" Resistances="100" XP="100" />
    <MobLevel Level="113" Health="100" Damage="100" Armor="100" Resistances="100" XP="100" />
    <MobLevel Level="114" Health="100" Damage="100" Armor="100" Resistances="100" XP="100" />
    <MobLevel Level="115" Health="100" Damage="100" Armor="100" Resistances="100" XP="100" />
    <MobLevel Level="116" Health="100" Damage="100" Armor="100" Resistances="100" XP="100" />
    <MobLevel Level="117" Health="100" Damage="100" Armor="100" Resistances="100" XP="100" />
    <MobLevel Level="118" Health="100" Damage="100" Armor="100" Resistances="100" XP="100" />
    <MobLevel Level="119" Health="100" Damage="100" Armor="100" Resistances="100" XP="100" />
    <MobLevel Level="120" Health="100" Damage="100" Armor="100" Resistances="100" XP="100" />
  </DifficultyLevels>
</MetaData>