<MetaData>
  <physical IsBuff="0" Id="Ailment_Stun" Title="@ui_ActiveEffect_Stunned_title" Description="@ui_ActiveEffect_Stunned_desc" Icon="../u_resources/spells/conditions/stun.png" />
  <toxic IsBuff="0" Id="Ailment_Poison" Title="@ui_ActiveEffect_Poisoned_title" Description="@ui_ActiveEffect_Poisoned_desc" Icon="../u_resources/spells/conditions/poison.png" />
  <rend IsBuff="0" Id="Ailment_Bleed" Title="@ui_ActiveEffect_Bleeding_title" Description="@ui_ActiveEffect_Bleeding_desc" Icon="../u_resources/spells/conditions/bleed.png" />
  <fire IsBuff="0" Id="Ailment_Burn" Title="@ui_ActiveEffect_Burning_title" Description="@ui_ActiveEffect_Burning_desc" Icon="../u_resources/spells/conditions/burn.png" />
  <frost IsBuff="0" Id="Ailment_Freeze" Title="@ui_ActiveEffect_Frozen_title" Description="@ui_ActiveEffect_Frozen_desc" Icon="../u_resources/spells/conditions/freeze.png" />
  <lightning IsBuff="0" Id="Ailment_Shock" Title="@ui_ActiveEffect_Shocked_title" Description="@ui_ActiveEffect_Shocked_desc" Icon="../u_resources/spells/conditions/fear.png" />
  <shadow IsBuff="0" Id="Ailment_Curse" Title="@ui_ActiveEffect_Cursed_title" Description="@ui_ActiveEffect_Cursed_desc" Icon="../u_resources/spells/conditions/curse.png" />
  <sacred IsBuff="0" Id="Ailment_Weakness" Title="@ui_ActiveEffect_Weakened_title" Description="@ui_ActiveEffect_Weakened_desc" Icon="../u_resources/spells/conditions/weakness.png" />
  <umbra IsBuff="0" Id="Ailment_Stasis" Title="@ui_ActiveEffect_Stasis_title" Description="@ui_ActiveEffect_Stasis_desc" Icon="../u_resources/spells/conditions/frailty.png" />
  <physical IsBuff="1" Id="Buff_Stun" Title="@ui_AilmentsStacks_PhysicalBuff_title" Description="@ui_AilmentsStacks_PhysicalBuff_desc" Icon="../u_resources/spells/buffs/buff_physical.png" />
  <toxic IsBuff="1" Id="Buff_Poison" Title="@ui_AilmentsStacks_ToxicBuff_title" Description="@ui_AilmentsStacks_ToxicBuff_desc" Icon="../u_resources/spells/buffs/buff_poison.png" />
  <rend IsBuff="1" Id="Buff_Bleed" Title="@ui_AilmentsStacks_RendBuff_title" Description="@ui_AilmentsStacks_RendBuff_desc" Icon="../u_resources/spells/buffs/buff_bleed.png" />
  <fire IsBuff="1" Id="Buff_Burn" Title="@ui_AilmentsStacks_FireBuff_title" Description="@ui_AilmentsStacks_FireBuff_desc" Icon="../u_resources/spells/buffs/buff_fire.png" />
  <frost IsBuff="1" Id="Buff_Freeze" Title="@ui_AilmentsStacks_FrostBuff_title" Description="@ui_AilmentsStacks_FrostBuff_desc" Icon="../u_resources/spells/buffs/buff_ice.png" />
  <lightning IsBuff="1" Id="Buff_Shock" Title="@ui_AilmentsStacks_LightningBuff_title" Description="@ui_AilmentsStacks_LightningBuff_desc" Icon="../u_resources/spells/buffs/buff_lightning.png" />
  <shadow IsBuff="1" Id="Buff_Curse" Title="@ui_AilmentsStacks_ShadowBuff_title" Description="@ui_AilmentsStacks_ShadowBuff_desc" Icon="../u_resources/spells/buffs/buff_shadow.png" />
  <sacred IsBuff="1" Id="Buff_Weakness" Title="@ui_AilmentsStacks_SacredBuff_title" Description="@ui_AilmentsStacks_SacredBuff_desc" Icon="../u_resources/spells/buffs/buff_sacred.png" />
  <umbra IsBuff="1" Id="Buff_Stasis" Title="@ui_AilmentsStacks_UmbraBuff_title" Description="@ui_AilmentsStacks_UmbraBuff_desc" Icon="../u_resources/spells/buffs/buff_umbra.png" />
  <apo Id="Apo_Stacks" Title="@ui_ApoStacks_title" Description="@ui_ApoStacks_desc" Icon="../u_resources/spells/conditions/curse.png" />
</MetaData>