<MetaData>
  <ProtectionPreset Name="protection_frostbutcher">
    <Protection Type="Frost" Value="0" ValuePerLevel="0" ValueFromHealthRatio="25" />
  </ProtectionPreset>
  <ProtectionPreset Name="protection_halfarmor">
    <Protection Type="Physical" Value="0" ValuePerLevel="0" ValueFromHealthRatio="50" />
  </ProtectionPreset>
  <ProtectionPreset Name="all_protections">
    <Protection Type="Physical" Value="100" ValuePerLevel="0" ValueFromHealthRatio="0" />
    <Protection Type="Fire" Value="150" ValuePerLevel="0" ValueFromHealthRatio="0" />
    <Protection Type="Lightning" Value="200" ValuePerLevel="0" ValueFromHealthRatio="0" />
    <Protection Type="Frost" Value="180" ValuePerLevel="0" ValueFromHealthRatio="0" />
    <Protection Type="Umbra" Value="20" ValuePerLevel="0" ValueFromHealthRatio="0" />
    <Protection Type="Sacred" Value="80" ValuePerLevel="0" ValueFromHealthRatio="0" />
    <Protection Type="Shadow" Value="120" ValuePerLevel="0" ValueFromHealthRatio="0" />
    <Protection Type="Bleed" Value="250" ValuePerLevel="0" ValueFromHealthRatio="0" />
    <Protection Type="Poison" Value="50" ValuePerLevel="0" ValueFromHealthRatio="0" />
    <Protection Type="Spells" Value="300" ValuePerLevel="0" ValueFromHealthRatio="0" />
  </ProtectionPreset>
</MetaData>