<MetaData>
  <BossModifier Passive="1" UIName="@ui_BossModifier_Fast" SkillName="BossModifier_Fast" BossRankMin="1" SpawnAtLevelMin="1" Frequency="1" />
  <BossModifier Passive="1" UIName="@ui_BossModifier_Tough" SkillName="BossModifier_Tough" BossRankMin="1" SpawnAtLevelMin="1" Frequency="1" />
  <BossModifier Passive="1" UIName="@ui_BossModifier_Unstoppable" SkillName="BossModifier_Unstoppable" BossRankMin="2" SpawnAtLevelMin="5" Frequency="1" />
  <BossModifier Passive="1" UIName="@ui_BossModifier_FireImbued" SkillName="BossModifier_FireImbued" BossRankMin="1" SpawnAtLevelMin="5" Frequency="1" />
  <BossModifier Passive="1" UIName="@ui_BossModifier_FrostImbued" SkillName="BossModifier_FrostImbued" BossRankMin="1" SpawnAtLevelMin="5" Frequency="1" />
  <BossModifier Passive="1" UIName="@ui_BossModifier_LightningImbued" SkillName="BossModifier_LightningImbued" BossRankMin="1" SpawnAtLevelMin="5" Frequency="1" />
  <BossModifier Passive="1" UIName="@ui_BossModifier_PhysicalImbued" SkillName="BossModifier_PhysicalImbued" BossRankMin="1" SpawnAtLevelMin="5" Frequency="1" />
  <BossModifier Passive="1" UIName="@ui_BossModifier_RendImbued" SkillName="BossModifier_RendImbued" BossRankMin="1" SpawnAtLevelMin="5" Frequency="1" />
  <BossModifier Passive="1" UIName="@ui_BossModifier_SacredImbued" SkillName="BossModifier_SacredImbued" BossRankMin="1" SpawnAtLevelMin="5" Frequency="1" />
  <BossModifier Passive="1" UIName="@ui_BossModifier_ShadowImbued" SkillName="BossModifier_ShadowImbued" BossRankMin="1" SpawnAtLevelMin="5" Frequency="1" />
  <BossModifier Passive="1" UIName="@ui_BossModifier_ToxicImbued" SkillName="BossModifier_ToxicImbued" BossRankMin="1" SpawnAtLevelMin="5" Frequency="1" />
  <BossModifier Passive="1" UIName="@ui_BossModifier_AetherImbued" SkillName="BossModifier_AetherImbued" BossRankMin="1" SpawnAtLevelMin="5" Frequency="1" />
  <BossModifier Passive="1" UIName="@ui_BossModifier_Regeneration" SkillName="BossModifier_Regeneration" BossRankMin="2" SpawnAtLevelMin="5" Frequency="1" />
  <BossModifier Passive="1" UIName="@ui_BossModifier_Powerful" SkillName="BossModifier_Powerful" BossRankMin="2" SpawnAtLevelMin="5" Frequency="1" />
  <BossModifier Passive="1" UIName="@ui_BossModifier_ElementalShield" SkillName="BossModifier_ElementalShield" BossRankMin="2" SpawnAtLevelMin="5" Frequency="1" />
  <BossModifier Passive="1" UIName="@ui_BossModifier_MaterialShield" SkillName="BossModifier_MaterialShield" BossRankMin="2" SpawnAtLevelMin="5" Frequency="1" />
  <BossModifier Passive="1" UIName="@ui_BossModifier_OccultShield" SkillName="BossModifier_OccultShield" BossRankMin="2" SpawnAtLevelMin="5" Frequency="1" />
  <BossModifier Passive="0" UIName="@ui_BossModifier_RessurectAround" SkillName="AI_cultofsouls_cultist_resurect" BossRankMin="1" SpawnAtLevelMin="1" Frequency="0" CastingMode="on_spawn" CoolDown="1.0" CastableWhenCC="1" CastingTarget="self" />
  <BossModifier Passive="0" UIName="@ui_BossModifier_DropCreatures" SkillName="AI_cultofflesh_colossalBreeder_drop" BossRankMin="1" SpawnAtLevelMin="1" Frequency="0" CastingMode="on_spawn" CoolDown="1.0" CastableWhenCC="1" CastingTarget="self" />
  <BossModifier Passive="0" UIName="@ui_BossModifier_ChargerIntouchable" SkillName="AI_Chosen_Charger_Intouchable" BossRankMin="1" SpawnAtLevelMin="1" Frequency="0" CastingMode="on_spawn" CoolDown="1.0" CastableWhenCC="1" CastingTarget="self" />
  <BossModifier Passive="0" UIName="@ui_BossModifier_ProtectiveDome" SkillName="BossModifier_ProtectiveDome" BossRankMin="1" SpawnAtLevelMin="1" Frequency="0" CastingMode="on_spawn" CoolDown="1.0" CastableWhenCC="1" CastingTarget="self" />
  <BossModifier Passive="0" UIName="@ui_BossModifier_Sarisel" SkillName="AI_Eviscerator_Initialization" BossRankMin="1" SpawnAtLevelMin="1" Frequency="0" CastingMode="on_spawn" CoolDown="1.0" CastableWhenCC="1" CastingTarget="self" />
  <BossModifier Passive="0" UIName="@ui_BossModifier_Sarisel" SkillName="AI_Tracker_Initialization" BossRankMin="1" SpawnAtLevelMin="1" Frequency="0" CastingMode="on_spawn" CoolDown="1.0" CastableWhenCC="1" CastingTarget="self" />
  <BossModifier Passive="0" UIName="@ui_BossModifier_Sarisel" SkillName="AI_Charger_Initialization" BossRankMin="1" SpawnAtLevelMin="1" Frequency="0" CastingMode="on_spawn" CoolDown="1.0" CastableWhenCC="1" CastingTarget="self" />
</MetaData>