<MetaData>
  <FlowOfSoulsPreset Name="Sirkis_FireArea">
    <WarmUpVFX Name="U_CommonVFX.FlowOfSoul.FlowOfSoul_AOE_01_Ready_Fire" Direction="0,0,1" Offset="0,0,0" Scale="2" />
    <SkillCastVFX Name="U_CommonVFX.FlowOfSoul.FlowOfSoul_AOE_01_Fire" Direction="0,0,1" Scale="2" />
    <Iterations Number="0" WarmUpTime="2" Cooldown="0" DelayBeforeFirstIteration="1.5" />
    <SkillCast Number="1" FireRate="1" Radius="3.5" DamageZoneDuration="99999 " DamageZoneFireRate="0.5" SkillUID="Skill_SirkisFireArea" />
  </FlowOfSoulsPreset>
  <FlowOfSoulsPresetList Name="Sirkis_FireArea_PresetList" Loop="1" NewStartingPosition="0">
    <Preset Name="Sirkis_FireArea" />
  </FlowOfSoulsPresetList>
</MetaData>