<MetaData>
  <FlowOfSoulsPreset Name="FlowOfSouls_edric_p2_outer">
    <WarmUpVFX Name="U_CommonVFX.FlowOfSoul.FlowOfSoul_AOE_01_Ready" Direction="0,0,1" Offset="0,0,0" Scale="1" />
    <SkillCastVFX Name="U_CommonVFX.FlowOfSoul.FlowOfSoul_AOE_01" Direction="0,0,1" Offset="0,0,0" Scale="1" />
    <Iterations Number="0" WarmUpTime="5" Cooldown="5.0" DelayBeforeFirstIteration="0.5" />
    <SkillCast Number="1" FireRate="0.5" Radius="2.5" DamageZoneDuration="10" DamageZoneFireRate="1" SkillUID="Skill_FlowOfSouls" />
  </FlowOfSoulsPreset>
  <FlowOfSoulsPreset Name="FlowOfSouls_edric_p2_center">
    <WarmUpVFX Name="U_CommonVFX.FlowOfSoul.FlowOfSoul_AOE_01_Ready" Direction="0,0,1" Offset="0,0,0" Scale="2" />
    <SkillCastVFX Name="U_CommonVFX.FlowOfSoul.FlowOfSoul_AOE_01" Direction="0,0,1" Offset="0,0,0" Scale="2" />
    <Iterations Number="0" WarmUpTime="5" Cooldown="5.0" DelayBeforeFirstIteration="10.5" />
    <SkillCast Number="1" FireRate="0.5" Radius="5.0" DamageZoneDuration="10" DamageZoneFireRate="1" SkillUID="Skill_FlowOfSouls" />
  </FlowOfSoulsPreset>
  <FlowOfSoulsPresetList Name="FlowOfSoulsPreset_edric_p2_center" Loop="0" NewStartingPosition="0">
    <Preset Name="FlowOfSouls_edric_p2_center" />
  </FlowOfSoulsPresetList>
  <FlowOfSoulsPresetList Name="FlowOfSoulsPreset_edric_p2_outer" Loop="0" NewStartingPosition="0">
    <Preset Name="FlowOfSouls_edric_p2_outer" />
  </FlowOfSoulsPresetList>
</MetaData>