<MetaData>
  <SpawnClassFamily Name="Scf_MercyArena_OUTW_Round4">
    <SpawnChoice SpawnClassName="Sc_MercyArena_OUTW_Round4" Weight="100" />
  </SpawnClassFamily>
  <SpawnClassFamily Name="Scf_MercyArena_OUTW_Round3">
    <SpawnChoice SpawnClassName="Sc_MercyArena_OUTW_Round3" Weight="100" />
  </SpawnClassFamily>
  <SpawnClassFamily Name="Scf_MercyArena_OUTW_Mercy">
    <SpawnChoice SpawnClassName="Sc_MercyArena_OUTW_Mercy" Weight="100" />
  </SpawnClassFamily>
  <SpawnClassFamily Name="Scf_REPU_ForestClearing_Infantry">
    <SpawnChoice SpawnClassName="sc_REPU_ForestClearing_Infantry" Weight="100" />
  </SpawnClassFamily>
  <SpawnClassFamily Name="Scf_REPU_ForestClearing_Justicar">
    <SpawnChoice SpawnClassName="sc_REPU_ForestClearing_Justicar" Weight="100" />
  </SpawnClassFamily>
  <SpawnClassFamily Name="Scf_COFE_ForestClearing_Trashs">
    <SpawnChoice SpawnClassName="sc_COFE_ForestClearing_Trashs" Weight="100" />
  </SpawnClassFamily>
  <SpawnClassFamily Name="Scf_COFE_ForestClearing_Lieutenants">
    <SpawnChoice SpawnClassName="sc_COFE_ForestClearing_Lieutenants" Weight="100" />
  </SpawnClassFamily>
</MetaData>