<MetaData>
  <VotePreset Name="VotePreset_ACT1_LeaveTheCoast" UI_Title="@ui_vote_ACT1_LeaveTheCoast_title" UI_Text1="@ui_vote_warning" UI_Text2="@ui_vote_ACT1_LeaveTheCoast_text" UI_AcceptButton="@ui_vote_launch_vote" UI_DeclineButton="@ui_vote_decline" Duration="60" />
  <VotePreset Name="VotePreset_ACT1_SvriirRaid_1" UI_Title="@ui_vote_ACT1_SvriirRaid_1_title" UI_Text1="@ui_vote_warning" UI_Text2="@ui_vote_ACT1_SvriirRaid_1_text" UI_AcceptButton="@ui_vote_launch_vote" UI_DeclineButton="@ui_vote_decline" Duration="60" />
  <VotePreset Name="VotePreset_ACT1_BossFight_Sirkis" UI_Title="@ui_vote_ACT1_BossFight_Sirkis_title" UI_Text1="@ui_vote_warning" UI_Text2="@ui_vote_ACT1_BossFight_Sirkis_text" UI_AcceptButton="@ui_vote_launch_vote" UI_DeclineButton="@ui_vote_decline" Duration="60" />
  <VotePreset Name="VotePreset_ACT1_BossFight_StormfallInn" UI_Title="@ui_vote_ACT1_BossFight_StormfallInn_title" UI_Text1="@ui_vote_warning" UI_Text2="@ui_vote_ACT1_BossFight_StormfallInn_text" UI_AcceptButton="@ui_vote_launch_vote" UI_DeclineButton="@ui_vote_decline" Duration="60" />
  <VotePreset Name="VotePreset_ACT1_BanditOutpost" UI_Title="@ui_vote_ACT1_BanditOutpost_title" UI_Text1="@ui_vote_warning" UI_Text2="@ui_vote_ACT1_BanditOutpost_text" UI_AcceptButton="@ui_vote_launch_vote" UI_DeclineButton="@ui_vote_decline" Duration="60" />
  <VotePreset Name="VotePreset_ACT1_BossFight_Naarlog" UI_Title="@ui_vote_ACT1_BossFight_Naarlog_title" UI_Text1="@ui_vote_warning" UI_Text2="@ui_vote_ACT1_BossFight_Naarlog_text" UI_AcceptButton="@ui_vote_launch_vote" UI_DeclineButton="@ui_vote_decline" Duration="60" />
  <VotePreset Name="VotePreset_ACT1_MeetHeimlock" UI_Title="@ui_vote_ACT1_MeetHeimlock_title" UI_Text1="@ui_vote_warning" UI_Text2="@ui_vote_ACT1_MeetHeimlock_text" UI_AcceptButton="@ui_vote_launch_vote" UI_DeclineButton="@ui_vote_decline" Duration="60" />
  <VotePreset Name="VotePreset_ACT1_UmbraRelay" UI_Title="@ui_vote_ACT1_UmbraRelay_title" UI_Text1="@ui_vote_warning" UI_Text2="@ui_vote_ACT1_UmbraRelay_text" UI_AcceptButton="@ui_vote_launch_vote" UI_DeclineButton="@ui_vote_decline" Duration="60" />
  <VotePreset Name="VotePreset_ACT1_BossFight_Vheguaad" UI_Title="@ui_vote_ACT1_BossFight_Vheguaad_title" UI_Text1="@ui_vote_warning" UI_Text2="@ui_vote_ACT1_BossFight_Vheguaad_text" UI_AcceptButton="@ui_vote_launch_vote" UI_DeclineButton="@ui_vote_decline" Duration="60" />
  <VotePreset Name="VotePreset_ACT1_BossFight_Yudai" UI_Title="@ui_vote_ACT1_BossFight_Yudai_title" UI_Text1="@ui_vote_warning" UI_Text2="@ui_vote_ACT1_BossFight_Yudai_text" UI_AcceptButton="@ui_vote_launch_vote" UI_DeclineButton="@ui_vote_decline" Duration="60" />
  <VotePreset Name="VotePreset_ACT1_TPS_EdricAmbush" UI_Title="@ui_vote_ACT1_TPS_EdricAmbush_title" UI_Text1="@ui_vote_warning" UI_Text2="@ui_vote_ACT1_TPS_EdricAmbush_text" UI_AcceptButton="@ui_vote_launch_vote" UI_DeclineButton="@ui_vote_decline" Duration="60" />
</MetaData>