<TrapPresets>
  <TrapPreset Id="RotatingFireTurret" AttackSkill="Trap_TurretFireBall" Behavior="RotatingTurret" FireAtAngle="90" RotationSpeed="40" RotateClockwise="1" StopWhenFiring="1" />
  <TrapPreset Id="RotatingFireTurret_5" AttackSkill="Trap_TurretFireBall" Behavior="RotatingTurret" DefaultActivationMethod="distance" fDefaultActivationDistance="5" FireAtAngle="90" RotationSpeed="40" RotateClockwise="1" StopWhenFiring="1" />
  <TrapPreset Id="RotatingFireTurret_10" AttackSkill="Trap_TurretFireBall" Behavior="RotatingTurret" DefaultActivationMethod="distance" fDefaultActivationDistance="10" FireAtAngle="90" RotationSpeed="40" RotateClockwise="1" StopWhenFiring="1" />
  <TrapPreset Id="RotatingFireTurret_norange_slow" AttackSkill="Trap_TurretFireBall" Behavior="RotatingTurret" DefaultActivationMethod="distance" fDefaultActivationDistance="100" FireAtAngle="90" RotationSpeed="40" RotateClockwise="1" StopWhenFiring="0" />
  <TrapPreset Id="RotatingFireTurret_norange_fast" AttackSkill="Trap_TurretFireBall" Behavior="RotatingTurret" DefaultActivationMethod="distance" fDefaultActivationDistance="100" FireAtAngle="90" RotationSpeed="60" RotateClockwise="1" StopWhenFiring="0" />
  <TrapPreset Id="RotatingFireTurret_90_Quick" AttackSkill="Trap_TurretFireBall" Behavior="RotatingTurret" FireAtAngle="90" RotationSpeed="40" RotateClockwise="1" StopWhenFiring="1" />
  <TrapPreset Id="RotatingFireTurret_90_Quick_NoClock" AttackSkill="Trap_TurretFireBall" Behavior="RotatingTurret" FireAtAngle="90" RotationSpeed="40" RotateClockwise="0" StopWhenFiring="1" />
  <TrapPreset Id="RotatingCorruptionTurret_90" AttackSkill="Trap_TurretFireBall" Behavior="RotatingTurret" FireAtAngle="90" RotationSpeed="40" RotateClockwise="1" StopWhenFiring="1" />
  <TrapPreset Id="FixedFlamethrowerTurret" AttackSkill="Trap_Flamethrower" Behavior="RotatingTurret" RotationSpeed="0" RateOfFire="10" ContinuousAttackDuration="3" ContinuousAttackPeriod="4" />
  <TrapPreset Id="RotatingFlamethrowerTurret" AttackSkill="Trap_Flamethrower" Behavior="RotatingTurret" RotationSpeed="20" RateOfFire="10" ContinuousAttackDuration="3" ContinuousAttackPeriod="4" />
  <TrapPreset Id="AimFireTurret" AttackSkill="Trap_TurretFireBall" Behavior="AimTurret" InterceptTarget="1" RateOfFire="1.2" StopWhenFiring="1" MaxTurnRate="1" />
  <TrapPreset Id="AimFireTurret_far" AttackSkill="Trap_TurretFireBall" Behavior="AimTurret" InterceptTarget="1" DefaultActivationMethod="distance" fDefaultActivationDistance="65" RateOfFire="2" StopWhenFiring="0" MaxTurnRate="4" />
  <TrapPreset Id="FixedFireTurret" AttackSkill="Trap_TurretFireBall" Behavior="RotatingTurret" DefaultActivationMethod="distance" fDefaultActivationDistance="100" RotationSpeed="0" RateOfFire="2" StopWhenFiring="0" />
  <TrapPreset Id="ElectricPylon_Broken_Tuto" Behavior="RotatingTurret" AttackSkill="Trap_LightningStrike" RateOfFire="8" RotationSpeed="0" />
  <TrapPreset Id="SummonPylon" Behavior="RotatingTurret" AttackSkill="trap_raise_skeletons" MaxCastSkillCount="1" RateOfFire="1" RotationSpeed="0" />
  <TrapPreset Id="Saw" AttackSkill="Trap_Saw" RateOfFire="10" DealDamageUsingTriggerArea="1" />
  <TrapPreset Id="Guillotine" Behavior="AttackOnActivated" AttackSkill="Trap_Guillotine" RateOfFire="0.1" DealDamageUsingTriggerArea="1" />
  <TrapPreset Id="SwingingBladeClassic" AttackSkill="Trap_SwingingBlade" RateOfFire="1" DealDamageUsingTriggerArea="1" />
  <TrapPreset Id="Jumper" AttackSkill="Trap_Jumper" Behavior="AttackOnActivated" RateOfFire="0" DealDamageUsingTriggerArea="1" />
  <TrapPreset Id="BearTrap" AttackSkill="Trap_BearTrap" Behavior="AttackOnActivated" RateOfFire="1" DealDamageUsingTriggerArea="1" />
</TrapPresets>