<GamblingAltarPresets>
  <Gambling PresetName="Gambling_Altar_A1_Forest" Weight="1" MaxUses="1" TimeBetweenUses="5" DistanceEffect="35" PercentToDefeat="80" BuffDuration="45" SpawnRadius="15" MonsterModifier="0.5" ApplyOnMonsters="1" Geometry="objects/props/altar/Altar_Shrine.cgf" MinLevel="1" MaxLevel="10" MinCombatPoints="15" MaxCombatPoints="30" SpawnOffset="3,3,0" IconPath="">
    <Spawn Mode="Predefined">
      <SpawnClass SpawnClass="sc_Sty_ACT1_Forest_CommonCC_1" Weight="1" />
      <SpawnClass SpawnClass="sc_Sty_ACT1_Forest_CommonCC_2" Weight="1" />
      <SpawnClass SpawnClass="sc_Sty_ACT1_Forest_CommonCC_3" Weight="1" />
    </Spawn>
    <MagicEffects>
      <EIM Name="movespeed" Permanent="1" HUDDesc="@ui_eim_move_speed">
        <Semantics SpeedPercentInt="70" />
      </EIM>
      <EIM Name="criticalchance_score_percent" Permanent="1" HUDDesc="@ui_eim_criticalchance_score_percent">
        <Semantics CharacteristicScorePercentInt="50" />
      </EIM>
      <EIM Name="criticaldamage_pts" Permanent="1" HUDDesc="@ui_eim_criticaldamage_pts">
        <Semantics DamagePercentInt="50" />
      </EIM>
      <EIM Name="damage_percent" Permanent="1" HUDDesc="@ui_eim_damage_percent">
        <Semantics DamagePercentInt="25" />
      </EIM>
      <EIM Name="all_resistance_score_percent" Permanent="1" HUDDesc="@ui_eim_all_resistance_score_percent">
        <Semantics CharacteristicScorePercentInt="20" />
      </EIM>
      <EIM Name="life_leech_percent_global" Permanent="1" HUDDesc="@ui_eim_life_leech_percent_global">
        <Semantics DamagePercentFloat="15" />
      </EIM>
      <EIM Name="health_percent" Permanent="1" HUDDesc="@ui_eim_health_percent">
        <Semantics HealthPercentInt="25" />
      </EIM>
      <EIM Name="forceshield_percent" Permanent="1" HUDDesc="@ui_eim_forceshield_percent">
        <Semantics ArmorPercentFloat="35" />
      </EIM>
      <EIM Name="statusailment_inflict_score_percent" Permanent="1" HUDDesc="@ui_eim_statusailment_inflict_score_percent">
        <Semantics CharacteristicScorePercentInt="50" />
      </EIM>
      <EIM Name="all_attribute_pts" Permanent="1" HUDDesc="@ui_eim_all_attribute_pts">
        <Semantics AttributeFlatInt="25" />
      </EIM>
    </MagicEffects>
    <Particles>
      <Particle Key="Permanent" VFXName="U_CommonVFX.Altars.Altars_Aura_01_Red" Direction="0,1,0" Offset="0,0,1.7" Scale="1" />
      <Particle Key="OnActivation" VFXName="U_CommonVFX.Altars.Altars_Activate_01_Red" Direction="0,1,0" Offset="0,0,0" Scale="1" />
      <Particle Key="OnDeactivation" VFXName="U_CommonVFX.Altars.Altars_Finish_01_Red" Direction="0,1,0" Offset="0,0,1.7" Scale="1.75" />
      <Particle Key="Mark" VFXName="U_CommonVFX.Altars.Monster_Indicator_01_Red" Direction="0,1,0" Scale="0.3" Offset="0,0,0" Bone="Bip01" />
      <Particle Key="MarkPlayer" VFXName="U_CommonVFX.Altars.Altars_Player_Buff_01" Direction="0,1,0" Scale="0.3" Offset="0,0,0" Bone="Bip01" />
      <Particle Key="PlayerBuff" VFXName="U_CommonVFX.Altars.Altars_BuffTake_01" Direction="0,1,0" Scale="1" Offset="0,0,0" Bone="Bip01" />
    </Particles>
  </Gambling>
  <Gambling PresetName="Gambling_Altar_A1_SmugglersPath" Weight="1" MaxUses="1" TimeBetweenUses="5" DistanceEffect="45" PercentToDefeat="80" BuffDuration="20" SpawnRadius="15" MonsterModifier="0.5" ApplyOnMonsters="1" Geometry="objects/props/altar/Altar_Shrine.cgf" MinLevel="1" MaxLevel="10" MinCombatPoints="15" MaxCombatPoints="30" SpawnOffset="3,3,0" IconPath="">
    <Spawn Mode="Predefined">
      <SpawnClass SpawnClass="sc_Sty_ACT1_SmugglersPath_CommonCC_1" Weight="1" />
      <SpawnClass SpawnClass="sc_Sty_ACT1_SmugglersPath_CommonCC_2" Weight="1" />
      <SpawnClass SpawnClass="sc_Sty_ACT1_SmugglersPath_CommonCC_3" Weight="1" />
    </Spawn>
    <MagicEffects>
      <EIM Name="movespeed" Permanent="1" HUDDesc="@ui_eim_move_speed">
        <Semantics SpeedPercentInt="70" />
      </EIM>
      <EIM Name="criticalchance_score_percent" Permanent="1" HUDDesc="@ui_eim_criticalchance_score_percent">
        <Semantics CharacteristicScorePercentInt="50" />
      </EIM>
      <EIM Name="criticaldamage_pts" Permanent="1" HUDDesc="@ui_eim_criticaldamage_pts">
        <Semantics DamagePercentInt="50" />
      </EIM>
      <EIM Name="damage_percent" Permanent="1" HUDDesc="@ui_eim_damage_percent">
        <Semantics DamagePercentInt="25" />
      </EIM>
      <EIM Name="all_resistance_score_percent" Permanent="1" HUDDesc="@ui_eim_all_resistance_score_percent">
        <Semantics CharacteristicScorePercentInt="20" />
      </EIM>
      <EIM Name="life_leech_percent_global" Permanent="1" HUDDesc="@ui_eim_life_leech_percent_global">
        <Semantics DamagePercentFloat="15" />
      </EIM>
      <EIM Name="health_percent" Permanent="1" HUDDesc="@ui_eim_health_percent">
        <Semantics HealthPercentInt="25" />
      </EIM>
      <EIM Name="forceshield_percent" Permanent="1" HUDDesc="@ui_eim_forceshield_percent">
        <Semantics ArmorPercentFloat="35" />
      </EIM>
      <EIM Name="statusailment_inflict_score_percent" Permanent="1" HUDDesc="@ui_eim_statusailment_inflict_score_percent">
        <Semantics CharacteristicScorePercentInt="50" />
      </EIM>
      <EIM Name="all_attribute_pts" Permanent="1" HUDDesc="@ui_eim_all_attribute_pts">
        <Semantics AttributeFlatInt="25" />
      </EIM>
    </MagicEffects>
    <Particles>
      <Particle Key="Permanent" VFXName="U_CommonVFX.Altars.Altars_Aura_01_Red" Direction="0,1,0" Offset="0,0,1.7" Scale="1" />
      <Particle Key="OnActivation" VFXName="U_CommonVFX.Altars.Altars_Activate_01_Red" Direction="0,1,0" Offset="0,0,0" Scale="1" />
      <Particle Key="OnDeactivation" VFXName="U_CommonVFX.Altars.Altars_Finish_01_Red" Direction="0,1,0" Offset="0,0,1.7" Scale="1.75" />
      <Particle Key="Mark" VFXName="U_CommonVFX.Altars.Monster_Indicator_01_Red" Direction="0,1,0" Scale="0.3" Offset="0,0,0" Bone="Bip01" />
      <Particle Key="MarkPlayer" VFXName="U_CommonVFX.Altars.Altars_Player_Buff_01" Direction="0,1,0" Scale="0.3" Offset="0,0,0" Bone="Bip01" />
      <Particle Key="PlayerBuff" VFXName="U_CommonVFX.Altars.Altars_BuffTake_01" Direction="0,1,0" Scale="1" Offset="0,0,0" Bone="Bip01" />
    </Particles>
  </Gambling>
  <Gambling PresetName="Gambling_Altar_A1_Necropolis1" Weight="1" MaxUses="1" TimeBetweenUses="5" DistanceEffect="45" PercentToDefeat="80" BuffDuration="20" SpawnRadius="15" MonsterModifier="0.5" ApplyOnMonsters="1" Geometry="objects/props/altar/Altar_Shrine.cgf" MinLevel="1" MaxLevel="10" MinCombatPoints="15" MaxCombatPoints="30" SpawnOffset="3,3,0" IconPath="">
    <Spawn Mode="Predefined">
      <SpawnClass SpawnClass="sc_Sty_ACT1_Necropolis1_CommonCC_1" Weight="1" />
      <SpawnClass SpawnClass="sc_Sty_ACT1_Necropolis1_CommonCC_2" Weight="1" />
      <SpawnClass SpawnClass="sc_Sty_ACT1_Necropolis1_CommonCC_3" Weight="1" />
    </Spawn>
    <MagicEffects>
      <EIM Name="movespeed" Permanent="1" HUDDesc="@ui_eim_move_speed">
        <Semantics SpeedPercentInt="70" />
      </EIM>
      <EIM Name="criticalchance_score_percent" Permanent="1" HUDDesc="@ui_eim_criticalchance_score_percent">
        <Semantics CharacteristicScorePercentInt="50" />
      </EIM>
      <EIM Name="criticaldamage_pts" Permanent="1" HUDDesc="@ui_eim_criticaldamage_pts">
        <Semantics DamagePercentInt="50" />
      </EIM>
      <EIM Name="damage_percent" Permanent="1" HUDDesc="@ui_eim_damage_percent">
        <Semantics DamagePercentInt="25" />
      </EIM>
      <EIM Name="all_resistance_score_percent" Permanent="1" HUDDesc="@ui_eim_all_resistance_score_percent">
        <Semantics CharacteristicScorePercentInt="20" />
      </EIM>
      <EIM Name="life_leech_percent_global" Permanent="1" HUDDesc="@ui_eim_life_leech_percent_global">
        <Semantics DamagePercentFloat="15" />
      </EIM>
      <EIM Name="health_percent" Permanent="1" HUDDesc="@ui_eim_health_percent">
        <Semantics HealthPercentInt="25" />
      </EIM>
      <EIM Name="forceshield_percent" Permanent="1" HUDDesc="@ui_eim_forceshield_percent">
        <Semantics ArmorPercentFloat="35" />
      </EIM>
      <EIM Name="statusailment_inflict_score_percent" Permanent="1" HUDDesc="@ui_eim_statusailment_inflict_score_percent">
        <Semantics CharacteristicScorePercentInt="50" />
      </EIM>
      <EIM Name="all_attribute_pts" Permanent="1" HUDDesc="@ui_eim_all_attribute_pts">
        <Semantics AttributeFlatInt="25" />
      </EIM>
    </MagicEffects>
    <Particles>
      <Particle Key="Permanent" VFXName="U_CommonVFX.Altars.Altars_Aura_01_Red" Direction="0,1,0" Offset="0,0,1.7" Scale="1" />
      <Particle Key="OnActivation" VFXName="U_CommonVFX.Altars.Altars_Activate_01_Red" Direction="0,1,0" Offset="0,0,0" Scale="1" />
      <Particle Key="OnDeactivation" VFXName="U_CommonVFX.Altars.Altars_Finish_01_Red" Direction="0,1,0" Offset="0,0,1.7" Scale="1.75" />
      <Particle Key="Mark" VFXName="U_CommonVFX.Altars.Monster_Indicator_01_Red" Direction="0,1,0" Scale="0.3" Offset="0,0,0" Bone="Bip01" />
      <Particle Key="MarkPlayer" VFXName="U_CommonVFX.Altars.Altars_Player_Buff_01" Direction="0,1,0" Scale="0.3" Offset="0,0,0" Bone="Bip01" />
      <Particle Key="PlayerBuff" VFXName="U_CommonVFX.Altars.Altars_BuffTake_01" Direction="0,1,0" Scale="1" Offset="0,0,0" Bone="Bip01" />
    </Particles>
  </Gambling>
  <Gambling PresetName="Gambling_Altar_A1_Necropolis2" Weight="1" MaxUses="1" TimeBetweenUses="5" DistanceEffect="45" PercentToDefeat="80" BuffDuration="20" SpawnRadius="15" MonsterModifier="0.5" ApplyOnMonsters="1" Geometry="objects/props/altar/Altar_Shrine.cgf" MinLevel="1" MaxLevel="10" MinCombatPoints="15" MaxCombatPoints="30" SpawnOffset="3,3,0" IconPath="">
    <Spawn Mode="Predefined">
      <SpawnClass SpawnClass="sc_Sty_ACT1_Necropolis2_CommonCC_1" Weight="1" />
      <SpawnClass SpawnClass="sc_Sty_ACT1_Necropolis2_CommonCC_2" Weight="1" />
      <SpawnClass SpawnClass="sc_Sty_ACT1_Necropolis2_CommonCC_3" Weight="1" />
    </Spawn>
    <MagicEffects>
      <EIM Name="movespeed" Permanent="1" HUDDesc="@ui_eim_move_speed">
        <Semantics SpeedPercentInt="70" />
      </EIM>
      <EIM Name="criticalchance_score_percent" Permanent="1" HUDDesc="@ui_eim_criticalchance_score_percent">
        <Semantics CharacteristicScorePercentInt="50" />
      </EIM>
      <EIM Name="criticaldamage_pts" Permanent="1" HUDDesc="@ui_eim_criticaldamage_pts">
        <Semantics DamagePercentInt="50" />
      </EIM>
      <EIM Name="damage_percent" Permanent="1" HUDDesc="@ui_eim_damage_percent">
        <Semantics DamagePercentInt="25" />
      </EIM>
      <EIM Name="all_resistance_score_percent" Permanent="1" HUDDesc="@ui_eim_all_resistance_score_percent">
        <Semantics CharacteristicScorePercentInt="20" />
      </EIM>
      <EIM Name="life_leech_percent_global" Permanent="1" HUDDesc="@ui_eim_life_leech_percent_global">
        <Semantics DamagePercentFloat="15" />
      </EIM>
      <EIM Name="health_percent" Permanent="1" HUDDesc="@ui_eim_health_percent">
        <Semantics HealthPercentInt="25" />
      </EIM>
      <EIM Name="forceshield_percent" Permanent="1" HUDDesc="@ui_eim_forceshield_percent">
        <Semantics ArmorPercentFloat="35" />
      </EIM>
      <EIM Name="statusailment_inflict_score_percent" Permanent="1" HUDDesc="@ui_eim_statusailment_inflict_score_percent">
        <Semantics CharacteristicScorePercentInt="50" />
      </EIM>
      <EIM Name="all_attribute_pts" Permanent="1" HUDDesc="@ui_eim_all_attribute_pts">
        <Semantics AttributeFlatInt="25" />
      </EIM>
    </MagicEffects>
    <Particles>
      <Particle Key="Permanent" VFXName="U_CommonVFX.Altars.Altars_Aura_01_Red" Direction="0,1,0" Offset="0,0,1.7" Scale="1" />
      <Particle Key="OnActivation" VFXName="U_CommonVFX.Altars.Altars_Activate_01_Red" Direction="0,1,0" Offset="0,0,0" Scale="1" />
      <Particle Key="OnDeactivation" VFXName="U_CommonVFX.Altars.Altars_Finish_01_Red" Direction="0,1,0" Offset="0,0,1.7" Scale="1.75" />
      <Particle Key="Mark" VFXName="U_CommonVFX.Altars.Monster_Indicator_01_Red" Direction="0,1,0" Scale="0.3" Offset="0,0,0" Bone="Bip01" />
      <Particle Key="MarkPlayer" VFXName="U_CommonVFX.Altars.Altars_Player_Buff_01" Direction="0,1,0" Scale="0.3" Offset="0,0,0" Bone="Bip01" />
      <Particle Key="PlayerBuff" VFXName="U_CommonVFX.Altars.Altars_BuffTake_01" Direction="0,1,0" Scale="1" Offset="0,0,0" Bone="Bip01" />
    </Particles>
  </Gambling>
  <Gambling PresetName="Gambling_Altar_A1_Necropolis3" Weight="1" MaxUses="1" TimeBetweenUses="5" DistanceEffect="45" PercentToDefeat="80" BuffDuration="20" SpawnRadius="15" MonsterModifier="0.5" ApplyOnMonsters="1" Geometry="objects/props/altar/Altar_Shrine.cgf" MinLevel="1" MaxLevel="10" MinCombatPoints="15" MaxCombatPoints="30" SpawnOffset="3,3,0" IconPath="">
    <Spawn Mode="Predefined">
      <SpawnClass SpawnClass="sc_Sty_ACT1_Necropolis2_CommonCC_1" Weight="1" />
      <SpawnClass SpawnClass="sc_Sty_ACT1_Necropolis2_CommonCC_2" Weight="1" />
      <SpawnClass SpawnClass="sc_Sty_ACT1_Necropolis2_CommonCC_3" Weight="1" />
    </Spawn>
    <MagicEffects>
      <EIM Name="movespeed" Permanent="1" HUDDesc="@ui_eim_move_speed">
        <Semantics SpeedPercentInt="70" />
      </EIM>
      <EIM Name="criticalchance_score_percent" Permanent="1" HUDDesc="@ui_eim_criticalchance_score_percent">
        <Semantics CharacteristicScorePercentInt="50" />
      </EIM>
      <EIM Name="criticaldamage_pts" Permanent="1" HUDDesc="@ui_eim_criticaldamage_pts">
        <Semantics DamagePercentInt="50" />
      </EIM>
      <EIM Name="damage_percent" Permanent="1" HUDDesc="@ui_eim_damage_percent">
        <Semantics DamagePercentInt="25" />
      </EIM>
      <EIM Name="all_resistance_score_percent" Permanent="1" HUDDesc="@ui_eim_all_resistance_score_percent">
        <Semantics CharacteristicScorePercentInt="20" />
      </EIM>
      <EIM Name="life_leech_percent_global" Permanent="1" HUDDesc="@ui_eim_life_leech_percent_global">
        <Semantics DamagePercentFloat="15" />
      </EIM>
      <EIM Name="health_percent" Permanent="1" HUDDesc="@ui_eim_health_percent">
        <Semantics HealthPercentInt="25" />
      </EIM>
      <EIM Name="forceshield_percent" Permanent="1" HUDDesc="@ui_eim_forceshield_percent">
        <Semantics ArmorPercentFloat="35" />
      </EIM>
      <EIM Name="statusailment_inflict_score_percent" Permanent="1" HUDDesc="@ui_eim_statusailment_inflict_score_percent">
        <Semantics CharacteristicScorePercentInt="50" />
      </EIM>
      <EIM Name="all_attribute_pts" Permanent="1" HUDDesc="@ui_eim_all_attribute_pts">
        <Semantics AttributeFlatInt="25" />
      </EIM>
    </MagicEffects>
    <Particles>
      <Particle Key="Permanent" VFXName="U_CommonVFX.Altars.Altars_Aura_01_Red" Direction="0,1,0" Offset="0,0,1.7" Scale="1" />
      <Particle Key="OnActivation" VFXName="U_CommonVFX.Altars.Altars_Activate_01_Red" Direction="0,1,0" Offset="0,0,0" Scale="1" />
      <Particle Key="OnDeactivation" VFXName="U_CommonVFX.Altars.Altars_Finish_01_Red" Direction="0,1,0" Offset="0,0,1.7" Scale="1.75" />
      <Particle Key="Mark" VFXName="U_CommonVFX.Altars.Monster_Indicator_01_Red" Direction="0,1,0" Scale="0.3" Offset="0,0,0" Bone="Bip01" />
      <Particle Key="MarkPlayer" VFXName="U_CommonVFX.Altars.Altars_Player_Buff_01" Direction="0,1,0" Scale="0.3" Offset="0,0,0" Bone="Bip01" />
      <Particle Key="PlayerBuff" VFXName="U_CommonVFX.Altars.Altars_BuffTake_01" Direction="0,1,0" Scale="1" Offset="0,0,0" Bone="Bip01" />
    </Particles>
  </Gambling>
  <Gambling PresetName="Gambling_Altar_A1_TPS1" Weight="1" MaxUses="1" TimeBetweenUses="5" DistanceEffect="45" PercentToDefeat="80" BuffDuration="20" SpawnRadius="15" MonsterModifier="0.5" ApplyOnMonsters="1" Geometry="objects/props/altar/Altar_Shrine.cgf" MinLevel="1" MaxLevel="10" MinCombatPoints="15" MaxCombatPoints="30" SpawnOffset="3,3,0" IconPath="">
    <Spawn Mode="Predefined">
      <SpawnClass SpawnClass="sc_Sty_ACT1_TPS1_CommonCC_1" Weight="1" />
      <SpawnClass SpawnClass="sc_Sty_ACT1_TPS1_CommonCC_2" Weight="1" />
    </Spawn>
    <MagicEffects>
      <EIM Name="movespeed" Permanent="1" HUDDesc="@ui_eim_move_speed">
        <Semantics SpeedPercentInt="70" />
      </EIM>
      <EIM Name="criticalchance_score_percent" Permanent="1" HUDDesc="@ui_eim_criticalchance_score_percent">
        <Semantics CharacteristicScorePercentInt="50" />
      </EIM>
      <EIM Name="criticaldamage_pts" Permanent="1" HUDDesc="@ui_eim_criticaldamage_pts">
        <Semantics DamagePercentInt="50" />
      </EIM>
      <EIM Name="damage_percent" Permanent="1" HUDDesc="@ui_eim_damage_percent">
        <Semantics DamagePercentInt="25" />
      </EIM>
      <EIM Name="all_resistance_score_percent" Permanent="1" HUDDesc="@ui_eim_all_resistance_score_percent">
        <Semantics CharacteristicScorePercentInt="20" />
      </EIM>
      <EIM Name="life_leech_percent_global" Permanent="1" HUDDesc="@ui_eim_life_leech_percent_global">
        <Semantics DamagePercentFloat="15" />
      </EIM>
      <EIM Name="health_percent" Permanent="1" HUDDesc="@ui_eim_health_percent">
        <Semantics HealthPercentInt="25" />
      </EIM>
      <EIM Name="forceshield_percent" Permanent="1" HUDDesc="@ui_eim_forceshield_percent">
        <Semantics ArmorPercentFloat="35" />
      </EIM>
      <EIM Name="statusailment_inflict_score_percent" Permanent="1" HUDDesc="@ui_eim_statusailment_inflict_score_percent">
        <Semantics CharacteristicScorePercentInt="50" />
      </EIM>
      <EIM Name="all_attribute_pts" Permanent="1" HUDDesc="@ui_eim_all_attribute_pts">
        <Semantics AttributeFlatInt="25" />
      </EIM>
    </MagicEffects>
    <Particles>
      <Particle Key="Permanent" VFXName="U_CommonVFX.Altars.Altars_Aura_01_Red" Direction="0,1,0" Offset="0,0,1.7" Scale="1" />
      <Particle Key="OnActivation" VFXName="U_CommonVFX.Altars.Altars_Activate_01_Red" Direction="0,1,0" Offset="0,0,0" Scale="1" />
      <Particle Key="OnDeactivation" VFXName="U_CommonVFX.Altars.Altars_Finish_01_Red" Direction="0,1,0" Offset="0,0,1.7" Scale="1.75" />
      <Particle Key="Mark" VFXName="U_CommonVFX.Altars.Monster_Indicator_01_Red" Direction="0,1,0" Scale="0.3" Offset="0,0,0" Bone="Bip01" />
      <Particle Key="MarkPlayer" VFXName="U_CommonVFX.Altars.Altars_Player_Buff_01" Direction="0,1,0" Scale="0.3" Offset="0,0,0" Bone="Bip01" />
      <Particle Key="PlayerBuff" VFXName="U_CommonVFX.Altars.Altars_BuffTake_01" Direction="0,1,0" Scale="1" Offset="0,0,0" Bone="Bip01" />
    </Particles>
  </Gambling>
  <Gambling PresetName="Gambling_Altar_A1_TPS2" Weight="1" MaxUses="1" TimeBetweenUses="5" DistanceEffect="45" PercentToDefeat="80" BuffDuration="20" SpawnRadius="15" MonsterModifier="0.5" ApplyOnMonsters="1" Geometry="objects/props/altar/Altar_Shrine.cgf" MinLevel="1" MaxLevel="10" MinCombatPoints="15" MaxCombatPoints="30" SpawnOffset="3,3,0" IconPath="">
    <Spawn Mode="Predefined">
      <SpawnClass SpawnClass="sc_Sty_ACT1_TPS2_CommonCC_1" Weight="1" />
      <SpawnClass SpawnClass="sc_Sty_ACT1_TPS2_CommonCC_2" Weight="1" />
    </Spawn>
    <MagicEffects>
      <EIM Name="movespeed" Permanent="1" HUDDesc="@ui_eim_move_speed">
        <Semantics SpeedPercentInt="70" />
      </EIM>
      <EIM Name="criticalchance_score_percent" Permanent="1" HUDDesc="@ui_eim_criticalchance_score_percent">
        <Semantics CharacteristicScorePercentInt="50" />
      </EIM>
      <EIM Name="criticaldamage_pts" Permanent="1" HUDDesc="@ui_eim_criticaldamage_pts">
        <Semantics DamagePercentInt="50" />
      </EIM>
      <EIM Name="damage_percent" Permanent="1" HUDDesc="@ui_eim_damage_percent">
        <Semantics DamagePercentInt="25" />
      </EIM>
      <EIM Name="all_resistance_score_percent" Permanent="1" HUDDesc="@ui_eim_all_resistance_score_percent">
        <Semantics CharacteristicScorePercentInt="20" />
      </EIM>
      <EIM Name="life_leech_percent_global" Permanent="1" HUDDesc="@ui_eim_life_leech_percent_global">
        <Semantics DamagePercentFloat="15" />
      </EIM>
      <EIM Name="health_percent" Permanent="1" HUDDesc="@ui_eim_health_percent">
        <Semantics HealthPercentInt="25" />
      </EIM>
      <EIM Name="forceshield_percent" Permanent="1" HUDDesc="@ui_eim_forceshield_percent">
        <Semantics ArmorPercentFloat="35" />
      </EIM>
      <EIM Name="statusailment_inflict_score_percent" Permanent="1" HUDDesc="@ui_eim_statusailment_inflict_score_percent">
        <Semantics CharacteristicScorePercentInt="50" />
      </EIM>
      <EIM Name="all_attribute_pts" Permanent="1" HUDDesc="@ui_eim_all_attribute_pts">
        <Semantics AttributeFlatInt="25" />
      </EIM>
    </MagicEffects>
    <Particles>
      <Particle Key="Permanent" VFXName="U_CommonVFX.Altars.Altars_Aura_01_Red" Direction="0,1,0" Offset="0,0,1.7" Scale="1" />
      <Particle Key="OnActivation" VFXName="U_CommonVFX.Altars.Altars_Activate_01_Red" Direction="0,1,0" Offset="0,0,0" Scale="1" />
      <Particle Key="OnDeactivation" VFXName="U_CommonVFX.Altars.Altars_Finish_01_Red" Direction="0,1,0" Offset="0,0,1.7" Scale="1.75" />
      <Particle Key="Mark" VFXName="U_CommonVFX.Altars.Monster_Indicator_01_Red" Direction="0,1,0" Scale="0.3" Offset="0,0,0" Bone="Bip01" />
      <Particle Key="MarkPlayer" VFXName="U_CommonVFX.Altars.Altars_Player_Buff_01" Direction="0,1,0" Scale="0.3" Offset="0,0,0" Bone="Bip01" />
      <Particle Key="PlayerBuff" VFXName="U_CommonVFX.Altars.Altars_BuffTake_01" Direction="0,1,0" Scale="1" Offset="0,0,0" Bone="Bip01" />
    </Particles>
  </Gambling>
  <Gambling PresetName="Gambling_Altar_A1_TPS3" Weight="1" MaxUses="1" TimeBetweenUses="5" DistanceEffect="45" PercentToDefeat="80" BuffDuration="20" SpawnRadius="15" MonsterModifier="0.5" ApplyOnMonsters="1" Geometry="objects/props/altar/Altar_Shrine.cgf" MinLevel="1" MaxLevel="10" MinCombatPoints="15" MaxCombatPoints="30" SpawnOffset="3,3,0" IconPath="">
    <Spawn Mode="Predefined">
      <SpawnClass SpawnClass="sc_Sty_ACT1_TPS3_CommonCC_1" Weight="1" />
      <SpawnClass SpawnClass="sc_Sty_ACT1_TPS3_CommonCC_2" Weight="1" />
    </Spawn>
    <MagicEffects>
      <EIM Name="movespeed" Permanent="1" HUDDesc="@ui_eim_move_speed">
        <Semantics SpeedPercentInt="70" />
      </EIM>
      <EIM Name="criticalchance_score_percent" Permanent="1" HUDDesc="@ui_eim_criticalchance_score_percent">
        <Semantics CharacteristicScorePercentInt="50" />
      </EIM>
      <EIM Name="criticaldamage_pts" Permanent="1" HUDDesc="@ui_eim_criticaldamage_pts">
        <Semantics DamagePercentInt="50" />
      </EIM>
      <EIM Name="damage_percent" Permanent="1" HUDDesc="@ui_eim_damage_percent">
        <Semantics DamagePercentInt="25" />
      </EIM>
      <EIM Name="all_resistance_score_percent" Permanent="1" HUDDesc="@ui_eim_all_resistance_score_percent">
        <Semantics CharacteristicScorePercentInt="20" />
      </EIM>
      <EIM Name="life_leech_percent_global" Permanent="1" HUDDesc="@ui_eim_life_leech_percent_global">
        <Semantics DamagePercentFloat="15" />
      </EIM>
      <EIM Name="health_percent" Permanent="1" HUDDesc="@ui_eim_health_percent">
        <Semantics HealthPercentInt="25" />
      </EIM>
      <EIM Name="forceshield_percent" Permanent="1" HUDDesc="@ui_eim_forceshield_percent">
        <Semantics ArmorPercentFloat="35" />
      </EIM>
      <EIM Name="statusailment_inflict_score_percent" Permanent="1" HUDDesc="@ui_eim_statusailment_inflict_score_percent">
        <Semantics CharacteristicScorePercentInt="50" />
      </EIM>
      <EIM Name="all_attribute_pts" Permanent="1" HUDDesc="@ui_eim_all_attribute_pts">
        <Semantics AttributeFlatInt="25" />
      </EIM>
    </MagicEffects>
    <Particles>
      <Particle Key="Permanent" VFXName="U_CommonVFX.Altars.Altars_Aura_01_Red" Direction="0,1,0" Offset="0,0,1.7" Scale="1" />
      <Particle Key="OnActivation" VFXName="U_CommonVFX.Altars.Altars_Activate_01_Red" Direction="0,1,0" Offset="0,0,0" Scale="1" />
      <Particle Key="OnDeactivation" VFXName="U_CommonVFX.Altars.Altars_Finish_01_Red" Direction="0,1,0" Offset="0,0,1.7" Scale="1.75" />
      <Particle Key="Mark" VFXName="U_CommonVFX.Altars.Monster_Indicator_01_Red" Direction="0,1,0" Scale="0.3" Offset="0,0,0" Bone="Bip01" />
      <Particle Key="MarkPlayer" VFXName="U_CommonVFX.Altars.Altars_Player_Buff_01" Direction="0,1,0" Scale="0.3" Offset="0,0,0" Bone="Bip01" />
      <Particle Key="PlayerBuff" VFXName="U_CommonVFX.Altars.Altars_BuffTake_01" Direction="0,1,0" Scale="1" Offset="0,0,0" Bone="Bip01" />
    </Particles>
  </Gambling>
</GamblingAltarPresets>