<MetaData>
  <MonsterManager Name="MM_Beta_Farmsteads_Adventure">
    <DesignParams GroupValueModifierPercent="60" GroupValueDispersionPercent="20" HConstraint_CountThreshold="3" HConstraint_TriggerFactorPercent="30" CConstraint_CountThreshold="3" CConstraint_TriggerFactorPercent="50">
      <ActivationTriggers>
        <Entry Percentage="100" Factor="1.1" />
      </ActivationTriggers>
      <SpreadMode SpreadPercent="5" PackPercent="75" />
    </DesignParams>
    <CombatPointsRepartition Mode="fixed" CP="820" DefaultSpawnerSpawnRadius="15" DefaultSpawnerTriggerHeight="10" />
    <Categories>
      <Entry Category="W" SpawnClassFamily="AdventureMode_NPC1_SvriirLand" MandatoryContentKeywords="weak,trash" />
      <Entry Category="T" SpawnClassFamily="AdventureMode_NPC1_SvriirLand" MandatoryContentKeywords="trash" />
      <Entry Category="H" SpawnClassFamily="AdventureMode_NPC1_SvriirLand" MandatoryContentKeywords="heavy" />
      <Entry Category="L" SpawnClassFamily="AdventureMode_NPC1_SvriirLand" MandatoryContentKeywords="lieutenant" />
      <Entry Category="E" SpawnClassFamily="AdventureMode_NPC1_SvriirLand" MandatoryContentKeywords="elite" />
    </Categories>
    <RMP>
      <Entry Category="W" Percentage="20" />
      <Entry Category="T" Percentage="40" />
      <Entry Category="H" Percentage="15" />
      <Entry Category="L" Percentage="25" />
      <Entry Category="E" Percentage="" />
    </RMP>
    <AdditiveEvents>
      <Event>
        <AdditiveTriggerParams Mode="auto" CPMin="100" CPMax="100" PercentageDispersion="25" />
        <EventChoices>
          <EventChoice Weight="22" ThresholdMode="fixed" ThresholdMax="0" ThresholdMin="0" BossRank="champion" />
          <EventChoice Weight="20" ThresholdMode="fixed" ThresholdMax="0" ThresholdMin="0" BossRank="champion" Category="L" Category_EntityMin="3" Category_EntityMax="3" />
          <EventChoice Weight="17" ThresholdMode="fixed" ThresholdMax="0" ThresholdMin="0" BossRank="Lord" Category="L" Category_EntityMin="2" Category_EntityMax="2" />
          <EventChoice Weight="17" ThresholdMode="fixed" ThresholdMax="0" ThresholdMin="0" BossRank="" Category="E" Category_EntityMin="1" Category_EntityMax="1" />
          <EventChoice Weight="11" ThresholdMode="fixed" ThresholdMax="0" ThresholdMin="0" BossRank="champion" Category="E" Category_EntityMin="1" Category_EntityMax="1" />
          <EventChoice Weight="8" ThresholdMode="fixed" ThresholdMax="0" ThresholdMin="0" BossRank="Lord" Category="E" Category_EntityMin="1" Category_EntityMax="1" />
          <EventChoice Weight="5" ThresholdMode="fixed" ThresholdMax="0" ThresholdMin="0" BossRank="Elder" Category="E" Category_EntityMin="1" Category_EntityMax="1" />
        </EventChoices>
      </Event>
    </AdditiveEvents>
    <Constraints>
      <Limitation_ByName AIName="outlaws_kennelmaster" MaxNumberInGroup="1" />
      <Limitation_ByName AIName="svriir_beta_spawner" MaxNumberInGroup="1" />
      <Limitation_ByName AIName="cultofsouls_lanternbearer" MaxNumberInGroup="1" />
      <Limitation_ByName AIName="cultofsouls_specter" MaxNumberInGroup="1" />
      <Limitation_ByKeyword AIKeyword="summoner" MaxNumberInGroup="2" />
      <Limitation_ByKeyword AIKeyword="lieutenant" MaxNumberInGroup="3" />
      <Limitation_ByKeyword AIKeyword="elite" MaxNumberInGroup="1" />
      <Limitation_ByKeyword AIKeyword="heavy" MaxNumberInGroup="3" />
      <Diversity_SingleCategory_SingleMonster Percentage="10" Category="T" />
      <Diversity_SingleCategory_SingleMonster Percentage="10" Category="W" />
      <Diversity_SingleCategory_SingleMonster Percentage="5" Category="H" />
      <Diversity_SingleCategory_SingleMonster Percentage="5" Category="L" />
    </Constraints>
    <SpawnPatterns>
      <Ambush Percentage="5" TriggerRadiusOverride="5" BaseSpawnRadiusOverride="15" DelayBeforeFirstSpawn="0" DelayBetweenMonsterSpawn="0.1" SpawnCountPerTick="1" />
      <SurroundingAssault Percentage="5" TriggerRadiusOverride="15" SpawnRadiusMin="7" SpawnRadiusMax="9" DelayBeforeFirstSpawn="0" DelayBetweenMonsterSpawn="0.1" SpawnCountPerTick="1" />
      <ReinforcementGroup Percentage="5" GroupCountMin="1" GroupCountMax="2" Category="T" Category_CPMin="6" Category_CPMax="10" DelayBeforeFirstSpawn="1" DelayBetweenGroups="2.5" DelayBetweenMonsterSpawn="0.1" SpawnDistanceFromPlayer="20" SpawnCountPerTick="1" />
      <ReinforcementGroup Percentage="5" GroupCountMin="1" GroupCountMax="3" Category="W" Category_CPMin="6" Category_CPMax="8" DelayBeforeFirstSpawn="1" DelayBetweenGroups="3" DelayBetweenMonsterSpawn="0.1" SpawnDistanceFromPlayer="20" SpawnCountPerTick="1" />
      <ReinforcementGroup Percentage="5" GroupCountMin="1" GroupCountMax="2" Category="H" Category_CPMin="4" Category_CPMax="6" DelayBeforeFirstSpawn="1" DelayBetweenGroups="3" DelayBetweenMonsterSpawn="0.1" SpawnDistanceFromPlayer="20" SpawnCountPerTick="1" />
    </SpawnPatterns>
  </MonsterManager>
  <MonsterManager Name="MM_Beta_BanditOutpost_Adventure">
    <DesignParams GroupValueModifierPercent="60" GroupValueDispersionPercent="20" HConstraint_CountThreshold="3" HConstraint_TriggerFactorPercent="30" CConstraint_CountThreshold="3" CConstraint_TriggerFactorPercent="50">
      <ActivationTriggers>
        <Entry Percentage="100" Factor="1.1" />
      </ActivationTriggers>
      <SpreadMode SpreadPercent="5" PackPercent="75" />
    </DesignParams>
    <CombatPointsRepartition Mode="fixed" CP="540" DefaultSpawnerSpawnRadius="15" DefaultSpawnerTriggerHeight="10" />
    <Categories>
      <Entry Category="W" SpawnClassFamily="AdventureMode_NPC1_Outlaw" MandatoryContentKeywords="weak,trash" />
      <Entry Category="T" SpawnClassFamily="AdventureMode_NPC1_Outlaw" MandatoryContentKeywords="trash" />
      <Entry Category="H" SpawnClassFamily="AdventureMode_NPC1_Outlaw" MandatoryContentKeywords="heavy" />
      <Entry Category="L" SpawnClassFamily="AdventureMode_NPC1_Outlaw" MandatoryContentKeywords="lieutenant" />
      <Entry Category="E" SpawnClassFamily="AdventureMode_NPC1_Outlaw" MandatoryContentKeywords="elite" />
    </Categories>
    <RMP>
      <Entry Category="W" Percentage="20" />
      <Entry Category="T" Percentage="40" />
      <Entry Category="H" Percentage="15" />
      <Entry Category="L" Percentage="25" />
      <Entry Category="E" Percentage="" />
    </RMP>
    <AdditiveEvents>
      <Event>
        <AdditiveTriggerParams Mode="auto" CPMin="100" CPMax="100" PercentageDispersion="25" />
        <EventChoices>
          <EventChoice Weight="22" ThresholdMode="fixed" ThresholdMax="0" ThresholdMin="0" BossRank="champion" />
          <EventChoice Weight="20" ThresholdMode="fixed" ThresholdMax="0" ThresholdMin="0" BossRank="champion" Category="L" Category_EntityMin="3" Category_EntityMax="3" />
          <EventChoice Weight="17" ThresholdMode="fixed" ThresholdMax="0" ThresholdMin="0" BossRank="Lord" Category="L" Category_EntityMin="2" Category_EntityMax="2" />
          <EventChoice Weight="17" ThresholdMode="fixed" ThresholdMax="0" ThresholdMin="0" BossRank="" Category="E" Category_EntityMin="1" Category_EntityMax="1" />
          <EventChoice Weight="11" ThresholdMode="fixed" ThresholdMax="0" ThresholdMin="0" BossRank="champion" Category="E" Category_EntityMin="1" Category_EntityMax="1" />
          <EventChoice Weight="8" ThresholdMode="fixed" ThresholdMax="0" ThresholdMin="0" BossRank="Lord" Category="E" Category_EntityMin="1" Category_EntityMax="1" />
          <EventChoice Weight="5" ThresholdMode="fixed" ThresholdMax="0" ThresholdMin="0" BossRank="Elder" Category="E" Category_EntityMin="1" Category_EntityMax="1" />
        </EventChoices>
      </Event>
    </AdditiveEvents>
    <Constraints>
      <Limitation_ByName AIName="outlaws_kennelmaster" MaxNumberInGroup="1" />
      <Limitation_ByName AIName="svriir_beta_spawner" MaxNumberInGroup="1" />
      <Limitation_ByName AIName="cultofsouls_lanternbearer" MaxNumberInGroup="1" />
      <Limitation_ByName AIName="cultofsouls_specter" MaxNumberInGroup="1" />
      <Limitation_ByKeyword AIKeyword="summoner" MaxNumberInGroup="2" />
      <Limitation_ByKeyword AIKeyword="lieutenant" MaxNumberInGroup="3" />
      <Limitation_ByKeyword AIKeyword="elite" MaxNumberInGroup="1" />
      <Limitation_ByKeyword AIKeyword="heavy" MaxNumberInGroup="3" />
      <Diversity_SingleCategory_SingleMonster Percentage="10" Category="T" />
      <Diversity_SingleCategory_SingleMonster Percentage="10" Category="W" />
      <Diversity_SingleCategory_SingleMonster Percentage="5" Category="H" />
      <Diversity_SingleCategory_SingleMonster Percentage="5" Category="L" />
    </Constraints>
    <SpawnPatterns>
      <Ambush Percentage="5" TriggerRadiusOverride="5" BaseSpawnRadiusOverride="15" DelayBeforeFirstSpawn="0" DelayBetweenMonsterSpawn="0.1" SpawnCountPerTick="1" />
      <SurroundingAssault Percentage="5" TriggerRadiusOverride="15" SpawnRadiusMin="7" SpawnRadiusMax="9" DelayBeforeFirstSpawn="0" DelayBetweenMonsterSpawn="0.1" SpawnCountPerTick="1" />
      <ReinforcementGroup Percentage="5" GroupCountMin="1" GroupCountMax="2" Category="T" Category_CPMin="6" Category_CPMax="10" DelayBeforeFirstSpawn="1" DelayBetweenGroups="2.5" DelayBetweenMonsterSpawn="0.1" SpawnDistanceFromPlayer="20" SpawnCountPerTick="1" />
      <ReinforcementGroup Percentage="5" GroupCountMin="1" GroupCountMax="3" Category="W" Category_CPMin="6" Category_CPMax="8" DelayBeforeFirstSpawn="1" DelayBetweenGroups="3" DelayBetweenMonsterSpawn="0.1" SpawnDistanceFromPlayer="20" SpawnCountPerTick="1" />
      <ReinforcementGroup Percentage="5" GroupCountMin="1" GroupCountMax="2" Category="H" Category_CPMin="4" Category_CPMax="6" DelayBeforeFirstSpawn="1" DelayBetweenGroups="3" DelayBetweenMonsterSpawn="0.1" SpawnDistanceFromPlayer="20" SpawnCountPerTick="1" />
    </SpawnPatterns>
  </MonsterManager>
  <MonsterManager Name="MM_Beta_GloomValleyPart1_Adventure">
    <DesignParams GroupValueModifierPercent="60" GroupValueDispersionPercent="20" HConstraint_CountThreshold="3" HConstraint_TriggerFactorPercent="30" CConstraint_CountThreshold="3" CConstraint_TriggerFactorPercent="50">
      <ActivationTriggers>
        <Entry Percentage="100" Factor="1.1" />
      </ActivationTriggers>
      <SpreadMode SpreadPercent="5" PackPercent="75" />
    </DesignParams>
    <CombatPointsRepartition Mode="fixed" CP="820" DefaultSpawnerSpawnRadius="15" DefaultSpawnerTriggerHeight="10" />
    <Categories>
      <Entry Category="W" SpawnClassFamily="AdventureMode_NPC1_Outlaw" MandatoryContentKeywords="weak,trash" />
      <Entry Category="T" SpawnClassFamily="AdventureMode_NPC1_Outlaw" MandatoryContentKeywords="trash" />
      <Entry Category="H" SpawnClassFamily="AdventureMode_NPC1_Outlaw" MandatoryContentKeywords="heavy" />
      <Entry Category="L" SpawnClassFamily="AdventureMode_NPC1_Outlaw" MandatoryContentKeywords="lieutenant" />
      <Entry Category="E" SpawnClassFamily="AdventureMode_NPC1_Outlaw" MandatoryContentKeywords="elite" />
    </Categories>
    <RMP>
      <Entry Category="W" Percentage="20" />
      <Entry Category="T" Percentage="40" />
      <Entry Category="H" Percentage="15" />
      <Entry Category="L" Percentage="25" />
      <Entry Category="E" Percentage="" />
    </RMP>
    <AdditiveEvents>
      <Event>
        <AdditiveTriggerParams Mode="auto" CPMin="100" CPMax="100" PercentageDispersion="25" />
        <EventChoices>
          <EventChoice Weight="22" ThresholdMode="fixed" ThresholdMax="0" ThresholdMin="0" BossRank="champion" />
          <EventChoice Weight="20" ThresholdMode="fixed" ThresholdMax="0" ThresholdMin="0" BossRank="champion" Category="L" Category_EntityMin="3" Category_EntityMax="3" />
          <EventChoice Weight="17" ThresholdMode="fixed" ThresholdMax="0" ThresholdMin="0" BossRank="Lord" Category="L" Category_EntityMin="2" Category_EntityMax="2" />
          <EventChoice Weight="17" ThresholdMode="fixed" ThresholdMax="0" ThresholdMin="0" BossRank="" Category="E" Category_EntityMin="1" Category_EntityMax="1" />
          <EventChoice Weight="11" ThresholdMode="fixed" ThresholdMax="0" ThresholdMin="0" BossRank="champion" Category="E" Category_EntityMin="1" Category_EntityMax="1" />
          <EventChoice Weight="8" ThresholdMode="fixed" ThresholdMax="0" ThresholdMin="0" BossRank="Lord" Category="E" Category_EntityMin="1" Category_EntityMax="1" />
          <EventChoice Weight="5" ThresholdMode="fixed" ThresholdMax="0" ThresholdMin="0" BossRank="Elder" Category="E" Category_EntityMin="1" Category_EntityMax="1" />
        </EventChoices>
      </Event>
    </AdditiveEvents>
    <Constraints>
      <Limitation_ByName AIName="outlaws_kennelmaster" MaxNumberInGroup="1" />
      <Limitation_ByName AIName="svriir_beta_spawner" MaxNumberInGroup="1" />
      <Limitation_ByName AIName="cultofsouls_lanternbearer" MaxNumberInGroup="1" />
      <Limitation_ByName AIName="cultofsouls_specter" MaxNumberInGroup="1" />
      <Limitation_ByKeyword AIKeyword="lieutenant" MaxNumberInGroup="3" />
      <Limitation_ByKeyword AIKeyword="elite" MaxNumberInGroup="1" />
      <Limitation_ByKeyword AIKeyword="heavy" MaxNumberInGroup="3" />
      <Limitation_ByKeyword AIKeyword="summoner" MaxNumberInGroup="2" />
      <Diversity_SingleCategory_SingleMonster Percentage="10" Category="T" />
      <Diversity_SingleCategory_SingleMonster Percentage="10" Category="W" />
      <Diversity_SingleCategory_SingleMonster Percentage="5" Category="H" />
      <Diversity_SingleCategory_SingleMonster Percentage="5" Category="L" />
    </Constraints>
    <SpawnPatterns>
      <Ambush Percentage="5" TriggerRadiusOverride="5" BaseSpawnRadiusOverride="15" DelayBeforeFirstSpawn="0" DelayBetweenMonsterSpawn="0.1" SpawnCountPerTick="1" />
      <SurroundingAssault Percentage="5" TriggerRadiusOverride="15" SpawnRadiusMin="7" SpawnRadiusMax="9" DelayBeforeFirstSpawn="0" DelayBetweenMonsterSpawn="0.1" SpawnCountPerTick="1" />
      <ReinforcementGroup Percentage="5" GroupCountMin="1" GroupCountMax="2" Category="T" Category_CPMin="6" Category_CPMax="10" DelayBeforeFirstSpawn="1" DelayBetweenGroups="2.5" DelayBetweenMonsterSpawn="0.1" SpawnDistanceFromPlayer="20" SpawnCountPerTick="1" />
      <ReinforcementGroup Percentage="5" GroupCountMin="1" GroupCountMax="3" Category="W" Category_CPMin="6" Category_CPMax="8" DelayBeforeFirstSpawn="1" DelayBetweenGroups="3" DelayBetweenMonsterSpawn="0.1" SpawnDistanceFromPlayer="20" SpawnCountPerTick="1" />
      <ReinforcementGroup Percentage="5" GroupCountMin="1" GroupCountMax="2" Category="H" Category_CPMin="4" Category_CPMax="6" DelayBeforeFirstSpawn="1" DelayBetweenGroups="3" DelayBetweenMonsterSpawn="0.1" SpawnDistanceFromPlayer="20" SpawnCountPerTick="1" />
    </SpawnPatterns>
  </MonsterManager>
  <MonsterManager Name="MM_Beta_GloomValleyPart2_Adventure">
    <DesignParams GroupValueModifierPercent="60" GroupValueDispersionPercent="20" HConstraint_CountThreshold="3" HConstraint_TriggerFactorPercent="30" CConstraint_CountThreshold="3" CConstraint_TriggerFactorPercent="50">
      <ActivationTriggers>
        <Entry Percentage="100" Factor="1.1" />
      </ActivationTriggers>
      <SpreadMode SpreadPercent="5" PackPercent="75" />
    </DesignParams>
    <CombatPointsRepartition Mode="fixed" CP="450" DefaultSpawnerSpawnRadius="15" DefaultSpawnerTriggerHeight="10" />
    <Categories>
      <Entry Category="W" SpawnClassFamily="AdventureMode_NPC1_Outlaw" MandatoryContentKeywords="weak,trash" />
      <Entry Category="T" SpawnClassFamily="AdventureMode_NPC1_Outlaw" MandatoryContentKeywords="trash" />
      <Entry Category="H" SpawnClassFamily="AdventureMode_NPC1_Outlaw" MandatoryContentKeywords="heavy" />
      <Entry Category="L" SpawnClassFamily="AdventureMode_NPC1_Outlaw" MandatoryContentKeywords="lieutenant" />
      <Entry Category="E" SpawnClassFamily="AdventureMode_NPC1_Outlaw" MandatoryContentKeywords="elite" />
    </Categories>
    <RMP>
      <Entry Category="W" Percentage="20" />
      <Entry Category="T" Percentage="40" />
      <Entry Category="H" Percentage="15" />
      <Entry Category="L" Percentage="25" />
      <Entry Category="E" Percentage="" />
    </RMP>
    <AdditiveEvents>
      <Event>
        <AdditiveTriggerParams Mode="auto" CPMin="100" CPMax="100" PercentageDispersion="25" />
        <EventChoices>
          <EventChoice Weight="22" ThresholdMode="fixed" ThresholdMax="0" ThresholdMin="0" BossRank="champion" />
          <EventChoice Weight="20" ThresholdMode="fixed" ThresholdMax="0" ThresholdMin="0" BossRank="champion" Category="L" Category_EntityMin="3" Category_EntityMax="3" />
          <EventChoice Weight="17" ThresholdMode="fixed" ThresholdMax="0" ThresholdMin="0" BossRank="Lord" Category="L" Category_EntityMin="2" Category_EntityMax="2" />
          <EventChoice Weight="17" ThresholdMode="fixed" ThresholdMax="0" ThresholdMin="0" BossRank="" Category="E" Category_EntityMin="1" Category_EntityMax="1" />
          <EventChoice Weight="11" ThresholdMode="fixed" ThresholdMax="0" ThresholdMin="0" BossRank="champion" Category="E" Category_EntityMin="1" Category_EntityMax="1" />
          <EventChoice Weight="8" ThresholdMode="fixed" ThresholdMax="0" ThresholdMin="0" BossRank="Lord" Category="E" Category_EntityMin="1" Category_EntityMax="1" />
          <EventChoice Weight="5" ThresholdMode="fixed" ThresholdMax="0" ThresholdMin="0" BossRank="Elder" Category="E" Category_EntityMin="1" Category_EntityMax="1" />
        </EventChoices>
      </Event>
    </AdditiveEvents>
    <Constraints>
      <Limitation_ByName AIName="outlaws_kennelmaster" MaxNumberInGroup="1" />
      <Limitation_ByName AIName="svriir_beta_spawner" MaxNumberInGroup="1" />
      <Limitation_ByName AIName="cultofsouls_lanternbearer" MaxNumberInGroup="1" />
      <Limitation_ByName AIName="cultofsouls_specter" MaxNumberInGroup="1" />
      <Limitation_ByKeyword AIKeyword="lieutenant" MaxNumberInGroup="3" />
      <Limitation_ByKeyword AIKeyword="elite" MaxNumberInGroup="1" />
      <Limitation_ByKeyword AIKeyword="heavy" MaxNumberInGroup="3" />
      <Limitation_ByKeyword AIKeyword="summoner" MaxNumberInGroup="2" />
      <Diversity_SingleCategory_SingleMonster Percentage="10" Category="T" />
      <Diversity_SingleCategory_SingleMonster Percentage="10" Category="W" />
      <Diversity_SingleCategory_SingleMonster Percentage="5" Category="H" />
      <Diversity_SingleCategory_SingleMonster Percentage="5" Category="L" />
    </Constraints>
    <SpawnPatterns>
      <Ambush Percentage="5" TriggerRadiusOverride="5" BaseSpawnRadiusOverride="15" DelayBeforeFirstSpawn="0" DelayBetweenMonsterSpawn="0.1" SpawnCountPerTick="1" />
      <SurroundingAssault Percentage="5" TriggerRadiusOverride="15" SpawnRadiusMin="7" SpawnRadiusMax="9" DelayBeforeFirstSpawn="0" DelayBetweenMonsterSpawn="0.1" SpawnCountPerTick="1" />
      <ReinforcementGroup Percentage="5" GroupCountMin="1" GroupCountMax="2" Category="T" Category_CPMin="6" Category_CPMax="10" DelayBeforeFirstSpawn="1" DelayBetweenGroups="2.5" DelayBetweenMonsterSpawn="0.1" SpawnDistanceFromPlayer="20" SpawnCountPerTick="1" />
      <ReinforcementGroup Percentage="5" GroupCountMin="1" GroupCountMax="3" Category="W" Category_CPMin="6" Category_CPMax="8" DelayBeforeFirstSpawn="1" DelayBetweenGroups="3" DelayBetweenMonsterSpawn="0.1" SpawnDistanceFromPlayer="20" SpawnCountPerTick="1" />
      <ReinforcementGroup Percentage="5" GroupCountMin="1" GroupCountMax="2" Category="H" Category_CPMin="4" Category_CPMax="6" DelayBeforeFirstSpawn="1" DelayBetweenGroups="3" DelayBetweenMonsterSpawn="0.1" SpawnDistanceFromPlayer="20" SpawnCountPerTick="1" />
    </SpawnPatterns>
  </MonsterManager>
  <MonsterManager Name="MM_Beta_NecropolisPart1_Adventure">
    <DesignParams GroupValueModifierPercent="60" GroupValueDispersionPercent="20" HConstraint_CountThreshold="3" HConstraint_TriggerFactorPercent="30" CConstraint_CountThreshold="3" CConstraint_TriggerFactorPercent="50">
      <ActivationTriggers>
        <Entry Percentage="100" Factor="1.1" />
      </ActivationTriggers>
      <SpreadMode SpreadPercent="5" PackPercent="75" />
    </DesignParams>
    <CombatPointsRepartition Mode="fixed" CP="340" DefaultSpawnerSpawnRadius="15" DefaultSpawnerTriggerHeight="10" />
    <Categories>
      <Entry Category="W" SpawnClassFamily="AdventureMode_NPC1_COSUndead" MandatoryContentKeywords="weak,trash" />
      <Entry Category="T" SpawnClassFamily="AdventureMode_NPC1_COSUndead" MandatoryContentKeywords="trash" />
      <Entry Category="H" SpawnClassFamily="AdventureMode_NPC1_COSUndead" MandatoryContentKeywords="heavy" />
      <Entry Category="L" SpawnClassFamily="AdventureMode_NPC1_COSUndead" MandatoryContentKeywords="lieutenant" />
      <Entry Category="E" SpawnClassFamily="AdventureMode_NPC1_COSUndead" MandatoryContentKeywords="elite" />
    </Categories>
    <RMP>
      <Entry Category="W" Percentage="20" />
      <Entry Category="T" Percentage="40" />
      <Entry Category="H" Percentage="15" />
      <Entry Category="L" Percentage="25" />
      <Entry Category="E" Percentage="" />
    </RMP>
    <AdditiveEvents>
      <Event>
        <AdditiveTriggerParams Mode="auto" CPMin="100" CPMax="100" PercentageDispersion="25" />
        <EventChoices>
          <EventChoice Weight="22" ThresholdMode="fixed" ThresholdMax="0" ThresholdMin="0" BossRank="champion" />
          <EventChoice Weight="20" ThresholdMode="fixed" ThresholdMax="0" ThresholdMin="0" BossRank="champion" Category="L" Category_EntityMin="3" Category_EntityMax="3" />
          <EventChoice Weight="17" ThresholdMode="fixed" ThresholdMax="0" ThresholdMin="0" BossRank="Lord" Category="L" Category_EntityMin="2" Category_EntityMax="2" />
          <EventChoice Weight="17" ThresholdMode="fixed" ThresholdMax="0" ThresholdMin="0" BossRank="" Category="E" Category_EntityMin="1" Category_EntityMax="1" />
          <EventChoice Weight="11" ThresholdMode="fixed" ThresholdMax="0" ThresholdMin="0" BossRank="champion" Category="E" Category_EntityMin="1" Category_EntityMax="1" />
          <EventChoice Weight="8" ThresholdMode="fixed" ThresholdMax="0" ThresholdMin="0" BossRank="Lord" Category="E" Category_EntityMin="1" Category_EntityMax="1" />
          <EventChoice Weight="5" ThresholdMode="fixed" ThresholdMax="0" ThresholdMin="0" BossRank="Elder" Category="E" Category_EntityMin="1" Category_EntityMax="1" />
        </EventChoices>
      </Event>
    </AdditiveEvents>
    <Constraints>
      <Limitation_ByName AIName="outlaws_kennelmaster" MaxNumberInGroup="1" />
      <Limitation_ByName AIName="svriir_beta_spawner" MaxNumberInGroup="1" />
      <Limitation_ByName AIName="cultofsouls_lanternbearer" MaxNumberInGroup="1" />
      <Limitation_ByName AIName="cultofsouls_specter" MaxNumberInGroup="1" />
      <Limitation_ByKeyword AIKeyword="lieutenant" MaxNumberInGroup="3" />
      <Limitation_ByKeyword AIKeyword="elite" MaxNumberInGroup="1" />
      <Limitation_ByKeyword AIKeyword="heavy" MaxNumberInGroup="3" />
      <Limitation_ByKeyword AIKeyword="summoner" MaxNumberInGroup="2" />
      <Diversity_SingleCategory_SingleMonster Percentage="10" Category="T" />
      <Diversity_SingleCategory_SingleMonster Percentage="10" Category="W" />
      <Diversity_SingleCategory_SingleMonster Percentage="5" Category="H" />
      <Diversity_SingleCategory_SingleMonster Percentage="5" Category="L" />
    </Constraints>
    <SpawnPatterns>
      <Ambush Percentage="5" TriggerRadiusOverride="5" BaseSpawnRadiusOverride="15" DelayBeforeFirstSpawn="0" DelayBetweenMonsterSpawn="0.1" SpawnCountPerTick="1" />
      <SurroundingAssault Percentage="5" TriggerRadiusOverride="15" SpawnRadiusMin="7" SpawnRadiusMax="9" DelayBeforeFirstSpawn="0" DelayBetweenMonsterSpawn="0.1" SpawnCountPerTick="1" />
      <ReinforcementGroup Percentage="5" GroupCountMin="1" GroupCountMax="2" Category="T" Category_CPMin="6" Category_CPMax="10" DelayBeforeFirstSpawn="1" DelayBetweenGroups="2.5" DelayBetweenMonsterSpawn="0.1" SpawnDistanceFromPlayer="20" SpawnCountPerTick="1" />
      <ReinforcementGroup Percentage="5" GroupCountMin="1" GroupCountMax="3" Category="W" Category_CPMin="6" Category_CPMax="8" DelayBeforeFirstSpawn="1" DelayBetweenGroups="3" DelayBetweenMonsterSpawn="0.1" SpawnDistanceFromPlayer="20" SpawnCountPerTick="1" />
      <ReinforcementGroup Percentage="5" GroupCountMin="1" GroupCountMax="2" Category="H" Category_CPMin="4" Category_CPMax="6" DelayBeforeFirstSpawn="1" DelayBetweenGroups="3" DelayBetweenMonsterSpawn="0.1" SpawnDistanceFromPlayer="20" SpawnCountPerTick="1" />
    </SpawnPatterns>
  </MonsterManager>
  <MonsterManager Name="MM_Beta_NecropolisPart2_Adventure">
    <DesignParams GroupValueModifierPercent="60" GroupValueDispersionPercent="20" HConstraint_CountThreshold="3" HConstraint_TriggerFactorPercent="30" CConstraint_CountThreshold="3" CConstraint_TriggerFactorPercent="50">
      <ActivationTriggers>
        <Entry Percentage="100" Factor="1.1" />
      </ActivationTriggers>
      <SpreadMode SpreadPercent="5" PackPercent="75" />
    </DesignParams>
    <CombatPointsRepartition Mode="fixed" CP="260" DefaultSpawnerSpawnRadius="15" DefaultSpawnerTriggerHeight="10" />
    <Categories>
      <Entry Category="W" SpawnClassFamily="AdventureMode_NPC1_COSUndead" MandatoryContentKeywords="weak,trash" />
      <Entry Category="T" SpawnClassFamily="AdventureMode_NPC1_COSUndead" MandatoryContentKeywords="trash" />
      <Entry Category="H" SpawnClassFamily="AdventureMode_NPC1_COSUndead" MandatoryContentKeywords="heavy" />
      <Entry Category="L" SpawnClassFamily="AdventureMode_NPC1_COSUndead" MandatoryContentKeywords="lieutenant" />
      <Entry Category="E" SpawnClassFamily="AdventureMode_NPC1_COSUndead" MandatoryContentKeywords="elite" />
    </Categories>
    <RMP>
      <Entry Category="W" Percentage="20" />
      <Entry Category="T" Percentage="40" />
      <Entry Category="H" Percentage="15" />
      <Entry Category="L" Percentage="25" />
      <Entry Category="E" Percentage="" />
    </RMP>
    <AdditiveEvents>
      <Event>
        <AdditiveTriggerParams Mode="auto" CPMin="100" CPMax="100" PercentageDispersion="25" />
        <EventChoices>
          <EventChoice Weight="22" ThresholdMode="fixed" ThresholdMax="0" ThresholdMin="0" BossRank="champion" />
          <EventChoice Weight="20" ThresholdMode="fixed" ThresholdMax="0" ThresholdMin="0" BossRank="champion" Category="L" Category_EntityMin="3" Category_EntityMax="3" />
          <EventChoice Weight="17" ThresholdMode="fixed" ThresholdMax="0" ThresholdMin="0" BossRank="Lord" Category="L" Category_EntityMin="2" Category_EntityMax="2" />
          <EventChoice Weight="17" ThresholdMode="fixed" ThresholdMax="0" ThresholdMin="0" BossRank="" Category="E" Category_EntityMin="1" Category_EntityMax="1" />
          <EventChoice Weight="11" ThresholdMode="fixed" ThresholdMax="0" ThresholdMin="0" BossRank="champion" Category="E" Category_EntityMin="1" Category_EntityMax="1" />
          <EventChoice Weight="8" ThresholdMode="fixed" ThresholdMax="0" ThresholdMin="0" BossRank="Lord" Category="E" Category_EntityMin="1" Category_EntityMax="1" />
          <EventChoice Weight="5" ThresholdMode="fixed" ThresholdMax="0" ThresholdMin="0" BossRank="Elder" Category="E" Category_EntityMin="1" Category_EntityMax="1" />
        </EventChoices>
      </Event>
    </AdditiveEvents>
    <Constraints>
      <Limitation_ByName AIName="outlaws_kennelmaster" MaxNumberInGroup="1" />
      <Limitation_ByName AIName="svriir_beta_spawner" MaxNumberInGroup="1" />
      <Limitation_ByName AIName="cultofsouls_lanternbearer" MaxNumberInGroup="1" />
      <Limitation_ByName AIName="cultofsouls_specter" MaxNumberInGroup="1" />
      <Limitation_ByKeyword AIKeyword="lieutenant" MaxNumberInGroup="3" />
      <Limitation_ByKeyword AIKeyword="elite" MaxNumberInGroup="1" />
      <Limitation_ByKeyword AIKeyword="heavy" MaxNumberInGroup="3" />
      <Limitation_ByKeyword AIKeyword="summoner" MaxNumberInGroup="2" />
      <Diversity_SingleCategory_SingleMonster Percentage="10" Category="T" />
      <Diversity_SingleCategory_SingleMonster Percentage="10" Category="W" />
      <Diversity_SingleCategory_SingleMonster Percentage="5" Category="H" />
      <Diversity_SingleCategory_SingleMonster Percentage="5" Category="L" />
    </Constraints>
    <SpawnPatterns>
      <Ambush Percentage="5" TriggerRadiusOverride="5" BaseSpawnRadiusOverride="15" DelayBeforeFirstSpawn="0" DelayBetweenMonsterSpawn="0.1" SpawnCountPerTick="1" />
      <SurroundingAssault Percentage="5" TriggerRadiusOverride="15" SpawnRadiusMin="7" SpawnRadiusMax="9" DelayBeforeFirstSpawn="0" DelayBetweenMonsterSpawn="0.1" SpawnCountPerTick="1" />
      <ReinforcementGroup Percentage="5" GroupCountMin="1" GroupCountMax="2" Category="T" Category_CPMin="6" Category_CPMax="10" DelayBeforeFirstSpawn="1" DelayBetweenGroups="2.5" DelayBetweenMonsterSpawn="0.1" SpawnDistanceFromPlayer="20" SpawnCountPerTick="1" />
      <ReinforcementGroup Percentage="5" GroupCountMin="1" GroupCountMax="3" Category="W" Category_CPMin="6" Category_CPMax="8" DelayBeforeFirstSpawn="1" DelayBetweenGroups="3" DelayBetweenMonsterSpawn="0.1" SpawnDistanceFromPlayer="20" SpawnCountPerTick="1" />
      <ReinforcementGroup Percentage="5" GroupCountMin="1" GroupCountMax="2" Category="H" Category_CPMin="4" Category_CPMax="6" DelayBeforeFirstSpawn="1" DelayBetweenGroups="3" DelayBetweenMonsterSpawn="0.1" SpawnDistanceFromPlayer="20" SpawnCountPerTick="1" />
    </SpawnPatterns>
  </MonsterManager>
  <MonsterManager Name="MM_Beta_NecropolisPart3_Adventure">
    <DesignParams GroupValueModifierPercent="60" GroupValueDispersionPercent="20" HConstraint_CountThreshold="3" HConstraint_TriggerFactorPercent="30" CConstraint_CountThreshold="3" CConstraint_TriggerFactorPercent="50">
      <ActivationTriggers>
        <Entry Percentage="100" Factor="1.1" />
      </ActivationTriggers>
      <SpreadMode SpreadPercent="5" PackPercent="75" />
    </DesignParams>
    <CombatPointsRepartition Mode="fixed" CP="360" DefaultSpawnerSpawnRadius="15" DefaultSpawnerTriggerHeight="10" />
    <Categories>
      <Entry Category="W" SpawnClassFamily="AdventureMode_NPC1_COSUndead" MandatoryContentKeywords="weak,trash" />
      <Entry Category="T" SpawnClassFamily="AdventureMode_NPC1_COSUndead" MandatoryContentKeywords="trash" />
      <Entry Category="H" SpawnClassFamily="AdventureMode_NPC1_COSUndead" MandatoryContentKeywords="heavy" />
      <Entry Category="L" SpawnClassFamily="AdventureMode_NPC1_COSUndead" MandatoryContentKeywords="lieutenant" />
      <Entry Category="E" SpawnClassFamily="AdventureMode_NPC1_COSUndead" MandatoryContentKeywords="elite" />
    </Categories>
    <RMP>
      <Entry Category="W" Percentage="20" />
      <Entry Category="T" Percentage="40" />
      <Entry Category="H" Percentage="15" />
      <Entry Category="L" Percentage="25" />
      <Entry Category="E" Percentage="" />
    </RMP>
    <AdditiveEvents>
      <Event>
        <AdditiveTriggerParams Mode="auto" CPMin="100" CPMax="100" PercentageDispersion="25" />
        <EventChoices>
          <EventChoice Weight="22" ThresholdMode="fixed" ThresholdMax="0" ThresholdMin="0" BossRank="champion" />
          <EventChoice Weight="20" ThresholdMode="fixed" ThresholdMax="0" ThresholdMin="0" BossRank="champion" Category="L" Category_EntityMin="3" Category_EntityMax="3" />
          <EventChoice Weight="17" ThresholdMode="fixed" ThresholdMax="0" ThresholdMin="0" BossRank="Lord" Category="L" Category_EntityMin="2" Category_EntityMax="2" />
          <EventChoice Weight="17" ThresholdMode="fixed" ThresholdMax="0" ThresholdMin="0" BossRank="" Category="E" Category_EntityMin="1" Category_EntityMax="1" />
          <EventChoice Weight="11" ThresholdMode="fixed" ThresholdMax="0" ThresholdMin="0" BossRank="champion" Category="E" Category_EntityMin="1" Category_EntityMax="1" />
          <EventChoice Weight="8" ThresholdMode="fixed" ThresholdMax="0" ThresholdMin="0" BossRank="Lord" Category="E" Category_EntityMin="1" Category_EntityMax="1" />
          <EventChoice Weight="5" ThresholdMode="fixed" ThresholdMax="0" ThresholdMin="0" BossRank="Elder" Category="E" Category_EntityMin="1" Category_EntityMax="1" />
        </EventChoices>
      </Event>
    </AdditiveEvents>
    <Constraints>
      <Limitation_ByName AIName="outlaws_kennelmaster" MaxNumberInGroup="1" />
      <Limitation_ByName AIName="svriir_beta_spawner" MaxNumberInGroup="1" />
      <Limitation_ByName AIName="cultofsouls_lanternbearer" MaxNumberInGroup="1" />
      <Limitation_ByName AIName="cultofsouls_specter" MaxNumberInGroup="1" />
      <Limitation_ByKeyword AIKeyword="lieutenant" MaxNumberInGroup="3" />
      <Limitation_ByKeyword AIKeyword="elite" MaxNumberInGroup="1" />
      <Limitation_ByKeyword AIKeyword="heavy" MaxNumberInGroup="3" />
      <Limitation_ByKeyword AIKeyword="summoner" MaxNumberInGroup="2" />
      <Diversity_SingleCategory_SingleMonster Percentage="10" Category="T" />
      <Diversity_SingleCategory_SingleMonster Percentage="10" Category="W" />
      <Diversity_SingleCategory_SingleMonster Percentage="5" Category="H" />
      <Diversity_SingleCategory_SingleMonster Percentage="5" Category="L" />
    </Constraints>
    <SpawnPatterns>
      <Ambush Percentage="5" TriggerRadiusOverride="5" BaseSpawnRadiusOverride="15" DelayBeforeFirstSpawn="0" DelayBetweenMonsterSpawn="0.1" SpawnCountPerTick="1" />
      <SurroundingAssault Percentage="5" TriggerRadiusOverride="15" SpawnRadiusMin="7" SpawnRadiusMax="9" DelayBeforeFirstSpawn="0" DelayBetweenMonsterSpawn="0.1" SpawnCountPerTick="1" />
      <ReinforcementGroup Percentage="5" GroupCountMin="1" GroupCountMax="2" Category="T" Category_CPMin="6" Category_CPMax="10" DelayBeforeFirstSpawn="1" DelayBetweenGroups="2.5" DelayBetweenMonsterSpawn="0.1" SpawnDistanceFromPlayer="20" SpawnCountPerTick="1" />
      <ReinforcementGroup Percentage="5" GroupCountMin="1" GroupCountMax="3" Category="W" Category_CPMin="6" Category_CPMax="8" DelayBeforeFirstSpawn="1" DelayBetweenGroups="3" DelayBetweenMonsterSpawn="0.1" SpawnDistanceFromPlayer="20" SpawnCountPerTick="1" />
      <ReinforcementGroup Percentage="5" GroupCountMin="1" GroupCountMax="2" Category="H" Category_CPMin="4" Category_CPMax="6" DelayBeforeFirstSpawn="1" DelayBetweenGroups="3" DelayBetweenMonsterSpawn="0.1" SpawnDistanceFromPlayer="20" SpawnCountPerTick="1" />
    </SpawnPatterns>
  </MonsterManager>
  <MonsterManager Name="MM_Beta_RandomNecropolis_Adventure">
    <DesignParams GroupValueModifierPercent="60" GroupValueDispersionPercent="20" HConstraint_CountThreshold="3" HConstraint_TriggerFactorPercent="30" CConstraint_CountThreshold="3" CConstraint_TriggerFactorPercent="50">
      <ActivationTriggers>
        <Entry Percentage="100" Factor="1.1" />
      </ActivationTriggers>
      <SpreadMode SpreadPercent="5" PackPercent="75" />
    </DesignParams>
    <CombatPointsRepartition Mode="deduced" CPPerSquareMeter="0.02" DefaultSpawnerSpawnRadius="15" DefaultSpawnerTriggerHeight="10" />
    <Categories>
      <Entry Category="W" SpawnClassFamily="AdventureMode_NPC1_COSUndead" MandatoryContentKeywords="weak,trash" />
      <Entry Category="T" SpawnClassFamily="AdventureMode_NPC1_COSUndead" MandatoryContentKeywords="trash" />
      <Entry Category="H" SpawnClassFamily="AdventureMode_NPC1_COSUndead" MandatoryContentKeywords="heavy" />
      <Entry Category="L" SpawnClassFamily="AdventureMode_NPC1_COSUndead" MandatoryContentKeywords="lieutenant" />
      <Entry Category="E" SpawnClassFamily="AdventureMode_NPC1_COSUndead" MandatoryContentKeywords="elite" />
    </Categories>
    <RMP>
      <Entry Category="W" Percentage="20" />
      <Entry Category="T" Percentage="40" />
      <Entry Category="H" Percentage="15" />
      <Entry Category="L" Percentage="25" />
      <Entry Category="E" Percentage="" />
    </RMP>
    <AdditiveEvents>
      <Event>
        <AdditiveTriggerParams Mode="auto" CPMin="100" CPMax="100" PercentageDispersion="25" />
        <EventChoices>
          <EventChoice Weight="22" ThresholdMode="fixed" ThresholdMax="0" ThresholdMin="0" BossRank="champion" />
          <EventChoice Weight="20" ThresholdMode="fixed" ThresholdMax="0" ThresholdMin="0" BossRank="champion" Category="L" Category_EntityMin="3" Category_EntityMax="3" />
          <EventChoice Weight="17" ThresholdMode="fixed" ThresholdMax="0" ThresholdMin="0" BossRank="Lord" Category="L" Category_EntityMin="2" Category_EntityMax="2" />
          <EventChoice Weight="17" ThresholdMode="fixed" ThresholdMax="0" ThresholdMin="0" BossRank="" Category="E" Category_EntityMin="1" Category_EntityMax="1" />
          <EventChoice Weight="11" ThresholdMode="fixed" ThresholdMax="0" ThresholdMin="0" BossRank="champion" Category="E" Category_EntityMin="1" Category_EntityMax="1" />
          <EventChoice Weight="8" ThresholdMode="fixed" ThresholdMax="0" ThresholdMin="0" BossRank="Lord" Category="E" Category_EntityMin="1" Category_EntityMax="1" />
          <EventChoice Weight="5" ThresholdMode="fixed" ThresholdMax="0" ThresholdMin="0" BossRank="Elder" Category="E" Category_EntityMin="1" Category_EntityMax="1" />
        </EventChoices>
      </Event>
    </AdditiveEvents>
    <Constraints>
      <Limitation_ByName AIName="outlaws_kennelmaster" MaxNumberInGroup="1" />
      <Limitation_ByName AIName="svriir_beta_spawner" MaxNumberInGroup="1" />
      <Limitation_ByName AIName="cultofsouls_lanternbearer" MaxNumberInGroup="1" />
      <Limitation_ByName AIName="cultofsouls_specter" MaxNumberInGroup="1" />
      <Limitation_ByKeyword AIKeyword="lieutenant" MaxNumberInGroup="3" />
      <Limitation_ByKeyword AIKeyword="elite" MaxNumberInGroup="1" />
      <Limitation_ByKeyword AIKeyword="heavy" MaxNumberInGroup="3" />
      <Limitation_ByKeyword AIKeyword="summoner" MaxNumberInGroup="2" />
      <Diversity_SingleCategory_SingleMonster Percentage="10" Category="T" />
      <Diversity_SingleCategory_SingleMonster Percentage="10" Category="W" />
      <Diversity_SingleCategory_SingleMonster Percentage="5" Category="H" />
      <Diversity_SingleCategory_SingleMonster Percentage="5" Category="L" />
    </Constraints>
    <SpawnPatterns>
      <Ambush Percentage="5" TriggerRadiusOverride="5" BaseSpawnRadiusOverride="15" DelayBeforeFirstSpawn="0" DelayBetweenMonsterSpawn="0.1" SpawnCountPerTick="1" />
      <SurroundingAssault Percentage="5" TriggerRadiusOverride="15" SpawnRadiusMin="7" SpawnRadiusMax="9" DelayBeforeFirstSpawn="0" DelayBetweenMonsterSpawn="0.1" SpawnCountPerTick="1" />
      <ReinforcementGroup Percentage="5" GroupCountMin="1" GroupCountMax="2" Category="T" Category_CPMin="6" Category_CPMax="10" DelayBeforeFirstSpawn="1" DelayBetweenGroups="2.5" DelayBetweenMonsterSpawn="0.1" SpawnDistanceFromPlayer="20" SpawnCountPerTick="1" />
      <ReinforcementGroup Percentage="5" GroupCountMin="1" GroupCountMax="3" Category="W" Category_CPMin="6" Category_CPMax="8" DelayBeforeFirstSpawn="1" DelayBetweenGroups="3" DelayBetweenMonsterSpawn="0.1" SpawnDistanceFromPlayer="20" SpawnCountPerTick="1" />
      <ReinforcementGroup Percentage="5" GroupCountMin="1" GroupCountMax="2" Category="H" Category_CPMin="4" Category_CPMax="6" DelayBeforeFirstSpawn="1" DelayBetweenGroups="3" DelayBetweenMonsterSpawn="0.1" SpawnDistanceFromPlayer="20" SpawnCountPerTick="1" />
    </SpawnPatterns>
  </MonsterManager>
  <MonsterManager Name="MM_Beta_RandomTPS_Adventure">
    <DesignParams GroupValueModifierPercent="60" GroupValueDispersionPercent="20" HConstraint_CountThreshold="3" HConstraint_TriggerFactorPercent="30" CConstraint_CountThreshold="3" CConstraint_TriggerFactorPercent="50">
      <ActivationTriggers>
        <Entry Percentage="100" Factor="1.1" />
      </ActivationTriggers>
      <SpreadMode SpreadPercent="5" PackPercent="75" />
    </DesignParams>
    <CombatPointsRepartition Mode="deduced" CPPerSquareMeter="0.02" DefaultSpawnerSpawnRadius="15" DefaultSpawnerTriggerHeight="10" />
    <Categories>
      <Entry Category="W" SpawnClassFamily="AdventureMode_NPC1_COSDamned" MandatoryContentKeywords="weak,trash" />
      <Entry Category="T" SpawnClassFamily="AdventureMode_NPC1_COSDamned" MandatoryContentKeywords="trash" />
      <Entry Category="H" SpawnClassFamily="AdventureMode_NPC1_COSDamned" MandatoryContentKeywords="heavy" />
      <Entry Category="L" SpawnClassFamily="AdventureMode_NPC1_COSDamned" MandatoryContentKeywords="lieutenant" />
      <Entry Category="E" SpawnClassFamily="AdventureMode_NPC1_COSDamned" MandatoryContentKeywords="elite" />
    </Categories>
    <RMP>
      <Entry Category="W" Percentage="20" />
      <Entry Category="T" Percentage="40" />
      <Entry Category="H" Percentage="15" />
      <Entry Category="L" Percentage="25" />
      <Entry Category="E" Percentage="" />
    </RMP>
    <AdditiveEvents>
      <Event>
        <AdditiveTriggerParams Mode="auto" CPMin="100" CPMax="100" PercentageDispersion="25" />
        <EventChoices>
          <EventChoice Weight="22" ThresholdMode="fixed" ThresholdMax="0" ThresholdMin="0" BossRank="champion" />
          <EventChoice Weight="20" ThresholdMode="fixed" ThresholdMax="0" ThresholdMin="0" BossRank="champion" Category="L" Category_EntityMin="3" Category_EntityMax="3" />
          <EventChoice Weight="17" ThresholdMode="fixed" ThresholdMax="0" ThresholdMin="0" BossRank="Lord" Category="L" Category_EntityMin="2" Category_EntityMax="2" />
          <EventChoice Weight="17" ThresholdMode="fixed" ThresholdMax="0" ThresholdMin="0" BossRank="" Category="E" Category_EntityMin="1" Category_EntityMax="1" />
          <EventChoice Weight="11" ThresholdMode="fixed" ThresholdMax="0" ThresholdMin="0" BossRank="champion" Category="E" Category_EntityMin="1" Category_EntityMax="1" />
          <EventChoice Weight="8" ThresholdMode="fixed" ThresholdMax="0" ThresholdMin="0" BossRank="Lord" Category="E" Category_EntityMin="1" Category_EntityMax="1" />
          <EventChoice Weight="5" ThresholdMode="fixed" ThresholdMax="0" ThresholdMin="0" BossRank="Elder" Category="E" Category_EntityMin="1" Category_EntityMax="1" />
        </EventChoices>
      </Event>
    </AdditiveEvents>
    <Constraints>
      <Limitation_ByName AIName="outlaws_kennelmaster" MaxNumberInGroup="1" />
      <Limitation_ByName AIName="svriir_beta_spawner" MaxNumberInGroup="1" />
      <Limitation_ByName AIName="cultofsouls_lanternbearer" MaxNumberInGroup="1" />
      <Limitation_ByName AIName="cultofsouls_specter" MaxNumberInGroup="1" />
      <Limitation_ByKeyword AIKeyword="lieutenant" MaxNumberInGroup="3" />
      <Limitation_ByKeyword AIKeyword="elite" MaxNumberInGroup="1" />
      <Limitation_ByKeyword AIKeyword="heavy" MaxNumberInGroup="3" />
      <Limitation_ByKeyword AIKeyword="summoner" MaxNumberInGroup="2" />
      <Diversity_SingleCategory_SingleMonster Percentage="10" Category="T" />
      <Diversity_SingleCategory_SingleMonster Percentage="10" Category="W" />
      <Diversity_SingleCategory_SingleMonster Percentage="5" Category="H" />
      <Diversity_SingleCategory_SingleMonster Percentage="5" Category="L" />
    </Constraints>
    <SpawnPatterns>
      <Ambush Percentage="5" TriggerRadiusOverride="5" BaseSpawnRadiusOverride="15" DelayBeforeFirstSpawn="0" DelayBetweenMonsterSpawn="0.1" SpawnCountPerTick="1" />
      <SurroundingAssault Percentage="5" TriggerRadiusOverride="15" SpawnRadiusMin="7" SpawnRadiusMax="9" DelayBeforeFirstSpawn="0" DelayBetweenMonsterSpawn="0.1" SpawnCountPerTick="1" />
      <ReinforcementGroup Percentage="5" GroupCountMin="1" GroupCountMax="2" Category="T" Category_CPMin="6" Category_CPMax="10" DelayBeforeFirstSpawn="1" DelayBetweenGroups="2.5" DelayBetweenMonsterSpawn="0.1" SpawnDistanceFromPlayer="20" SpawnCountPerTick="1" />
      <ReinforcementGroup Percentage="5" GroupCountMin="1" GroupCountMax="3" Category="W" Category_CPMin="6" Category_CPMax="8" DelayBeforeFirstSpawn="1" DelayBetweenGroups="3" DelayBetweenMonsterSpawn="0.1" SpawnDistanceFromPlayer="20" SpawnCountPerTick="1" />
      <ReinforcementGroup Percentage="5" GroupCountMin="1" GroupCountMax="2" Category="H" Category_CPMin="4" Category_CPMax="6" DelayBeforeFirstSpawn="1" DelayBetweenGroups="3" DelayBetweenMonsterSpawn="0.1" SpawnDistanceFromPlayer="20" SpawnCountPerTick="1" />
    </SpawnPatterns>
  </MonsterManager>
  <MonsterManager Name="MM_Beta_RandomCave_Adventure">
    <DesignParams GroupValueModifierPercent="60" GroupValueDispersionPercent="20" HConstraint_CountThreshold="3" HConstraint_TriggerFactorPercent="30" CConstraint_CountThreshold="3" CConstraint_TriggerFactorPercent="50">
      <ActivationTriggers>
        <Entry Percentage="100" Factor="1.1" />
      </ActivationTriggers>
      <SpreadMode SpreadPercent="5" PackPercent="75" />
    </DesignParams>
    <CombatPointsRepartition Mode="deduced" CPPerSquareMeter="0.02" DefaultSpawnerSpawnRadius="15" DefaultSpawnerTriggerHeight="10" />
    <Categories>
      <Entry Category="W" SpawnClassFamily="AdventureMode_NPC1_Outlaw" MandatoryContentKeywords="weak,trash" />
      <Entry Category="T" SpawnClassFamily="AdventureMode_NPC1_Outlaw" MandatoryContentKeywords="trash" />
      <Entry Category="H" SpawnClassFamily="AdventureMode_NPC1_Outlaw" MandatoryContentKeywords="heavy" />
      <Entry Category="L" SpawnClassFamily="AdventureMode_NPC1_Outlaw" MandatoryContentKeywords="lieutenant" />
      <Entry Category="E" SpawnClassFamily="AdventureMode_NPC1_Outlaw" MandatoryContentKeywords="elite" />
    </Categories>
    <RMP>
      <Entry Category="W" Percentage="20" />
      <Entry Category="T" Percentage="40" />
      <Entry Category="H" Percentage="15" />
      <Entry Category="L" Percentage="25" />
      <Entry Category="E" Percentage="" />
    </RMP>
    <AdditiveEvents>
      <Event>
        <AdditiveTriggerParams Mode="auto" CPMin="100" CPMax="100" PercentageDispersion="25" />
        <EventChoices>
          <EventChoice Weight="22" ThresholdMode="fixed" ThresholdMax="0" ThresholdMin="0" BossRank="champion" />
          <EventChoice Weight="20" ThresholdMode="fixed" ThresholdMax="0" ThresholdMin="0" BossRank="champion" Category="L" Category_EntityMin="3" Category_EntityMax="3" />
          <EventChoice Weight="17" ThresholdMode="fixed" ThresholdMax="0" ThresholdMin="0" BossRank="Lord" Category="L" Category_EntityMin="2" Category_EntityMax="2" />
          <EventChoice Weight="17" ThresholdMode="fixed" ThresholdMax="0" ThresholdMin="0" BossRank="" Category="E" Category_EntityMin="1" Category_EntityMax="1" />
          <EventChoice Weight="11" ThresholdMode="fixed" ThresholdMax="0" ThresholdMin="0" BossRank="champion" Category="E" Category_EntityMin="1" Category_EntityMax="1" />
          <EventChoice Weight="8" ThresholdMode="fixed" ThresholdMax="0" ThresholdMin="0" BossRank="Lord" Category="E" Category_EntityMin="1" Category_EntityMax="1" />
          <EventChoice Weight="5" ThresholdMode="fixed" ThresholdMax="0" ThresholdMin="0" BossRank="Elder" Category="E" Category_EntityMin="1" Category_EntityMax="1" />
        </EventChoices>
      </Event>
    </AdditiveEvents>
    <Constraints>
      <Limitation_ByName AIName="outlaws_kennelmaster" MaxNumberInGroup="1" />
      <Limitation_ByName AIName="svriir_beta_spawner" MaxNumberInGroup="1" />
      <Limitation_ByName AIName="cultofsouls_lanternbearer" MaxNumberInGroup="1" />
      <Limitation_ByName AIName="cultofsouls_specter" MaxNumberInGroup="1" />
      <Limitation_ByKeyword AIKeyword="lieutenant" MaxNumberInGroup="3" />
      <Limitation_ByKeyword AIKeyword="elite" MaxNumberInGroup="1" />
      <Limitation_ByKeyword AIKeyword="heavy" MaxNumberInGroup="3" />
      <Limitation_ByKeyword AIKeyword="summoner" MaxNumberInGroup="2" />
      <Diversity_SingleCategory_SingleMonster Percentage="10" Category="T" />
      <Diversity_SingleCategory_SingleMonster Percentage="10" Category="W" />
      <Diversity_SingleCategory_SingleMonster Percentage="5" Category="H" />
      <Diversity_SingleCategory_SingleMonster Percentage="5" Category="L" />
    </Constraints>
    <SpawnPatterns>
      <Ambush Percentage="5" TriggerRadiusOverride="5" BaseSpawnRadiusOverride="15" DelayBeforeFirstSpawn="0" DelayBetweenMonsterSpawn="0.1" SpawnCountPerTick="1" />
      <SurroundingAssault Percentage="5" TriggerRadiusOverride="15" SpawnRadiusMin="7" SpawnRadiusMax="9" DelayBeforeFirstSpawn="0" DelayBetweenMonsterSpawn="0.1" SpawnCountPerTick="1" />
      <ReinforcementGroup Percentage="5" GroupCountMin="1" GroupCountMax="2" Category="T" Category_CPMin="6" Category_CPMax="10" DelayBeforeFirstSpawn="1" DelayBetweenGroups="2.5" DelayBetweenMonsterSpawn="0.1" SpawnDistanceFromPlayer="20" SpawnCountPerTick="1" />
      <ReinforcementGroup Percentage="5" GroupCountMin="1" GroupCountMax="3" Category="W" Category_CPMin="6" Category_CPMax="8" DelayBeforeFirstSpawn="1" DelayBetweenGroups="3" DelayBetweenMonsterSpawn="0.1" SpawnDistanceFromPlayer="20" SpawnCountPerTick="1" />
      <ReinforcementGroup Percentage="5" GroupCountMin="1" GroupCountMax="2" Category="H" Category_CPMin="4" Category_CPMax="6" DelayBeforeFirstSpawn="1" DelayBetweenGroups="3" DelayBetweenMonsterSpawn="0.1" SpawnDistanceFromPlayer="20" SpawnCountPerTick="1" />
    </SpawnPatterns>
  </MonsterManager>
  <MonsterManager Name="MM_Beta_RandomSvriirLair_Adventure">
    <DesignParams GroupValueModifierPercent="60" GroupValueDispersionPercent="20" HConstraint_CountThreshold="3" HConstraint_TriggerFactorPercent="30" CConstraint_CountThreshold="3" CConstraint_TriggerFactorPercent="50">
      <ActivationTriggers>
        <Entry Percentage="100" Factor="1.1" />
      </ActivationTriggers>
      <SpreadMode SpreadPercent="5" PackPercent="75" />
    </DesignParams>
    <CombatPointsRepartition Mode="deduced" CPPerSquareMeter="0.02" DefaultSpawnerSpawnRadius="15" DefaultSpawnerTriggerHeight="10" />
    <Categories>
      <Entry Category="W" SpawnClassFamily="AdventureMode_NPC1_SvriirCave" MandatoryContentKeywords="weak,trash" />
      <Entry Category="T" SpawnClassFamily="AdventureMode_NPC1_SvriirCave" MandatoryContentKeywords="trash" />
      <Entry Category="H" SpawnClassFamily="AdventureMode_NPC1_SvriirCave" MandatoryContentKeywords="heavy" />
      <Entry Category="L" SpawnClassFamily="AdventureMode_NPC1_SvriirCave" MandatoryContentKeywords="lieutenant" />
      <Entry Category="E" SpawnClassFamily="AdventureMode_NPC1_SvriirCave" MandatoryContentKeywords="elite" />
    </Categories>
    <RMP>
      <Entry Category="W" Percentage="20" />
      <Entry Category="T" Percentage="40" />
      <Entry Category="H" Percentage="15" />
      <Entry Category="L" Percentage="25" />
      <Entry Category="E" Percentage="" />
    </RMP>
    <AdditiveEvents>
      <Event>
        <AdditiveTriggerParams Mode="auto" CPMin="100" CPMax="100" PercentageDispersion="25" />
        <EventChoices>
          <EventChoice Weight="22" ThresholdMode="fixed" ThresholdMax="0" ThresholdMin="0" BossRank="champion" />
          <EventChoice Weight="20" ThresholdMode="fixed" ThresholdMax="0" ThresholdMin="0" BossRank="champion" Category="L" Category_EntityMin="3" Category_EntityMax="3" />
          <EventChoice Weight="17" ThresholdMode="fixed" ThresholdMax="0" ThresholdMin="0" BossRank="Lord" Category="L" Category_EntityMin="2" Category_EntityMax="2" />
          <EventChoice Weight="17" ThresholdMode="fixed" ThresholdMax="0" ThresholdMin="0" BossRank="" Category="E" Category_EntityMin="1" Category_EntityMax="1" />
          <EventChoice Weight="11" ThresholdMode="fixed" ThresholdMax="0" ThresholdMin="0" BossRank="champion" Category="E" Category_EntityMin="1" Category_EntityMax="1" />
          <EventChoice Weight="8" ThresholdMode="fixed" ThresholdMax="0" ThresholdMin="0" BossRank="Lord" Category="E" Category_EntityMin="1" Category_EntityMax="1" />
          <EventChoice Weight="5" ThresholdMode="fixed" ThresholdMax="0" ThresholdMin="0" BossRank="Elder" Category="E" Category_EntityMin="1" Category_EntityMax="1" />
        </EventChoices>
      </Event>
    </AdditiveEvents>
    <Constraints>
      <Limitation_ByName AIName="outlaws_kennelmaster" MaxNumberInGroup="1" />
      <Limitation_ByName AIName="svriir_beta_spawner" MaxNumberInGroup="1" />
      <Limitation_ByName AIName="cultofsouls_lanternbearer" MaxNumberInGroup="1" />
      <Limitation_ByName AIName="cultofsouls_specter" MaxNumberInGroup="1" />
      <Limitation_ByKeyword AIKeyword="lieutenant" MaxNumberInGroup="3" />
      <Limitation_ByKeyword AIKeyword="elite" MaxNumberInGroup="1" />
      <Limitation_ByKeyword AIKeyword="heavy" MaxNumberInGroup="3" />
      <Limitation_ByKeyword AIKeyword="summoner" MaxNumberInGroup="2" />
      <Diversity_SingleCategory_SingleMonster Percentage="10" Category="T" />
      <Diversity_SingleCategory_SingleMonster Percentage="10" Category="W" />
      <Diversity_SingleCategory_SingleMonster Percentage="5" Category="H" />
      <Diversity_SingleCategory_SingleMonster Percentage="5" Category="L" />
    </Constraints>
    <SpawnPatterns>
      <Ambush Percentage="5" TriggerRadiusOverride="5" BaseSpawnRadiusOverride="15" DelayBeforeFirstSpawn="0" DelayBetweenMonsterSpawn="0.1" SpawnCountPerTick="1" />
      <SurroundingAssault Percentage="5" TriggerRadiusOverride="15" SpawnRadiusMin="7" SpawnRadiusMax="9" DelayBeforeFirstSpawn="0" DelayBetweenMonsterSpawn="0.1" SpawnCountPerTick="1" />
      <ReinforcementGroup Percentage="5" GroupCountMin="1" GroupCountMax="2" Category="T" Category_CPMin="6" Category_CPMax="10" DelayBeforeFirstSpawn="1" DelayBetweenGroups="2.5" DelayBetweenMonsterSpawn="0.1" SpawnDistanceFromPlayer="20" SpawnCountPerTick="1" />
      <ReinforcementGroup Percentage="5" GroupCountMin="1" GroupCountMax="3" Category="W" Category_CPMin="6" Category_CPMax="8" DelayBeforeFirstSpawn="1" DelayBetweenGroups="3" DelayBetweenMonsterSpawn="0.1" SpawnDistanceFromPlayer="20" SpawnCountPerTick="1" />
      <ReinforcementGroup Percentage="5" GroupCountMin="1" GroupCountMax="2" Category="H" Category_CPMin="4" Category_CPMax="6" DelayBeforeFirstSpawn="1" DelayBetweenGroups="3" DelayBetweenMonsterSpawn="0.1" SpawnDistanceFromPlayer="20" SpawnCountPerTick="1" />
    </SpawnPatterns>
  </MonsterManager>
  <MonsterManager Name="MM_Beta_NPC2_Floor1">
    <DesignParams GroupValueModifierPercent="50" GroupValueDispersionPercent="20" HConstraint_CountThreshold="3" HConstraint_TriggerFactorPercent="30" CConstraint_CountThreshold="3" CConstraint_TriggerFactorPercent="50">
      <ActivationTriggers>
        <Entry Percentage="100" Factor="1.1" />
      </ActivationTriggers>
      <SpreadMode SpreadPercent="5" PackPercent="75" />
    </DesignParams>
    <Population iPick="1">
      <Entry SCF="AdventureMode_NPC2_Outlaw" Weight="1" />
    </Population>
    <CombatPointsRepartition Mode="deduced" CPPerSquareMeter="0.023" DefaultSpawnerSpawnRadius="15" DefaultSpawnerTriggerHeight="10" />
    <Categories>
      <Entry Category="W" SpawnClassFamily="" MandatoryContentKeywords="weak,trash" />
      <Entry Category="T" SpawnClassFamily="" MandatoryContentKeywords="trash" />
      <Entry Category="H" SpawnClassFamily="" MandatoryContentKeywords="heavy" />
      <Entry Category="L" SpawnClassFamily="" MandatoryContentKeywords="lieutenant" />
      <Entry Category="E" SpawnClassFamily="" MandatoryContentKeywords="elite" />
    </Categories>
    <RMP>
      <Entry Category="W" Percentage="20" />
      <Entry Category="T" Percentage="45" />
      <Entry Category="H" Percentage="15" />
      <Entry Category="L" Percentage="20" />
      <Entry Category="E" Percentage="" />
    </RMP>
    <AdditiveEvents>
      <Event>
        <AdditiveTriggerParams Mode="auto" CPMin="100" CPMax="100" PercentageDispersion="25" />
        <EventChoices>
          <EventChoice Weight="30" ThresholdMode="fixed" ThresholdMax="0" ThresholdMin="0" BossRank="champion" Category="L" Category_EntityMin="3" Category_EntityMax="3" />
          <EventChoice Weight="20" ThresholdMode="fixed" ThresholdMax="0" ThresholdMin="0" BossRank="Lord" Category="L" Category_EntityMin="2" Category_EntityMax="2" />
          <EventChoice Weight="20" ThresholdMode="fixed" ThresholdMax="0" ThresholdMin="0" BossRank="" Category="E" Category_EntityMin="1" Category_EntityMax="1" />
          <EventChoice Weight="15" ThresholdMode="fixed" ThresholdMax="0" ThresholdMin="0" BossRank="champion" Category="E" Category_EntityMin="1" Category_EntityMax="1" />
          <EventChoice Weight="10" ThresholdMode="fixed" ThresholdMax="0" ThresholdMin="0" BossRank="Lord" Category="E" Category_EntityMin="1" Category_EntityMax="1" />
          <EventChoice Weight="5" ThresholdMode="fixed" ThresholdMax="0" ThresholdMin="0" BossRank="Elder" Category="E" Category_EntityMin="1" Category_EntityMax="1" />
        </EventChoices>
      </Event>
    </AdditiveEvents>
    <Constraints>
      <Limitation_ByName AIName="outlaws_kennelmaster" MaxNumberInGroup="1" />
      <Limitation_ByName AIName="svriir_beta_spawner" MaxNumberInGroup="1" />
      <Limitation_ByName AIName="cultofsouls_lanternbearer" MaxNumberInGroup="1" />
      <Limitation_ByName AIName="cultofsouls_specter" MaxNumberInGroup="1" />
      <Limitation_ByKeyword AIKeyword="lieutenant" MaxNumberInGroup="3" />
      <Limitation_ByKeyword AIKeyword="elite" MaxNumberInGroup="1" />
      <Limitation_ByKeyword AIKeyword="heavy" MaxNumberInGroup="3" />
      <Limitation_ByKeyword AIKeyword="summoner" MaxNumberInGroup="2" />
      <Diversity_SinglePopulation Percentage="25" />
      <Diversity_SingleCategory_SingleMonster Percentage="10" Category="T" />
      <Diversity_SingleCategory_SingleMonster Percentage="10" Category="W" />
      <Diversity_SingleCategory_SingleMonster Percentage="5" Category="H" />
      <Diversity_SingleCategory_SingleMonster Percentage="5" Category="L" />
    </Constraints>
    <SpawnPatterns>
      <Ambush Percentage="5" TriggerRadiusOverride="5" BaseSpawnRadiusOverride="15" DelayBeforeFirstSpawn="0" DelayBetweenMonsterSpawn="0.1" SpawnCountPerTick="1" />
      <SurroundingAssault Percentage="5" TriggerRadiusOverride="15" SpawnRadiusMin="7" SpawnRadiusMax="9" DelayBeforeFirstSpawn="0" DelayBetweenMonsterSpawn="0.1" SpawnCountPerTick="1" />
      <ReinforcementGroup Percentage="5" GroupCountMin="1" GroupCountMax="2" Category="T" Category_CPMin="6" Category_CPMax="10" DelayBeforeFirstSpawn="1" DelayBetweenGroups="2.5" DelayBetweenMonsterSpawn="0.1" SpawnDistanceFromPlayer="20" SpawnCountPerTick="1" />
      <ReinforcementGroup Percentage="5" GroupCountMin="1" GroupCountMax="3" Category="W" Category_CPMin="6" Category_CPMax="8" DelayBeforeFirstSpawn="1" DelayBetweenGroups="3" DelayBetweenMonsterSpawn="0.1" SpawnDistanceFromPlayer="20" SpawnCountPerTick="1" />
      <ReinforcementGroup Percentage="5" GroupCountMin="1" GroupCountMax="2" Category="H" Category_CPMin="4" Category_CPMax="6" DelayBeforeFirstSpawn="1" DelayBetweenGroups="3" DelayBetweenMonsterSpawn="0.1" SpawnDistanceFromPlayer="20" SpawnCountPerTick="1" />
    </SpawnPatterns>
  </MonsterManager>
  <MonsterManager Name="MM_Beta_NPC2_Floor2">
    <DesignParams GroupValueModifierPercent="50" GroupValueDispersionPercent="20" HConstraint_CountThreshold="3" HConstraint_TriggerFactorPercent="30" CConstraint_CountThreshold="3" CConstraint_TriggerFactorPercent="50">
      <ActivationTriggers>
        <Entry Percentage="100" Factor="1.1" />
      </ActivationTriggers>
      <SpreadMode SpreadPercent="5" PackPercent="75" />
    </DesignParams>
    <Population iPick="1">
      <Entry SCF="AdventureMode_NPC2_SvriirSea" Weight="1" />
    </Population>
    <CombatPointsRepartition Mode="deduced" CPPerSquareMeter="0.023" DefaultSpawnerSpawnRadius="15" DefaultSpawnerTriggerHeight="10" />
    <Categories>
      <Entry Category="W" SpawnClassFamily="" MandatoryContentKeywords="weak,trash" />
      <Entry Category="T" SpawnClassFamily="" MandatoryContentKeywords="trash" />
      <Entry Category="H" SpawnClassFamily="" MandatoryContentKeywords="heavy" />
      <Entry Category="L" SpawnClassFamily="" MandatoryContentKeywords="lieutenant" />
      <Entry Category="E" SpawnClassFamily="" MandatoryContentKeywords="elite" />
    </Categories>
    <RMP>
      <Entry Category="W" Percentage="20" />
      <Entry Category="T" Percentage="45" />
      <Entry Category="H" Percentage="15" />
      <Entry Category="L" Percentage="20" />
      <Entry Category="E" Percentage="" />
    </RMP>
    <AdditiveEvents>
      <Event>
        <AdditiveTriggerParams Mode="auto" CPMin="100" CPMax="100" PercentageDispersion="25" />
        <EventChoices>
          <EventChoice Weight="30" ThresholdMode="fixed" ThresholdMax="0" ThresholdMin="0" BossRank="champion" Category="L" Category_EntityMin="3" Category_EntityMax="3" />
          <EventChoice Weight="20" ThresholdMode="fixed" ThresholdMax="0" ThresholdMin="0" BossRank="Lord" Category="L" Category_EntityMin="2" Category_EntityMax="2" />
          <EventChoice Weight="20" ThresholdMode="fixed" ThresholdMax="0" ThresholdMin="0" BossRank="" Category="E" Category_EntityMin="1" Category_EntityMax="1" />
          <EventChoice Weight="15" ThresholdMode="fixed" ThresholdMax="0" ThresholdMin="0" BossRank="champion" Category="E" Category_EntityMin="1" Category_EntityMax="1" />
          <EventChoice Weight="10" ThresholdMode="fixed" ThresholdMax="0" ThresholdMin="0" BossRank="Lord" Category="E" Category_EntityMin="1" Category_EntityMax="1" />
          <EventChoice Weight="5" ThresholdMode="fixed" ThresholdMax="0" ThresholdMin="0" BossRank="Elder" Category="E" Category_EntityMin="1" Category_EntityMax="1" />
        </EventChoices>
      </Event>
    </AdditiveEvents>
    <Constraints>
      <Limitation_ByName AIName="outlaws_kennelmaster" MaxNumberInGroup="1" />
      <Limitation_ByName AIName="svriir_beta_spawner" MaxNumberInGroup="1" />
      <Limitation_ByName AIName="cultofsouls_lanternbearer" MaxNumberInGroup="1" />
      <Limitation_ByName AIName="cultofsouls_specter" MaxNumberInGroup="1" />
      <Limitation_ByKeyword AIKeyword="lieutenant" MaxNumberInGroup="3" />
      <Limitation_ByKeyword AIKeyword="elite" MaxNumberInGroup="1" />
      <Limitation_ByKeyword AIKeyword="heavy" MaxNumberInGroup="3" />
      <Limitation_ByKeyword AIKeyword="summoner" MaxNumberInGroup="2" />
      <Diversity_SinglePopulation Percentage="25" />
      <Diversity_SingleCategory_SingleMonster Percentage="10" Category="T" />
      <Diversity_SingleCategory_SingleMonster Percentage="10" Category="W" />
      <Diversity_SingleCategory_SingleMonster Percentage="5" Category="H" />
      <Diversity_SingleCategory_SingleMonster Percentage="5" Category="L" />
    </Constraints>
    <SpawnPatterns>
      <Ambush Percentage="5" TriggerRadiusOverride="5" BaseSpawnRadiusOverride="15" DelayBeforeFirstSpawn="0" DelayBetweenMonsterSpawn="0.1" SpawnCountPerTick="1" />
      <SurroundingAssault Percentage="5" TriggerRadiusOverride="15" SpawnRadiusMin="7" SpawnRadiusMax="9" DelayBeforeFirstSpawn="0" DelayBetweenMonsterSpawn="0.1" SpawnCountPerTick="1" />
      <ReinforcementGroup Percentage="5" GroupCountMin="1" GroupCountMax="2" Category="T" Category_CPMin="6" Category_CPMax="10" DelayBeforeFirstSpawn="1" DelayBetweenGroups="2.5" DelayBetweenMonsterSpawn="0.1" SpawnDistanceFromPlayer="20" SpawnCountPerTick="1" />
      <ReinforcementGroup Percentage="5" GroupCountMin="1" GroupCountMax="3" Category="W" Category_CPMin="6" Category_CPMax="8" DelayBeforeFirstSpawn="1" DelayBetweenGroups="3" DelayBetweenMonsterSpawn="0.1" SpawnDistanceFromPlayer="20" SpawnCountPerTick="1" />
      <ReinforcementGroup Percentage="5" GroupCountMin="1" GroupCountMax="2" Category="H" Category_CPMin="4" Category_CPMax="6" DelayBeforeFirstSpawn="1" DelayBetweenGroups="3" DelayBetweenMonsterSpawn="0.1" SpawnDistanceFromPlayer="20" SpawnCountPerTick="1" />
    </SpawnPatterns>
  </MonsterManager>
  <MonsterManager Name="MM_Beta_NPC2_Floor3">
    <DesignParams GroupValueModifierPercent="50" GroupValueDispersionPercent="20" HConstraint_CountThreshold="3" HConstraint_TriggerFactorPercent="30" CConstraint_CountThreshold="3" CConstraint_TriggerFactorPercent="50">
      <ActivationTriggers>
        <Entry Percentage="100" Factor="1.1" />
      </ActivationTriggers>
      <SpreadMode SpreadPercent="5" PackPercent="75" />
    </DesignParams>
    <Population iPick="1">
      <Entry SCF="AdventureMode_NPC2_COSUndead" Weight="1" />
      <Entry SCF="AdventureMode_NPC2_COSDamned" Weight="1" />
    </Population>
    <CombatPointsRepartition Mode="deduced" CPPerSquareMeter="0.023" DefaultSpawnerSpawnRadius="15" DefaultSpawnerTriggerHeight="10" />
    <Categories>
      <Entry Category="W" SpawnClassFamily="" MandatoryContentKeywords="weak,trash" />
      <Entry Category="T" SpawnClassFamily="" MandatoryContentKeywords="trash" />
      <Entry Category="H" SpawnClassFamily="" MandatoryContentKeywords="heavy" />
      <Entry Category="L" SpawnClassFamily="" MandatoryContentKeywords="lieutenant" />
      <Entry Category="E" SpawnClassFamily="" MandatoryContentKeywords="elite" />
    </Categories>
    <RMP>
      <Entry Category="W" Percentage="20" />
      <Entry Category="T" Percentage="45" />
      <Entry Category="H" Percentage="15" />
      <Entry Category="L" Percentage="20" />
      <Entry Category="E" Percentage="" />
    </RMP>
    <AdditiveEvents>
      <Event>
        <AdditiveTriggerParams Mode="auto" CPMin="100" CPMax="100" PercentageDispersion="25" />
        <EventChoices>
          <EventChoice Weight="30" ThresholdMode="fixed" ThresholdMax="0" ThresholdMin="0" BossRank="champion" Category="L" Category_EntityMin="3" Category_EntityMax="3" />
          <EventChoice Weight="20" ThresholdMode="fixed" ThresholdMax="0" ThresholdMin="0" BossRank="Lord" Category="L" Category_EntityMin="2" Category_EntityMax="2" />
          <EventChoice Weight="20" ThresholdMode="fixed" ThresholdMax="0" ThresholdMin="0" BossRank="" Category="E" Category_EntityMin="1" Category_EntityMax="1" />
          <EventChoice Weight="15" ThresholdMode="fixed" ThresholdMax="0" ThresholdMin="0" BossRank="champion" Category="E" Category_EntityMin="1" Category_EntityMax="1" />
          <EventChoice Weight="10" ThresholdMode="fixed" ThresholdMax="0" ThresholdMin="0" BossRank="Lord" Category="E" Category_EntityMin="1" Category_EntityMax="1" />
          <EventChoice Weight="5" ThresholdMode="fixed" ThresholdMax="0" ThresholdMin="0" BossRank="Elder" Category="E" Category_EntityMin="1" Category_EntityMax="1" />
        </EventChoices>
      </Event>
    </AdditiveEvents>
    <Constraints>
      <Limitation_ByName AIName="outlaws_kennelmaster" MaxNumberInGroup="1" />
      <Limitation_ByName AIName="svriir_beta_spawner" MaxNumberInGroup="1" />
      <Limitation_ByName AIName="cultofsouls_lanternbearer" MaxNumberInGroup="1" />
      <Limitation_ByName AIName="cultofsouls_specter" MaxNumberInGroup="1" />
      <Limitation_ByKeyword AIKeyword="lieutenant" MaxNumberInGroup="3" />
      <Limitation_ByKeyword AIKeyword="elite" MaxNumberInGroup="1" />
      <Limitation_ByKeyword AIKeyword="heavy" MaxNumberInGroup="3" />
      <Limitation_ByKeyword AIKeyword="summoner" MaxNumberInGroup="2" />
      <Diversity_SinglePopulation Percentage="25" />
      <Diversity_SingleCategory_SingleMonster Percentage="10" Category="T" />
      <Diversity_SingleCategory_SingleMonster Percentage="10" Category="W" />
      <Diversity_SingleCategory_SingleMonster Percentage="5" Category="H" />
      <Diversity_SingleCategory_SingleMonster Percentage="5" Category="L" />
    </Constraints>
    <SpawnPatterns>
      <Ambush Percentage="5" TriggerRadiusOverride="5" BaseSpawnRadiusOverride="15" DelayBeforeFirstSpawn="0" DelayBetweenMonsterSpawn="0.1" SpawnCountPerTick="1" />
      <SurroundingAssault Percentage="5" TriggerRadiusOverride="15" SpawnRadiusMin="7" SpawnRadiusMax="9" DelayBeforeFirstSpawn="0" DelayBetweenMonsterSpawn="0.1" SpawnCountPerTick="1" />
      <ReinforcementGroup Percentage="5" GroupCountMin="1" GroupCountMax="2" Category="T" Category_CPMin="6" Category_CPMax="10" DelayBeforeFirstSpawn="1" DelayBetweenGroups="2.5" DelayBetweenMonsterSpawn="0.1" SpawnDistanceFromPlayer="20" SpawnCountPerTick="1" />
      <ReinforcementGroup Percentage="5" GroupCountMin="1" GroupCountMax="3" Category="W" Category_CPMin="6" Category_CPMax="8" DelayBeforeFirstSpawn="1" DelayBetweenGroups="3" DelayBetweenMonsterSpawn="0.1" SpawnDistanceFromPlayer="20" SpawnCountPerTick="1" />
      <ReinforcementGroup Percentage="5" GroupCountMin="1" GroupCountMax="2" Category="H" Category_CPMin="4" Category_CPMax="6" DelayBeforeFirstSpawn="1" DelayBetweenGroups="3" DelayBetweenMonsterSpawn="0.1" SpawnDistanceFromPlayer="20" SpawnCountPerTick="1" />
    </SpawnPatterns>
  </MonsterManager>
  <MonsterManager Name="MM_Beta_NPC2_Floor4">
    <DesignParams GroupValueModifierPercent="50" GroupValueDispersionPercent="20" HConstraint_CountThreshold="3" HConstraint_TriggerFactorPercent="30" CConstraint_CountThreshold="3" CConstraint_TriggerFactorPercent="50">
      <ActivationTriggers>
        <Entry Percentage="100" Factor="1.1" />
      </ActivationTriggers>
      <SpreadMode SpreadPercent="5" PackPercent="75" />
    </DesignParams>
    <Population iPick="1">
      <Entry SCF="AdventureMode_NPC2_COSUndead" Weight="1" />
    </Population>
    <CombatPointsRepartition Mode="deduced" CPPerSquareMeter="0.023" DefaultSpawnerSpawnRadius="15" DefaultSpawnerTriggerHeight="10" />
    <Categories>
      <Entry Category="W" SpawnClassFamily="" MandatoryContentKeywords="weak,trash" />
      <Entry Category="T" SpawnClassFamily="" MandatoryContentKeywords="trash" />
      <Entry Category="H" SpawnClassFamily="" MandatoryContentKeywords="heavy" />
      <Entry Category="L" SpawnClassFamily="" MandatoryContentKeywords="lieutenant" />
      <Entry Category="E" SpawnClassFamily="" MandatoryContentKeywords="elite" />
    </Categories>
    <RMP>
      <Entry Category="W" Percentage="20" />
      <Entry Category="T" Percentage="45" />
      <Entry Category="H" Percentage="15" />
      <Entry Category="L" Percentage="20" />
      <Entry Category="E" Percentage="" />
    </RMP>
    <AdditiveEvents>
      <Event>
        <AdditiveTriggerParams Mode="auto" CPMin="100" CPMax="100" PercentageDispersion="25" />
        <EventChoices>
          <EventChoice Weight="30" ThresholdMode="fixed" ThresholdMax="0" ThresholdMin="0" BossRank="champion" Category="L" Category_EntityMin="3" Category_EntityMax="3" />
          <EventChoice Weight="20" ThresholdMode="fixed" ThresholdMax="0" ThresholdMin="0" BossRank="Lord" Category="L" Category_EntityMin="2" Category_EntityMax="2" />
          <EventChoice Weight="20" ThresholdMode="fixed" ThresholdMax="0" ThresholdMin="0" BossRank="" Category="E" Category_EntityMin="1" Category_EntityMax="1" />
          <EventChoice Weight="15" ThresholdMode="fixed" ThresholdMax="0" ThresholdMin="0" BossRank="champion" Category="E" Category_EntityMin="1" Category_EntityMax="1" />
          <EventChoice Weight="10" ThresholdMode="fixed" ThresholdMax="0" ThresholdMin="0" BossRank="Lord" Category="E" Category_EntityMin="1" Category_EntityMax="1" />
          <EventChoice Weight="5" ThresholdMode="fixed" ThresholdMax="0" ThresholdMin="0" BossRank="Elder" Category="E" Category_EntityMin="1" Category_EntityMax="1" />
        </EventChoices>
      </Event>
    </AdditiveEvents>
    <Constraints>
      <Limitation_ByName AIName="outlaws_kennelmaster" MaxNumberInGroup="1" />
      <Limitation_ByName AIName="svriir_beta_spawner" MaxNumberInGroup="1" />
      <Limitation_ByName AIName="cultofsouls_lanternbearer" MaxNumberInGroup="1" />
      <Limitation_ByName AIName="cultofsouls_specter" MaxNumberInGroup="1" />
      <Limitation_ByKeyword AIKeyword="lieutenant" MaxNumberInGroup="3" />
      <Limitation_ByKeyword AIKeyword="elite" MaxNumberInGroup="1" />
      <Limitation_ByKeyword AIKeyword="heavy" MaxNumberInGroup="3" />
      <Limitation_ByKeyword AIKeyword="summoner" MaxNumberInGroup="2" />
      <Diversity_SinglePopulation Percentage="25" />
      <Diversity_SingleCategory_SingleMonster Percentage="10" Category="T" />
      <Diversity_SingleCategory_SingleMonster Percentage="10" Category="W" />
      <Diversity_SingleCategory_SingleMonster Percentage="5" Category="H" />
      <Diversity_SingleCategory_SingleMonster Percentage="5" Category="L" />
    </Constraints>
    <SpawnPatterns>
      <Ambush Percentage="5" TriggerRadiusOverride="5" BaseSpawnRadiusOverride="15" DelayBeforeFirstSpawn="0" DelayBetweenMonsterSpawn="0.1" SpawnCountPerTick="1" />
      <SurroundingAssault Percentage="5" TriggerRadiusOverride="15" SpawnRadiusMin="7" SpawnRadiusMax="9" DelayBeforeFirstSpawn="0" DelayBetweenMonsterSpawn="0.1" SpawnCountPerTick="1" />
      <ReinforcementGroup Percentage="5" GroupCountMin="1" GroupCountMax="2" Category="T" Category_CPMin="6" Category_CPMax="10" DelayBeforeFirstSpawn="1" DelayBetweenGroups="2.5" DelayBetweenMonsterSpawn="0.1" SpawnDistanceFromPlayer="20" SpawnCountPerTick="1" />
      <ReinforcementGroup Percentage="5" GroupCountMin="1" GroupCountMax="3" Category="W" Category_CPMin="6" Category_CPMax="8" DelayBeforeFirstSpawn="1" DelayBetweenGroups="3" DelayBetweenMonsterSpawn="0.1" SpawnDistanceFromPlayer="20" SpawnCountPerTick="1" />
      <ReinforcementGroup Percentage="5" GroupCountMin="1" GroupCountMax="2" Category="H" Category_CPMin="4" Category_CPMax="6" DelayBeforeFirstSpawn="1" DelayBetweenGroups="3" DelayBetweenMonsterSpawn="0.1" SpawnDistanceFromPlayer="20" SpawnCountPerTick="1" />
    </SpawnPatterns>
  </MonsterManager>
  <MonsterManager Name="MM_Beta_NPC2_Floor5">
    <DesignParams GroupValueModifierPercent="50" GroupValueDispersionPercent="20" HConstraint_CountThreshold="3" HConstraint_TriggerFactorPercent="30" CConstraint_CountThreshold="3" CConstraint_TriggerFactorPercent="50">
      <ActivationTriggers>
        <Entry Percentage="100" Factor="1.1" />
      </ActivationTriggers>
      <SpreadMode SpreadPercent="5" PackPercent="75" />
    </DesignParams>
    <Population iPick="1">
      <Entry SCF="AdventureMode_NPC2_COSDamned" Weight="1" />
    </Population>
    <CombatPointsRepartition Mode="deduced" CPPerSquareMeter="0.023" DefaultSpawnerSpawnRadius="15" DefaultSpawnerTriggerHeight="10" />
    <Categories>
      <Entry Category="W" SpawnClassFamily="" MandatoryContentKeywords="weak,trash" />
      <Entry Category="T" SpawnClassFamily="" MandatoryContentKeywords="trash" />
      <Entry Category="H" SpawnClassFamily="" MandatoryContentKeywords="heavy" />
      <Entry Category="L" SpawnClassFamily="" MandatoryContentKeywords="lieutenant" />
      <Entry Category="E" SpawnClassFamily="" MandatoryContentKeywords="elite" />
    </Categories>
    <RMP>
      <Entry Category="W" Percentage="20" />
      <Entry Category="T" Percentage="45" />
      <Entry Category="H" Percentage="15" />
      <Entry Category="L" Percentage="20" />
      <Entry Category="E" Percentage="" />
    </RMP>
    <AdditiveEvents>
      <Event>
        <AdditiveTriggerParams Mode="auto" CPMin="100" CPMax="100" PercentageDispersion="25" />
        <EventChoices>
          <EventChoice Weight="30" ThresholdMode="fixed" ThresholdMax="0" ThresholdMin="0" BossRank="champion" Category="L" Category_EntityMin="3" Category_EntityMax="3" />
          <EventChoice Weight="20" ThresholdMode="fixed" ThresholdMax="0" ThresholdMin="0" BossRank="Lord" Category="L" Category_EntityMin="2" Category_EntityMax="2" />
          <EventChoice Weight="20" ThresholdMode="fixed" ThresholdMax="0" ThresholdMin="0" BossRank="" Category="E" Category_EntityMin="1" Category_EntityMax="1" />
          <EventChoice Weight="15" ThresholdMode="fixed" ThresholdMax="0" ThresholdMin="0" BossRank="champion" Category="E" Category_EntityMin="1" Category_EntityMax="1" />
          <EventChoice Weight="10" ThresholdMode="fixed" ThresholdMax="0" ThresholdMin="0" BossRank="Lord" Category="E" Category_EntityMin="1" Category_EntityMax="1" />
          <EventChoice Weight="5" ThresholdMode="fixed" ThresholdMax="0" ThresholdMin="0" BossRank="Elder" Category="E" Category_EntityMin="1" Category_EntityMax="1" />
        </EventChoices>
      </Event>
    </AdditiveEvents>
    <Constraints>
      <Limitation_ByName AIName="outlaws_kennelmaster" MaxNumberInGroup="1" />
      <Limitation_ByName AIName="svriir_beta_spawner" MaxNumberInGroup="1" />
      <Limitation_ByName AIName="cultofsouls_lanternbearer" MaxNumberInGroup="1" />
      <Limitation_ByName AIName="cultofsouls_specter" MaxNumberInGroup="1" />
      <Limitation_ByKeyword AIKeyword="lieutenant" MaxNumberInGroup="3" />
      <Limitation_ByKeyword AIKeyword="elite" MaxNumberInGroup="1" />
      <Limitation_ByKeyword AIKeyword="heavy" MaxNumberInGroup="3" />
      <Limitation_ByKeyword AIKeyword="summoner" MaxNumberInGroup="2" />
      <Diversity_SinglePopulation Percentage="25" />
      <Diversity_SingleCategory_SingleMonster Percentage="10" Category="T" />
      <Diversity_SingleCategory_SingleMonster Percentage="10" Category="W" />
      <Diversity_SingleCategory_SingleMonster Percentage="5" Category="H" />
      <Diversity_SingleCategory_SingleMonster Percentage="5" Category="L" />
    </Constraints>
    <SpawnPatterns>
      <Ambush Percentage="5" TriggerRadiusOverride="5" BaseSpawnRadiusOverride="15" DelayBeforeFirstSpawn="0" DelayBetweenMonsterSpawn="0.1" SpawnCountPerTick="1" />
      <SurroundingAssault Percentage="5" TriggerRadiusOverride="15" SpawnRadiusMin="7" SpawnRadiusMax="9" DelayBeforeFirstSpawn="0" DelayBetweenMonsterSpawn="0.1" SpawnCountPerTick="1" />
      <ReinforcementGroup Percentage="5" GroupCountMin="1" GroupCountMax="2" Category="T" Category_CPMin="6" Category_CPMax="10" DelayBeforeFirstSpawn="1" DelayBetweenGroups="2.5" DelayBetweenMonsterSpawn="0.1" SpawnDistanceFromPlayer="20" SpawnCountPerTick="1" />
      <ReinforcementGroup Percentage="5" GroupCountMin="1" GroupCountMax="3" Category="W" Category_CPMin="6" Category_CPMax="8" DelayBeforeFirstSpawn="1" DelayBetweenGroups="3" DelayBetweenMonsterSpawn="0.1" SpawnDistanceFromPlayer="20" SpawnCountPerTick="1" />
      <ReinforcementGroup Percentage="5" GroupCountMin="1" GroupCountMax="2" Category="H" Category_CPMin="4" Category_CPMax="6" DelayBeforeFirstSpawn="1" DelayBetweenGroups="3" DelayBetweenMonsterSpawn="0.1" SpawnDistanceFromPlayer="20" SpawnCountPerTick="1" />
    </SpawnPatterns>
  </MonsterManager>
  <MonsterManager Name="MM_Beta_NPC2_Floor6">
    <DesignParams GroupValueModifierPercent="50" GroupValueDispersionPercent="20" HConstraint_CountThreshold="3" HConstraint_TriggerFactorPercent="30" CConstraint_CountThreshold="3" CConstraint_TriggerFactorPercent="50">
      <ActivationTriggers>
        <Entry Percentage="100" Factor="1.1" />
      </ActivationTriggers>
      <SpreadMode SpreadPercent="10" PackPercent="80" />
    </DesignParams>
    <Population iPick="1">
      <Entry SCF="AdventureMode_NPC2_Outlaw" Weight="1" />
      <Entry SCF="AdventureMode_NPC2_SvriirLand" Weight="1" />
    </Population>
    <CombatPointsRepartition Mode="deduced" CPPerSquareMeter="0.023" DefaultSpawnerSpawnRadius="15" DefaultSpawnerTriggerHeight="10" />
    <Categories>
      <Entry Category="W" SpawnClassFamily="" MandatoryContentKeywords="weak,trash" />
      <Entry Category="T" SpawnClassFamily="" MandatoryContentKeywords="trash" />
      <Entry Category="H" SpawnClassFamily="" MandatoryContentKeywords="heavy" />
      <Entry Category="L" SpawnClassFamily="" MandatoryContentKeywords="lieutenant" />
      <Entry Category="E" SpawnClassFamily="" MandatoryContentKeywords="elite" />
    </Categories>
    <RMP>
      <Entry Category="W" Percentage="20" />
      <Entry Category="T" Percentage="45" />
      <Entry Category="H" Percentage="15" />
      <Entry Category="L" Percentage="20" />
      <Entry Category="E" Percentage="" />
    </RMP>
    <AdditiveEvents>
      <Event>
        <AdditiveTriggerParams Mode="auto" CPMin="100" CPMax="100" PercentageDispersion="25" />
        <EventChoices>
          <EventChoice Weight="30" ThresholdMode="fixed" ThresholdMax="0" ThresholdMin="0" BossRank="champion" Category="L" Category_EntityMin="3" Category_EntityMax="3" />
          <EventChoice Weight="20" ThresholdMode="fixed" ThresholdMax="0" ThresholdMin="0" BossRank="Lord" Category="L" Category_EntityMin="2" Category_EntityMax="2" />
          <EventChoice Weight="20" ThresholdMode="fixed" ThresholdMax="0" ThresholdMin="0" BossRank="" Category="E" Category_EntityMin="1" Category_EntityMax="1" />
          <EventChoice Weight="15" ThresholdMode="fixed" ThresholdMax="0" ThresholdMin="0" BossRank="champion" Category="E" Category_EntityMin="1" Category_EntityMax="1" />
          <EventChoice Weight="10" ThresholdMode="fixed" ThresholdMax="0" ThresholdMin="0" BossRank="Lord" Category="E" Category_EntityMin="1" Category_EntityMax="1" />
          <EventChoice Weight="5" ThresholdMode="fixed" ThresholdMax="0" ThresholdMin="0" BossRank="Elder" Category="E" Category_EntityMin="1" Category_EntityMax="1" />
        </EventChoices>
      </Event>
    </AdditiveEvents>
    <Constraints>
      <Limitation_ByName AIName="outlaws_kennelmaster" MaxNumberInGroup="1" />
      <Limitation_ByName AIName="svriir_beta_spawner" MaxNumberInGroup="1" />
      <Limitation_ByName AIName="cultofsouls_lanternbearer" MaxNumberInGroup="1" />
      <Limitation_ByName AIName="cultofsouls_specter" MaxNumberInGroup="1" />
      <Limitation_ByKeyword AIKeyword="lieutenant" MaxNumberInGroup="3" />
      <Limitation_ByKeyword AIKeyword="elite" MaxNumberInGroup="1" />
      <Limitation_ByKeyword AIKeyword="heavy" MaxNumberInGroup="3" />
      <Limitation_ByKeyword AIKeyword="summoner" MaxNumberInGroup="2" />
      <Diversity_SinglePopulation Percentage="25" />
      <Diversity_SingleCategory_SingleMonster Percentage="10" Category="T" />
      <Diversity_SingleCategory_SingleMonster Percentage="10" Category="W" />
      <Diversity_SingleCategory_SingleMonster Percentage="5" Category="H" />
      <Diversity_SingleCategory_SingleMonster Percentage="5" Category="L" />
    </Constraints>
    <SpawnPatterns>
      <Ambush Percentage="5" TriggerRadiusOverride="5" BaseSpawnRadiusOverride="15" DelayBeforeFirstSpawn="0" DelayBetweenMonsterSpawn="0.1" SpawnCountPerTick="1" />
      <SurroundingAssault Percentage="5" TriggerRadiusOverride="15" SpawnRadiusMin="7" SpawnRadiusMax="9" DelayBeforeFirstSpawn="0" DelayBetweenMonsterSpawn="0.1" SpawnCountPerTick="1" />
      <ReinforcementGroup Percentage="5" GroupCountMin="1" GroupCountMax="2" Category="T" Category_CPMin="6" Category_CPMax="10" DelayBeforeFirstSpawn="1" DelayBetweenGroups="2.5" DelayBetweenMonsterSpawn="0.1" SpawnDistanceFromPlayer="20" SpawnCountPerTick="1" />
      <ReinforcementGroup Percentage="5" GroupCountMin="1" GroupCountMax="3" Category="W" Category_CPMin="6" Category_CPMax="8" DelayBeforeFirstSpawn="1" DelayBetweenGroups="3" DelayBetweenMonsterSpawn="0.1" SpawnDistanceFromPlayer="20" SpawnCountPerTick="1" />
      <ReinforcementGroup Percentage="5" GroupCountMin="1" GroupCountMax="2" Category="H" Category_CPMin="4" Category_CPMax="6" DelayBeforeFirstSpawn="1" DelayBetweenGroups="3" DelayBetweenMonsterSpawn="0.1" SpawnDistanceFromPlayer="20" SpawnCountPerTick="1" />
    </SpawnPatterns>
  </MonsterManager>
</MetaData>