<MetaData>
  <MonsterManager Name="MM_StoryMode_Act1_WreckCoast">
    <DesignParams GroupValueModifierPercent="50" GroupValueDispersionPercent="25" HConstraint_CountThreshold="2" HConstraint_TriggerFactorPercent="30" CConstraint_CountThreshold="2" CConstraint_TriggerFactorPercent="50">
      <ActivationTriggers>
        <Entry Percentage="100" Factor="1.1" />
      </ActivationTriggers>
      <SpreadMode PackPercent="100" />
    </DesignParams>
    <CombatPointsRepartition Mode="fixed" CP="12" DefaultSpawnerSpawnRadius="15" DefaultSpawnerTriggerHeight="20" />
    <Categories>
      <Entry Category="S_B" SpawnClassFamily="Scf_WreckCoast_S_B" MandatoryContentKeywords="" />
    </Categories>
    <RMP>
      <Entry Category="S_B" Percentage="100" />
    </RMP>
    <FMP>
      <Entry DeduceCPFromTotal="0" SpawnClassFamily="Scf_WreckCoast_S_O" />
      <Entry DeduceCPFromTotal="0" SpawnClassFamily="Scf_WreckCoast_S_B" />
    </FMP>
  </MonsterManager>
  <MonsterManager Name="MM_StoryMode_Act1_Highlands">
    <DesignParams GroupValueModifierPercent="30" GroupValueDispersionPercent="10" HConstraint_CountThreshold="3" HConstraint_TriggerFactorPercent="20" CConstraint_CountThreshold="3" CConstraint_TriggerFactorPercent="50">
      <ActivationTriggers>
        <Entry Percentage="100" Factor="1.1" />
      </ActivationTriggers>
      <SpreadMode PackPercent="100" />
    </DesignParams>
    <CombatPointsRepartition Mode="fixed" CP="18" DefaultSpawnerSpawnRadius="15" DefaultSpawnerTriggerHeight="20" />
    <Categories>
      <Entry Category="S_B" SpawnClassFamily="Scf_Highlands_S_B" MandatoryContentKeywords="" />
      <Entry Category="S_O" SpawnClassFamily="Scf_Highlands_S_O" MandatoryContentKeywords="" />
      <Entry Category="S_BO" SpawnClassFamily="Scf_Highlands_S_BO" MandatoryContentKeywords="" />
    </Categories>
    <RMP>
      <Entry Category="S_BO" Percentage="50" />
    </RMP>
    <FMP>
      <Entry DeduceCPFromTotal="0" SpawnClassFamily="Scf_Highlands_S_Medium" />
      <Entry DeduceCPFromTotal="0" SpawnClassFamily="Scf_Highlands_S_B" />
      <Entry DeduceCPFromTotal="0" SpawnClassFamily="Scf_Highlands_S_O" />
      <Entry DeduceCPFromTotal="0" SpawnClassFamily="Scf_Highlands_S_Named_Spi" />
      <Entry DeduceCPFromTotal="0" SpawnClassFamily="Scf_Highlands_S_Hard" />
    </FMP>
  </MonsterManager>
  <MonsterManager Name="MM_StoryMode_Act1_Farmlands">
    <DesignParams GroupValueModifierPercent="40" GroupValueDispersionPercent="0" HConstraint_CountThreshold="3" HConstraint_TriggerFactorPercent="25" CConstraint_CountThreshold="3" CConstraint_TriggerFactorPercent="50">
      <ActivationTriggers>
        <Entry Percentage="100" Factor="1.1" />
      </ActivationTriggers>
      <SpreadMode PackPercent="100" />
    </DesignParams>
    <CombatPointsRepartition Mode="fixed" CP="310" DefaultSpawnerSpawnRadius="12" DefaultSpawnerTriggerHeight="10" />
    <Categories>
      <Entry Category="Trash" SpawnClassFamily="Scf_Farmlands_S_Trash" MandatoryContentKeywords="" />
      <Entry Category="TrashLight" SpawnClassFamily="Scf_Farmlands_S_B" MandatoryContentKeywords="" />
      <Entry Category="TrashMedium" SpawnClassFamily="Scf_Farmlands_S_O" MandatoryContentKeywords="" />
      <Entry Category="TrashHeavy" SpawnClassFamily="Scf_Farmlands_S_HeavyTrash" MandatoryContentKeywords="" />
      <Entry Category="Scr" SpawnClassFamily="Scf_Farmlands_S_Scr" MandatoryContentKeywords="" />
      <Entry Category="Spi" SpawnClassFamily="Scf_Farmlands_S_Spi" MandatoryContentKeywords="" />
    </Categories>
    <RMP>
      <Entry Category="TrashLight" Percentage="28" />
      <Entry Category="TrashMedium" Percentage="47" />
      <Entry Category="TrashHeavy" Percentage="12" />
      <Entry Category="Scr" Percentage="6.5" />
      <Entry Category="Spi" Percentage="6.5" />
    </RMP>
    <AdditiveEvents>
      <Event>
        <AdditiveTriggerParams Mode="auto" CPMin="55" CPMax="55" PercentageDispersion="25" />
        <EventChoices>
          <EventChoice Weight="1" ThresholdMode="fixed" ThresholdMax="0" ThresholdMin="0" BossRank="champion" />
        </EventChoices>
      </Event>
    </AdditiveEvents>
    <FMP>
      <Entry DeduceCPFromTotal="0" SpawnClassFamily="Scf_Farmlands_S_O" />
      <Entry DeduceCPFromTotal="0" SpawnClassFamily="Scf_Farmlands_S_B" />
      <Entry DeduceCPFromTotal="0" SpawnClassFamily="Scf_Farmlands_S_Scr" />
      <Entry DeduceCPFromTotal="0" SpawnClassFamily="Scf_Farmlands_Trash_B_EasyCP4" />
      <Entry DeduceCPFromTotal="0" SpawnClassFamily="Scf_Farmlands_Trash_B_MediumCP7" />
      <Entry DeduceCPFromTotal="0" SpawnClassFamily="Scf_Farmlands_Trash_B_HardCP10" />
      <Entry DeduceCPFromTotal="0" SpawnClassFamily="Scf_Farmlands_Lieutenant_B_CP6" />
      <Entry DeduceCPFromTotal="0" SpawnClassFamily="Scf_Farmlands_B_Me" />
      <Entry DeduceCPFromTotal="0" SpawnClassFamily="Scf_Farmlands_B_Br" />
      <Entry DeduceCPFromTotal="0" SpawnClassFamily="Scf_Farmlands_B_Tr" />
      <Entry DeduceCPFromTotal="0" SpawnClassFamily="Scf_Farmlands_StormfallGuardMelee" />
      <Entry DeduceCPFromTotal="0" SpawnClassFamily="Scf_Farmlands1_SoulTremor_1" />
      <Entry DeduceCPFromTotal="0" SpawnClassFamily="Scf_Farmlands1_SoulTremor_2" />
      <Entry DeduceCPFromTotal="0" SpawnClassFamily="Scf_Farmlands2_SoulTremor_1" />
      <Entry DeduceCPFromTotal="0" SpawnClassFamily="Scf_Farmlands2_SoulTremor_2" />
      <Entry DeduceCPFromTotal="0" SpawnClassFamily="Scf_Farmlands2_SoulTremor_3" />
      <Entry DeduceCPFromTotal="0" SpawnClassFamily="Scf_Farmlands_S_BR1_Scr" />
      <Entry DeduceCPFromTotal="0" SpawnClassFamily="Scf_Farmlands_S_BR1_Br" />
      <Entry DeduceCPFromTotal="0" SpawnClassFamily="Scf_Farmlands_S_BR1_Tr" />
    </FMP>
    <Constraints>
      <Limitation_ByKeyword AIKeyword="heavy" MaxNumberInGroup="3" />
      <Limitation_ByKeyword AIKeyword="lieutenant" MaxNumberInGroup="2" />
      <Diversity_SingleCategory_SingleMonster Percentage="10" Category="TrashLight" />
      <Diversity_SingleCategory_SingleMonster Percentage="10" Category="TrashMedium" />
      <Diversity_SingleCategory_SingleMonster Percentage="5" Category="TrashHeavy" />
    </Constraints>
    <SpawnPatterns>
      <ReinforcementGroup Percentage="11.5" GroupCountMin="1" GroupCountMax="3" Category="TrashLight" Category_CPMin="4" Category_CPMax="4" DelayBeforeFirstSpawn="1" DelayBetweenGroups="4" DelayBetweenMonsterSpawn="0.1" SpawnDistanceFromPlayer="20" SpawnCountPerTick="1" />
      <ReinforcementGroup Percentage="11.5" GroupCountMin="1" GroupCountMax="2" Category="TrashMedium" Category_CPMin="6" Category_CPMax="6" DelayBeforeFirstSpawn="1" DelayBetweenGroups="4" DelayBetweenMonsterSpawn="0.1" SpawnDistanceFromPlayer="20" SpawnCountPerTick="1" />
      <ReinforcementGroup Percentage="7" GroupCountMin="1" GroupCountMax="1" Category="TrashHeavy" Category_CPMin="6" Category_CPMax="6" DelayBeforeFirstSpawn="1" DelayBetweenGroups="4" DelayBetweenMonsterSpawn="0.1" SpawnDistanceFromPlayer="20" SpawnCountPerTick="1" />
    </SpawnPatterns>
  </MonsterManager>
  <MonsterManager Name="MM_StoryMode_Act1_SvriirsNetwork1">
    <DesignParams GroupValueModifierPercent="40" GroupValueDispersionPercent="0" HConstraint_CountThreshold="3" HConstraint_TriggerFactorPercent="25" CConstraint_CountThreshold="3" CConstraint_TriggerFactorPercent="50">
      <ActivationTriggers>
        <Entry Percentage="100" Factor="1.1" />
      </ActivationTriggers>
      <SpreadMode PackPercent="70" SpreadPercent="20" />
    </DesignParams>
    <CombatPointsRepartition Mode="deduced" CPPerSquareMeter="0.01" DefaultSpawnerSpawnRadius="15" DefaultSpawnerTriggerHeight="10" />
    <Categories>
      <Entry Category="Trash" SpawnClassFamily="Scf_SvriirsNetwork1_S_Trash" MandatoryContentKeywords="" />
      <Entry Category="TrashMedium" SpawnClassFamily="Scf_SvriirsNetwork1_S_O" MandatoryContentKeywords="" />
      <Entry Category="TrashLightMelee" SpawnClassFamily="Scf_SvriirsNetwork1_S_B" MandatoryContentKeywords="" />
      <Entry Category="TrashLightRange" SpawnClassFamily="Scf_SvriirsNetwork1_S_MS" MandatoryContentKeywords="" />
      <Entry Category="TrashHeavy" SpawnClassFamily="Scf_SvriirsNetwork1_S_HeavyTrash" MandatoryContentKeywords="" />
      <Entry Category="Spa" SpawnClassFamily="Scf_SvriirsNetwork1_S_Spa" MandatoryContentKeywords="" />
      <Entry Category="Scr" SpawnClassFamily="Scf_SvriirsNetwork1_S_Scr" MandatoryContentKeywords="" />
    </Categories>
    <RMP>
      <Entry Category="TrashLightRange" Percentage="28" />
      <Entry Category="TrashMedium" Percentage="47" />
      <Entry Category="TrashHeavy" Percentage="12" />
      <Entry Category="Spa" Percentage="6.5" />
      <Entry Category="Scr" Percentage="6.5" />
    </RMP>
    <FMP>
      <Entry DeduceCPFromTotal="0" SpawnClassFamily="Scf_SvriirsNetwork1_S_Trash" />
      <Entry DeduceCPFromTotal="0" SpawnClassFamily="Scf_SvriirsNetwork1_S_O" />
      <Entry DeduceCPFromTotal="0" SpawnClassFamily="Scf_SvriirsNetwork1_S_B" />
      <Entry DeduceCPFromTotal="0" SpawnClassFamily="Scf_SvriirsNetwork1_S_HeavyTrash" />
      <Entry DeduceCPFromTotal="0" SpawnClassFamily="Scf_SvriirsNetwork1_S_Scr" />
      <Entry DeduceCPFromTotal="0" SpawnClassFamily="Scf_SvriirsNetwork1_S_Spa" />
      <Entry DeduceCPFromTotal="0" SpawnClassFamily="Scf_SvriirsNetwork1_COS_Trash" />
      <Entry DeduceCPFromTotal="0" SpawnClassFamily="Scf_SvriirsNetwork1_SoulTremor_CP6" />
      <Entry DeduceCPFromTotal="0" SpawnClassFamily="Scf_SvriirsNetwork1_SoulTremor_LostSoul" />
      <Entry DeduceCPFromTotal="0" SpawnClassFamily="Scf_SvriirsNetwork1_SoulTremor_MiniSpecterShadow" />
      <Entry DeduceCPFromTotal="0" SpawnClassFamily="Scf_SvriirsNetwork1_SoulTremor_NS1_1" />
      <Entry DeduceCPFromTotal="0" SpawnClassFamily="Scf_SvriirsNetwork1_SoulTremor_NS1_2" />
      <Entry DeduceCPFromTotal="0" SpawnClassFamily="Scf_SvriirsNetwork1_SoulTremor_NS1_3" />
      <Entry DeduceCPFromTotal="0" SpawnClassFamily="Scf_SvriirsNetwork1_SoulTremor_NS2_1" />
      <Entry DeduceCPFromTotal="0" SpawnClassFamily="Scf_SvriirsNetwork1_SoulTremor_NS2_2" />
      <Entry DeduceCPFromTotal="0" SpawnClassFamily="Scf_SvriirsNetwork1_SoulTremor_NS3_1" />
      <Entry DeduceCPFromTotal="0" SpawnClassFamily="Scf_SvriirsNetwork1_SoulTremor_NS3_2" />
      <Entry DeduceCPFromTotal="0" SpawnClassFamily="Scf_SvriirsNetwork1_SoulTremor_NS3_3" />
    </FMP>
    <Constraints>
      <Limitation_ByKeyword AIKeyword="heavy" MaxNumberInGroup="3" />
      <Limitation_ByKeyword AIKeyword="lieutenant" MaxNumberInGroup="2" />
      <Diversity_SingleCategory_SingleMonster Percentage="15" Category="TrashLightRange" />
      <Diversity_SingleCategory_SingleMonster Percentage="5" Category="TrashMedium" />
      <Diversity_SingleCategory_SingleMonster Percentage="5" Category="TrashHeavy" />
    </Constraints>
    <AdditiveEvents>
      <Event>
        <AdditiveTriggerParams Mode="auto" CPMin="70" CPMax="70" PercentageDispersion="25" />
        <EventChoices>
          <EventChoice Weight="1" ThresholdMode="fixed" ThresholdMax="0" ThresholdMin="0" BossRank="champion" />
        </EventChoices>
      </Event>
    </AdditiveEvents>
    <SpawnPatterns>
      <SurroundingAssault Percentage="5" TriggerRadiusOverride="15" SpawnRadiusMin="7" SpawnRadiusMax="9" DelayBeforeFirstSpawn="1" DelayBetweenMonsterSpawn="0.1" SpawnCountPerTick="1" />
      <ReinforcementGroup Percentage="10" GroupCountMin="2" GroupCountMax="3" Category="TrashLightMelee" Category_CPMin="4" Category_CPMax="4" DelayBeforeFirstSpawn="1" DelayBetweenGroups="4" DelayBetweenMonsterSpawn="0.1" SpawnDistanceFromPlayer="20" SpawnCountPerTick="1" />
      <ReinforcementGroup Percentage="5" GroupCountMin="1" GroupCountMax="2" Category="TrashHeavy" Category_CPMin="4" Category_CPMax="4" DelayBeforeFirstSpawn="1" DelayBetweenGroups="4" DelayBetweenMonsterSpawn="0.1" SpawnDistanceFromPlayer="20" SpawnCountPerTick="1" />
    </SpawnPatterns>
  </MonsterManager>
  <MonsterManager Name="MM_StoryMode_Act1_SvriirsNetwork2">
    <DesignParams GroupValueModifierPercent="45" GroupValueDispersionPercent="0" HConstraint_CountThreshold="3" HConstraint_TriggerFactorPercent="25" CConstraint_CountThreshold="3" CConstraint_TriggerFactorPercent="50">
      <ActivationTriggers>
        <Entry Percentage="100" Factor="1.1" />
      </ActivationTriggers>
      <SpreadMode PackPercent="70" SpreadPercent="20" />
    </DesignParams>
    <CombatPointsRepartition Mode="deduced" CPPerSquareMeter="0.01" DefaultSpawnerSpawnRadius="15" DefaultSpawnerTriggerHeight="10" />
    <Categories>
      <Entry Category="Trash" SpawnClassFamily="Scf_SvriirsNetwork2_S_Trash" MandatoryContentKeywords="" />
      <Entry Category="TrashMedium" SpawnClassFamily="Scf_SvriirsNetwork2_S_O" MandatoryContentKeywords="" />
      <Entry Category="TrashLightMelee" SpawnClassFamily="Scf_SvriirsNetwork2_S_B" MandatoryContentKeywords="" />
      <Entry Category="TrashLightRange" SpawnClassFamily="Scf_SvriirsNetwork2_S_MS" MandatoryContentKeywords="" />
      <Entry Category="OF" SpawnClassFamily="Scf_SvriirsNetwork2_S_OF" MandatoryContentKeywords="" />
      <Entry Category="TM" SpawnClassFamily="Scf_SvriirsNetwork2_S_TM" MandatoryContentKeywords="" />
      <Entry Category="Lieutenant" SpawnClassFamily="Scf_SvriirsNetwork2_S_Lieutenant" MandatoryContentKeywords="" />
    </Categories>
    <RMP>
      <Entry Category="TrashLightRange" Percentage="28" />
      <Entry Category="TrashMedium" Percentage="45" />
      <Entry Category="OF" Percentage="8" />
      <Entry Category="TM" Percentage="4" />
      <Entry Category="Lieutenant" Percentage="15" />
    </RMP>
    <FMP>
      <Entry DeduceCPFromTotal="0" SpawnClassFamily="Scf_SvriirsNetwork2_SoulTremor_MiniHalfBreedShadow" />
      <Entry DeduceCPFromTotal="0" SpawnClassFamily="Scf_SvriirsNetwork2_SoulTremor_LostSoul" />
      <Entry DeduceCPFromTotal="0" SpawnClassFamily="Scf_SvriirsNetwork2_SoulTremor_CP6" />
      <Entry DeduceCPFromTotal="0" SpawnClassFamily="Scf_SvriirsNetwork2_S_Trash" />
      <Entry DeduceCPFromTotal="0" SpawnClassFamily="Scf_SvriirsNetwork2_S_O" />
      <Entry DeduceCPFromTotal="0" SpawnClassFamily="Scf_SvriirsNetwork2_S_Lieutenant" />
      <Entry DeduceCPFromTotal="0" SpawnClassFamily="Scf_SvriirsNetwork2_S_Scr" />
      <Entry DeduceCPFromTotal="0" SpawnClassFamily="Scf_SvriirsNetwork2_S_Spa" />
      <Entry DeduceCPFromTotal="0" SpawnClassFamily="Scf_SvriirsNetwork2_S_Spi" />
      <Entry DeduceCPFromTotal="0" SpawnClassFamily="Scf_SvriirsNetwork2_SoulTremor_SW1" />
      <Entry DeduceCPFromTotal="0" SpawnClassFamily="Scf_SvriirsNetwork2_SoulTremor_SW2" />
      <Entry DeduceCPFromTotal="0" SpawnClassFamily="Scf_SvriirsNetwork2_SoulTremor_SW3" />
      <Entry DeduceCPFromTotal="0" SpawnClassFamily="Scf_SvriirsNetwork2_SoulTremor_SW4" />
      <Entry DeduceCPFromTotal="0" SpawnClassFamily="Scf_SvriirsNetwork2_SoulTremor_SW5" />
      <Entry DeduceCPFromTotal="0" SpawnClassFamily="Scf_SvriirsNetwork2_SoulTremor_NE1" />
      <Entry DeduceCPFromTotal="0" SpawnClassFamily="Scf_SvriirsNetwork2_SoulTremor_NE2" />
      <Entry DeduceCPFromTotal="0" SpawnClassFamily="Scf_SvriirsNetwork2_SoulTremor_NE3" />
    </FMP>
    <Constraints>
      <Limitation_ByKeyword AIKeyword="heavy" MaxNumberInGroup="3" />
      <Limitation_ByKeyword AIKeyword="lieutenant" MaxNumberInGroup="2" />
      <Diversity_SingleCategory_SingleMonster Percentage="10" Category="TrashLightRange" />
      <Diversity_SingleCategory_SingleMonster Percentage="10" Category="TrashMedium" />
      <Diversity_SingleCategory_SingleMonster Percentage="5" Category="OF" />
    </Constraints>
    <AdditiveEvents>
      <Event>
        <AdditiveTriggerParams Mode="auto" CPMin="50" CPMax="50" PercentageDispersion="25" />
        <EventChoices>
          <EventChoice Weight="1" ThresholdMode="fixed" ThresholdMax="0" ThresholdMin="0" SCF="" Category="Lieutenant" Category_EntityMin="2" Category_EntityMax="2" BossRank="champion" />
        </EventChoices>
      </Event>
    </AdditiveEvents>
    <SpawnPatterns>
      <SurroundingAssault Percentage="10" TriggerRadiusOverride="15" SpawnRadiusMin="7" SpawnRadiusMax="9" DelayBeforeFirstSpawn="1" DelayBetweenMonsterSpawn="0.1" SpawnCountPerTick="1" />
      <ReinforcementGroup Percentage="10" GroupCountMin="1" GroupCountMax="3" Category="TrashLightMelee" Category_CPMin="3" Category_CPMax="6" DelayBeforeFirstSpawn="1" DelayBetweenGroups="3" DelayBetweenMonsterSpawn="0.1" SpawnDistanceFromPlayer="20" SpawnCountPerTick="1" />
      <ReinforcementGroup Percentage="5" GroupCountMin="1" GroupCountMax="1" Category="TM" Category_CPMin="4" Category_CPMax="4" DelayBeforeFirstSpawn="1" DelayBetweenGroups="4" DelayBetweenMonsterSpawn="0.1" SpawnDistanceFromPlayer="20" SpawnCountPerTick="1" />
    </SpawnPatterns>
  </MonsterManager>
  <MonsterManager Name="MM_StoryMode_Act1_FlayersOutpost">
    <DesignParams GroupValueModifierPercent="50" GroupValueDispersionPercent="0" HConstraint_CountThreshold="3" HConstraint_TriggerFactorPercent="25" CConstraint_CountThreshold="3" CConstraint_TriggerFactorPercent="50">
      <ActivationTriggers>
        <Entry Percentage="100" Factor="1.1" />
      </ActivationTriggers>
      <SpreadMode PackPercent="70" SpreadPercent="20" />
    </DesignParams>
    <CombatPointsRepartition Mode="fixed" CP="330" DefaultSpawnerSpawnRadius="15" DefaultSpawnerTriggerHeight="10" />
    <Categories>
      <Entry Category="Lieutenant" SpawnClassFamily="Scf_FlayersOutpost_B_Lieutenant" MandatoryContentKeywords="" />
      <Entry Category="TrashBanditMelee" SpawnClassFamily="Scf_FlayersOutpost_B_Me" MandatoryContentKeywords="" />
      <Entry Category="TrashBanditRange" SpawnClassFamily="Scf_FlayersOutpost_B_R" MandatoryContentKeywords="" />
      <Entry Category="TrashWorgMelee" SpawnClassFamily="Scf_FlayersOutpost_B_W" MandatoryContentKeywords="" />
      <Entry Category="TrashWorgHeavy" SpawnClassFamily="Scf_FlayersOutpost_B_WorgHeavy" MandatoryContentKeywords="" />
      <Entry Category="Tr" SpawnClassFamily="Scf_FlayersOutpost_B_Tr" MandatoryContentKeywords="" />
      <Entry Category="Km" SpawnClassFamily="Scf_FlayersOutpost_B_Km" MandatoryContentKeywords="" />
      <Entry Category="Br" SpawnClassFamily="Scf_FlayersOutpost_B_Br" MandatoryContentKeywords="" />
    </Categories>
    <RMP>
      <Entry Category="TrashBanditMelee" Percentage="20" />
      <Entry Category="TrashBanditRange" Percentage="35" />
      <Entry Category="TrashWorgMelee" Percentage="20" />
      <Entry Category="TrashWorgHeavy" Percentage="12" />
      <Entry Category="Km" Percentage="5" />
      <Entry Category="Tr" Percentage="3" />
      <Entry Category="Br" Percentage="5" />
    </RMP>
    <FMP>
      <Entry DeduceCPFromTotal="0" SpawnClassFamily="Scf_FlayersOutpost_B_Me" />
      <Entry DeduceCPFromTotal="0" SpawnClassFamily="Scf_FlayersOutpost_B_R" />
      <Entry DeduceCPFromTotal="0" SpawnClassFamily="Scf_FlayersOutpost_B_W" />
      <Entry DeduceCPFromTotal="0" SpawnClassFamily="Scf_FlayersOutpost_B_Km" />
      <Entry DeduceCPFromTotal="0" SpawnClassFamily="Scf_FlayersOutpost_B_Tr" />
      <Entry DeduceCPFromTotal="0" SpawnClassFamily="Scf_FlayersOutpost_SoulTremor1_1" />
      <Entry DeduceCPFromTotal="0" SpawnClassFamily="Scf_FlayersOutpost_SoulTremor1_2" />
      <Entry DeduceCPFromTotal="0" SpawnClassFamily="Scf_FlayersOutpost_SoulTremor2_1" />
      <Entry DeduceCPFromTotal="0" SpawnClassFamily="Scf_FlayersOutpost_SoulTremor2_2" />
      <Entry DeduceCPFromTotal="0" SpawnClassFamily="Scf_FlayersOutpost_SoulTremor2_3" />
      <Entry DeduceCPFromTotal="0" SpawnClassFamily="Scf_FlayersOutpost_SoulTremor_HB" />
      <Entry DeduceCPFromTotal="0" SpawnClassFamily="Scf_FlayersOutpost_SoulTremor_LostSoul" />
      <Entry DeduceCPFromTotal="0" SpawnClassFamily="Scf_FlayersOutpost_SoulTremor_MiniHalfBreedShadow" />
      <Entry DeduceCPFromTotal="0" SpawnClassFamily="Scf_FlayersOutpost_SoulTremor_MiniSpecterShadow" />
      <Entry DeduceCPFromTotal="0" SpawnClassFamily="Scf_FlayersOutpost_SoulTremor_LightTrash" />
    </FMP>
    <Constraints>
      <Limitation_ByKeyword AIKeyword="lieutenant" MaxNumberInGroup="2" />
      <Limitation_ByKeyword AIKeyword="heavy" MaxNumberInGroup="3" />
      <Diversity_SingleCategory_SingleMonster Percentage="10" Category="TrashBanditMelee" />
      <Diversity_SingleCategory_SingleMonster Percentage="5" Category="TrashBanditRange" />
      <Diversity_SingleCategory_SingleMonster Percentage="5" Category="TrashWorgMelee" />
      <Diversity_SingleCategory_SingleMonster Percentage="5" Category="TrashWorgHeavy" />
    </Constraints>
    <AdditiveEvents>
      <Event>
        <AdditiveTriggerParams Mode="auto" CPMin="80" CPMax="80" PercentageDispersion="25" />
        <EventChoices>
          <EventChoice Weight="1" ThresholdMode="fixed" ThresholdMax="0" ThresholdMin="1" SCF="" Category="Lieutenant" Category_EntityMin="2" Category_EntityMax="2" BossRank="champion" />
          <EventChoice Weight="1" ThresholdMode="fixed" ThresholdMax="0" ThresholdMin="0" BossRank="champion" />
        </EventChoices>
      </Event>
    </AdditiveEvents>
    <SpawnPatterns>
      <Ambush Percentage="5" TriggerRadiusOverride="9" BaseSpawnRadiusOverride="12" DelayBeforeFirstSpawn="1" DelayBetweenMonsterSpawn="0.1" SpawnCountPerTick="1" />
      <SurroundingAssault Percentage="5" TriggerRadiusOverride="15" SpawnRadiusMin="7" SpawnRadiusMax="9" DelayBeforeFirstSpawn="1" DelayBetweenMonsterSpawn="0.1" SpawnCountPerTick="1" />
    </SpawnPatterns>
  </MonsterManager>
  <MonsterManager Name="MM_StoryMode_Act1_Forest">
    <DesignParams GroupValueModifierPercent="50" GroupValueDispersionPercent="0" HConstraint_CountThreshold="3" HConstraint_TriggerFactorPercent="25" CConstraint_CountThreshold="3" CConstraint_TriggerFactorPercent="50">
      <ActivationTriggers>
        <Entry Percentage="100" Factor="1.1" />
      </ActivationTriggers>
      <SpreadMode PackPercent="70" SpreadPercent="20" />
    </DesignParams>
    <CombatPointsRepartition Mode="deduced" CPPerSquareMeter="0.013" DefaultSpawnerSpawnRadius="15" DefaultSpawnerTriggerHeight="10" />
    <Categories>
      <Entry Category="TrashMeleeWild" SpawnClassFamily="Scf_Forest_W_SS" MandatoryContentKeywords="" />
      <Entry Category="TrashRangeBandit" SpawnClassFamily="Scf_Forest_B_R" MandatoryContentKeywords="" />
      <Entry Category="TrashMeleeWorg" SpawnClassFamily="Scf_Forest_B_W" MandatoryContentKeywords="" />
      <Entry Category="TrashHeavyWild" SpawnClassFamily="Scf_Forest_W_LB" MandatoryContentKeywords="" />
      <Entry Category="TrashMeleeBandit" SpawnClassFamily="Scf_Forest_B_Me" MandatoryContentKeywords="" />
      <Entry Category="Lieutenant" SpawnClassFamily="Scf_Forest_B_Lieutenant" MandatoryContentKeywords="" />
    </Categories>
    <RMP>
      <Entry Category="TrashMeleeWorg" Percentage="25" />
      <Entry Category="TrashRangeBandit" Percentage="35 " />
      <Entry Category="TrashMeleeBandit" Percentage="15 " />
      <Entry Category="TrashHeavyWild" Percentage="12" />
      <Entry Category="Lieutenant" Percentage="13" />
    </RMP>
    <FMP />
    <Constraints>
      <Limitation_ByKeyword AIKeyword="heavy" MaxNumberInGroup="3" />
      <Limitation_ByKeyword AIKeyword="lieutenant" MaxNumberInGroup="2" />
      <Diversity_SingleCategory_SingleMonster Percentage="10" Category="TrashMeleeWorg" />
      <Diversity_SingleCategory_SingleMonster Percentage="10" Category="TrashRangeBandit" />
      <Diversity_SingleCategory_SingleMonster Percentage="10" Category="TrashMeleeBandit" />
    </Constraints>
    <AdditiveEvents>
      <Event>
        <AdditiveTriggerParams Mode="auto" CPMin="80" CPMax="80" PercentageDispersion="25" />
        <EventChoices>
          <EventChoice Weight="1" ThresholdMode="fixed" ThresholdMax="0" ThresholdMin="1" SCF="" Category="Lieutenant" Category_EntityMin="2" Category_EntityMax="2" BossRank="champion" />
          <EventChoice Weight="1" ThresholdMode="fixed" ThresholdMax="0" ThresholdMin="0" BossRank="champion" />
        </EventChoices>
      </Event>
    </AdditiveEvents>
    <SpawnPatterns>
      <ReinforcementGroup Percentage="6.5" GroupCountMin="1" GroupCountMax="2" Category="TrashHeavyWild" Category_CPMin="4" Category_CPMax="4" DelayBeforeFirstSpawn="1" DelayBetweenGroups="3" DelayBetweenMonsterSpawn="0.1" SpawnDistanceFromPlayer="20" SpawnCountPerTick="1" />
      <ReinforcementGroup Percentage="6.5" GroupCountMin="2" GroupCountMax="3" Category="TrashMeleeWorg" Category_CPMin="4" Category_CPMax="6" DelayBeforeFirstSpawn="1" DelayBetweenGroups="1" DelayBetweenMonsterSpawn="0.1" SpawnDistanceFromPlayer="20" SpawnCountPerTick="1" />
      <ReinforcementGroup Percentage="20" GroupCountMin="1" GroupCountMax="3" Category="TrashMeleeWild" Category_CPMin="3" Category_CPMax="6" DelayBeforeFirstSpawn="1" DelayBetweenGroups="4" DelayBetweenMonsterSpawn="0.1" SpawnDistanceFromPlayer="15" SpawnCountPerTick="1" />
    </SpawnPatterns>
  </MonsterManager>
  <MonsterManager Name="MM_StoryMode_Act1_SmugglersPath">
    <DesignParams GroupValueModifierPercent="45" GroupValueDispersionPercent="0" HConstraint_CountThreshold="3" HConstraint_TriggerFactorPercent="25" CConstraint_CountThreshold="3" CConstraint_TriggerFactorPercent="50">
      <ActivationTriggers>
        <Entry Percentage="100" Factor="1.1" />
      </ActivationTriggers>
      <SpreadMode PackPercent="70" SpreadPercent="20" />
    </DesignParams>
    <CombatPointsRepartition Mode="deduced" CPPerSquareMeter="0.013" DefaultSpawnerSpawnRadius="12" DefaultSpawnerTriggerHeight="10" />
    <Categories>
      <Entry Category="Trash" SpawnClassFamily="Scf_SmugglersPath_S_TrashMelee" MandatoryContentKeywords="" />
      <Entry Category="TrashSvriirLightMelee" SpawnClassFamily="Scf_SmugglersPath_S_B" MandatoryContentKeywords="" />
      <Entry Category="TrashSvriirLightRange" SpawnClassFamily="Scf_SmugglersPath_S_MS" MandatoryContentKeywords="" />
      <Entry Category="TrashSvriirMedium" SpawnClassFamily="Scf_SmugglersPath_S_O" MandatoryContentKeywords="" />
      <Entry Category="TrashRangeSpider" SpawnClassFamily="Scf_SmugglersPath_W_RangeSpider" MandatoryContentKeywords="" />
      <Entry Category="M" SpawnClassFamily="Scf_SmugglersPath_S_M" MandatoryContentKeywords="" />
      <Entry Category="OF" SpawnClassFamily="Scf_SmugglersPath_S_OF" MandatoryContentKeywords="" />
      <Entry Category="Lieutenant" SpawnClassFamily="Scf_SmugglersPath_S_Lieutenant" MandatoryContentKeywords="" />
      <Entry Category="Elite" SpawnClassFamily="Scf_SmugglersPath_S_A" MandatoryContentKeywords="" />
    </Categories>
    <RMP>
      <Entry Category="TrashSvriirLightMelee" Percentage="10" />
      <Entry Category="TrashSvriirLightRange" Percentage="10" />
      <Entry Category="TrashSvriirMedium" Percentage="35" />
      <Entry Category="TrashRangeSpider" Percentage="20" />
      <Entry Category="M" Percentage="4" />
      <Entry Category="OF" Percentage="8" />
      <Entry Category="Lieutenant" Percentage="13" />
    </RMP>
    <FMP />
    <Constraints>
      <Limitation_ByKeyword AIKeyword="heavy" MaxNumberInGroup="3" />
      <Limitation_ByKeyword AIKeyword="lieutenant" MaxNumberInGroup="3" />
      <Limitation_ByKeyword AIKeyword="summoner" MaxNumberInGroup="2" />
      <Diversity_SingleCategory_SingleMonster Percentage="7.5" Category="TrashSvriirLightMelee" />
      <Diversity_SingleCategory_SingleMonster Percentage="7.5" Category="TrashSvriirLightRange" />
      <Diversity_SingleCategory_SingleMonster Percentage="7.5" Category="TrashSvriirMedium" />
      <Diversity_SingleCategory_SingleMonster Percentage="7.5" Category="TrashRangeSpider" />
    </Constraints>
    <AdditiveEvents>
      <Event>
        <AdditiveTriggerParams Mode="auto" CPMin="75" CPMax="75" PercentageDispersion="25" />
        <EventChoices>
          <EventChoice Weight="1" ThresholdMode="fixed" ThresholdMax="0" ThresholdMin="1" SCF="" Category="Lieutenant" Category_EntityMin="3" Category_EntityMax="3" BossRank="champion" />
          <EventChoice Weight="1" ThresholdMode="fixed" ThresholdMax="0" ThresholdMin="0" BossRank="champion" />
          <EventChoice Weight="1" ThresholdMode="fixed" ThresholdMax="1" ThresholdMin="1" SCF="" Category="Elite" Category_EntityMin="1" Category_EntityMax="1" BossRank="" />
        </EventChoices>
      </Event>
    </AdditiveEvents>
    <SpawnPatterns>
      <SurroundingAssault Percentage="5" TriggerRadiusOverride="15" SpawnRadiusMin="7" SpawnRadiusMax="9" DelayBeforeFirstSpawn="1" DelayBetweenMonsterSpawn="0.1" SpawnCountPerTick="1" />
      <ReinforcementGroup Percentage="15" GroupCountMin="1" GroupCountMax="2" Category="Trash" Category_CPMin="3" Category_CPMax="6" DelayBeforeFirstSpawn="1" DelayBetweenGroups="2" DelayBetweenMonsterSpawn="0.1" SpawnDistanceFromPlayer="20" SpawnCountPerTick="1" />
      <ReinforcementGroup Percentage="5" GroupCountMin="1" GroupCountMax="2" Category="M" Category_CPMin="4" Category_CPMax="4" DelayBeforeFirstSpawn="1" DelayBetweenGroups="3" DelayBetweenMonsterSpawn="0.1" SpawnDistanceFromPlayer="20" SpawnCountPerTick="1" />
      <Ambush Percentage="5" TriggerRadiusOverride="9" BaseSpawnRadiusOverride="12" DelayBeforeFirstSpawn="1" DelayBetweenMonsterSpawn="0.1" SpawnCountPerTick="1" />
    </SpawnPatterns>
  </MonsterManager>
  <MonsterManager Name="MM_StoryMode_Act1_Necropolis1">
    <DesignParams GroupValueModifierPercent="45" GroupValueDispersionPercent="0" HConstraint_CountThreshold="3" HConstraint_TriggerFactorPercent="25" CConstraint_CountThreshold="3" CConstraint_TriggerFactorPercent="50">
      <ActivationTriggers>
        <Entry Percentage="100" Factor="1.1" />
      </ActivationTriggers>
      <SpreadMode PackPercent="70" SpreadPercent="20" />
    </DesignParams>
    <CombatPointsRepartition Mode="fixed" CP="160" DefaultSpawnerSpawnRadius="15" DefaultSpawnerTriggerHeight="10" />
    <Categories>
      <Entry Category="TrashLight" SpawnClassFamily="Scf_Necropolis1_COS_DC" MandatoryContentKeywords="" />
      <Entry Category="TrashMedium" SpawnClassFamily="Scf_Necropolis1_COS_ZF" MandatoryContentKeywords="" />
      <Entry Category="TrashHeavy" SpawnClassFamily="Scf_Necropolis1_COS_ZS" MandatoryContentKeywords="" />
      <Entry Category="HB" SpawnClassFamily="Scf_Necropolis1_COS_HB" MandatoryContentKeywords="" />
      <Entry Category="Lieutenant" SpawnClassFamily="Scf_Necropolis1_COS_Lieutenant" MandatoryContentKeywords="" />
    </Categories>
    <RMP>
      <Entry Category="TrashLight" Percentage="25" />
      <Entry Category="TrashMedium" Percentage="53" />
      <Entry Category="TrashHeavy" Percentage="12" />
      <Entry Category="HB" Percentage="10" />
    </RMP>
    <FMP>
      <Entry DeduceCPFromTotal="0" SpawnClassFamily="Scf_Necropolis1_COS_C" />
      <Entry DeduceCPFromTotal="0" SpawnClassFamily="Scf_Necropolis1_COS_F" />
      <Entry DeduceCPFromTotal="0" SpawnClassFamily="Scf_Necropolis1_COS_HB" />
      <Entry DeduceCPFromTotal="0" SpawnClassFamily="Scf_Necropolis1_COS_DC" />
      <Entry DeduceCPFromTotal="0" SpawnClassFamily="Scf_Necropolis1_COS_ZF" />
      <Entry DeduceCPFromTotal="0" SpawnClassFamily="Scf_Necropolis1_W_CP4" />
      <Entry DeduceCPFromTotal="0" SpawnClassFamily="Scf_Necropolis1_W_CP7" />
      <Entry DeduceCPFromTotal="0" SpawnClassFamily="Scf_Necropolis1_W_CP10" />
      <Entry DeduceCPFromTotal="0" SpawnClassFamily="Scf_Necropolis1_W_AllTrash" />
      <Entry DeduceCPFromTotal="0" SpawnClassFamily="Scf_DemonicCrystal_Right_TLGroup1" />
      <Entry DeduceCPFromTotal="0" SpawnClassFamily="Scf_DemonicCrystal_Right_TLGroup2" />
      <Entry DeduceCPFromTotal="0" SpawnClassFamily="Scf_DemonicCrystal_Left_TLGroup1" />
      <Entry DeduceCPFromTotal="0" SpawnClassFamily="Scf_DemonicCrystal_Left_TLGroup2" />
      <Entry DeduceCPFromTotal="0" SpawnClassFamily="Scf_DemonicCrystal_ZF" />
    </FMP>
    <Constraints>
      <Limitation_ByKeyword AIKeyword="heavy" MaxNumberInGroup="3" />
      <Limitation_ByKeyword AIKeyword="lieutenant" MaxNumberInGroup="3" />
      <Limitation_ByKeyword AIKeyword="summoner" MaxNumberInGroup="2" />
      <Limitation_ByName AIName="cultofsouls_lanternbearer" MaxNumberInGroup="1" />
      <Diversity_SingleCategory_SingleMonster Percentage="10" Category="TrashLight" />
      <Diversity_SingleCategory_SingleMonster Percentage="10" Category="TrashMedium" />
      <Diversity_SingleCategory_SingleMonster Percentage="5" Category="TrashHeavy" />
    </Constraints>
    <AdditiveEvents>
      <Event>
        <AdditiveTriggerParams Mode="auto" CPMin="75" CPMax="75" PercentageDispersion="25" />
        <EventChoices>
          <EventChoice Weight="1" ThresholdMode="fixed" ThresholdMax="0" ThresholdMin="0" BossRank="champion" />
          <EventChoice Weight="1" ThresholdMode="fixed" ThresholdMax="0" ThresholdMin="0" SCF="" Category="Lieutenant" Category_EntityMin="3" Category_EntityMax="3" BossRank="champion" />
          <EventChoice Weight="1" ThresholdMode="fixed" ThresholdMax="0" ThresholdMin="1" SCF="" Category="Lieutenant" Category_EntityMin="2" Category_EntityMax="2" BossRank="Lord" />
        </EventChoices>
      </Event>
    </AdditiveEvents>
    <SpawnPatterns>
      <Ambush Percentage="5" TriggerRadiusOverride="9" BaseSpawnRadiusOverride="12" DelayBeforeFirstSpawn="1" DelayBetweenMonsterSpawn="0" SpawnCountPerTick="1" />
      <ReinforcementGroup Percentage="7.5" GroupCountMin="1" GroupCountMax="3" Category="TrashLight" Category_CPMin="3" Category_CPMax="6" DelayBeforeFirstSpawn="1" DelayBetweenGroups="3" DelayBetweenMonsterSpawn="0.1" SpawnDistanceFromPlayer="20" SpawnCountPerTick="1" />
      <ReinforcementGroup Percentage="7.5" GroupCountMin="1" GroupCountMax="3" Category="TrashMedium" Category_CPMin="4" Category_CPMax="6" DelayBeforeFirstSpawn="1" DelayBetweenGroups="3" DelayBetweenMonsterSpawn="0.1" SpawnDistanceFromPlayer="12" SpawnCountPerTick="1" />
    </SpawnPatterns>
  </MonsterManager>
  <MonsterManager Name="MM_StoryMode_Act1_Necropolis2">
    <DesignParams GroupValueModifierPercent="45" GroupValueDispersionPercent="0" HConstraint_CountThreshold="3" HConstraint_TriggerFactorPercent="25" CConstraint_CountThreshold="3" CConstraint_TriggerFactorPercent="50">
      <ActivationTriggers>
        <Entry Percentage="100" Factor="1.1" />
      </ActivationTriggers>
      <SpreadMode PackPercent="70" SpreadPercent="20" />
    </DesignParams>
    <CombatPointsRepartition Mode="fixed" CP="170" DefaultSpawnerSpawnRadius="15" DefaultSpawnerTriggerHeight="10" />
    <Categories>
      <Entry Category="TrashLight" SpawnClassFamily="Scf_Necropolis2_COS_DC" MandatoryContentKeywords="" />
      <Entry Category="TrashMediumZombie" SpawnClassFamily="Scf_Necropolis2_COS_ZF" MandatoryContentKeywords="" />
      <Entry Category="TrashMediumFanatic" SpawnClassFamily="Scf_Necropolis2_COS_F" MandatoryContentKeywords="" />
      <Entry Category="TrashHeavy" SpawnClassFamily="Scf_Necropolis2_COS_ZS" MandatoryContentKeywords="" />
      <Entry Category="C_HB" SpawnClassFamily="Scf_Necropolis2_COS_C_HB" MandatoryContentKeywords="" />
      <Entry Category="SpikerFrost" SpawnClassFamily="Scf_Necropolis2_COS_SF" MandatoryContentKeywords="" />
      <Entry Category="Lieutenant" SpawnClassFamily="Scf_Necropolis2_COS_Lieutenant" MandatoryContentKeywords="" />
    </Categories>
    <RMP>
      <Entry Category="TrashLight" Percentage="20" />
      <Entry Category="TrashMediumZombie" Percentage="27" />
      <Entry Category="TrashMediumFanatic" Percentage="26" />
      <Entry Category="TrashHeavy" Percentage="12" />
      <Entry Category="SpikerFrost" Percentage="5" />
      <Entry Category="C_HB" Percentage="10" />
    </RMP>
    <FMP>
      <Entry DeduceCPFromTotal="0" SpawnClassFamily="Scf_Necropolis2_W_CP4" />
      <Entry DeduceCPFromTotal="0" SpawnClassFamily="Scf_Necropolis2_W_CP7" />
      <Entry DeduceCPFromTotal="0" SpawnClassFamily="Scf_Necropolis2_W_CP10" />
    </FMP>
    <Constraints>
      <Limitation_ByKeyword AIKeyword="heavy" MaxNumberInGroup="3" />
      <Limitation_ByKeyword AIKeyword="lieutenant" MaxNumberInGroup="3" />
      <Limitation_ByKeyword AIKeyword="summoner" MaxNumberInGroup="2" />
      <Limitation_ByName AIName="cultofsouls_lanternbearer" MaxNumberInGroup="1" />
      <Diversity_SingleCategory_SingleMonster Percentage="10" Category="TrashLight" />
      <Diversity_SingleCategory_SingleMonster Percentage="7.5" Category="TrashMediumZombie" />
      <Diversity_SingleCategory_SingleMonster Percentage="7.5" Category="TrashMediumFanatic" />
    </Constraints>
    <AdditiveEvents>
      <Event>
        <AdditiveTriggerParams Mode="auto" CPMin="75" CPMax="75" PercentageDispersion="25" />
        <EventChoices>
          <EventChoice Weight="1" ThresholdMode="fixed" ThresholdMax="0" ThresholdMin="0" BossRank="champion" />
          <EventChoice Weight="1" ThresholdMode="fixed" ThresholdMax="0" ThresholdMin="0" SCF="" Category="Lieutenant" Category_EntityMin="3" Category_EntityMax="3" BossRank="champion" />
          <EventChoice Weight="1" ThresholdMode="fixed" ThresholdMax="0" ThresholdMin="0" SCF="" Category="Lieutenant" Category_EntityMin="2" Category_EntityMax="2" BossRank="Lord" />
        </EventChoices>
      </Event>
    </AdditiveEvents>
    <SpawnPatterns>
      <SurroundingAssault Percentage="12" TriggerRadiusOverride="15" SpawnRadiusMin="7" SpawnRadiusMax="9" DelayBeforeFirstSpawn="1" DelayBetweenMonsterSpawn="0.1" SpawnCountPerTick="1" />
      <ReinforcementGroup Percentage="10" GroupCountMin="1" GroupCountMax="3" Category="TrashMediumZombie" Category_CPMin="4" Category_CPMax="8" DelayBeforeFirstSpawn="1" DelayBetweenGroups="3" DelayBetweenMonsterSpawn="0.1" SpawnDistanceFromPlayer="12" SpawnCountPerTick="1" />
      <ReinforcementGroup Percentage="5" GroupCountMin="1" GroupCountMax="3" Category="TrashMediumFanatic" Category_CPMin="4" Category_CPMax="8" DelayBeforeFirstSpawn="1" DelayBetweenGroups="3" DelayBetweenMonsterSpawn="0.1" SpawnDistanceFromPlayer="20" SpawnCountPerTick="1" />
      <ReinforcementGroup Percentage="5" GroupCountMin="1" GroupCountMax="2" Category="TrashHeavy" Category_CPMin="4" Category_CPMax="4" DelayBeforeFirstSpawn="1" DelayBetweenGroups="2" DelayBetweenMonsterSpawn="0.1" SpawnDistanceFromPlayer="20" SpawnCountPerTick="1" />
      <ReinforcementGroup Percentage="10" GroupCountMin="2" GroupCountMax="3" Category="TrashLight" Category_CPMin="3" Category_CPMax="6" DelayBeforeFirstSpawn="1" DelayBetweenGroups="2" DelayBetweenMonsterSpawn="0.1" SpawnDistanceFromPlayer="20" SpawnCountPerTick="1" />
    </SpawnPatterns>
  </MonsterManager>
  <MonsterManager Name="MM_StoryMode_Act1_Necropolis3">
    <DesignParams GroupValueModifierPercent="50" GroupValueDispersionPercent="0" HConstraint_CountThreshold="3" HConstraint_TriggerFactorPercent="25" CConstraint_CountThreshold="3" CConstraint_TriggerFactorPercent="50">
      <ActivationTriggers>
        <Entry Percentage="100" Factor="1.1" />
      </ActivationTriggers>
      <SpreadMode PackPercent="70" SpreadPercent="20" />
    </DesignParams>
    <CombatPointsRepartition Mode="fixed" CP="190" DefaultSpawnerSpawnRadius="15" DefaultSpawnerTriggerHeight="10" />
    <Categories>
      <Entry Category="TrashLight" SpawnClassFamily="Scf_Necropolis3_COS_DC" MandatoryContentKeywords="" />
      <Entry Category="TrashMedium_1" SpawnClassFamily="Scf_Necropolis3_COS_ZF" MandatoryContentKeywords="" />
      <Entry Category="TrashMedium_2" SpawnClassFamily="Scf_Necropolis3_COS_MT" MandatoryContentKeywords="" />
      <Entry Category="TrashHeavy" SpawnClassFamily="Scf_Necropolis3_COS_ZS" MandatoryContentKeywords="" />
      <Entry Category="LB" SpawnClassFamily="Scf_Necropolis3_COS_LB" MandatoryContentKeywords="" />
      <Entry Category="HB_SF" SpawnClassFamily="Scf_Necropolis3_COS_HB_SF" MandatoryContentKeywords="" />
      <Entry Category="Lieutenant" SpawnClassFamily="Scf_Necropolis3_COS_Lieutenant" MandatoryContentKeywords="" />
    </Categories>
    <RMP>
      <Entry Category="TrashLight" Percentage="26" />
      <Entry Category="TrashMedium_1" Percentage="23" />
      <Entry Category="TrashMedium_2" Percentage="23" />
      <Entry Category="TrashHeavy" Percentage="13" />
      <Entry Category="LB" Percentage="6" />
      <Entry Category="HB_SF" Percentage="9" />
    </RMP>
    <FMP>
      <Entry DeduceCPFromTotal="0" SpawnClassFamily="Scf_Necropolis3_COS_C" />
      <Entry DeduceCPFromTotal="0" SpawnClassFamily="Scf_Necropolis3_COS_F" />
      <Entry DeduceCPFromTotal="0" SpawnClassFamily="Scf_Necropolis3_COS_ZF" />
      <Entry DeduceCPFromTotal="0" SpawnClassFamily="Scf_Necropolis3_W_CP4" />
      <Entry DeduceCPFromTotal="0" SpawnClassFamily="Scf_Necropolis3_W_CP7" />
      <Entry DeduceCPFromTotal="0" SpawnClassFamily="Scf_Necropolis3_W_CP10" />
      <Entry DeduceCPFromTotal="0" SpawnClassFamily="Scf_Necropolis3_W_AllTrash" />
      <Entry DeduceCPFromTotal="0" SpawnClassFamily="Scf_Necropolis3_W_SpiderMeleeSmall" />
      <Entry DeduceCPFromTotal="0" SpawnClassFamily="Scf_Necropolis3_COS_Sequence1" />
    </FMP>
    <Constraints>
      <Limitation_ByKeyword AIKeyword="heavy" MaxNumberInGroup="3" />
      <Limitation_ByKeyword AIKeyword="lieutenant" MaxNumberInGroup="3" />
      <Limitation_ByKeyword AIKeyword="summoner" MaxNumberInGroup="2" />
      <Limitation_ByName AIName="cultofsouls_lanternbearer" MaxNumberInGroup="1" />
      <Diversity_SingleCategory_SingleMonster Percentage="5" Category="TrashMedium_1" />
      <Diversity_SingleCategory_SingleMonster Percentage="5" Category="TrashMedium_2" />
      <Diversity_SingleCategory_SingleMonster Percentage="5" Category="TrashHeavy" />
      <Diversity_SingleCategory_SingleMonster Percentage="10" Category="TrashLight" />
    </Constraints>
    <AdditiveEvents>
      <Event>
        <AdditiveTriggerParams Mode="auto" CPMin="80" CPMax="80" PercentageDispersion="25" />
        <EventChoices>
          <EventChoice Weight="1" ThresholdMode="fixed" ThresholdMax="0" ThresholdMin="0" BossRank="champion" />
          <EventChoice Weight="1" ThresholdMode="fixed" ThresholdMax="0" ThresholdMin="1" SCF="" Category="Lieutenant" Category_EntityMin="3" Category_EntityMax="3" BossRank="champion" />
          <EventChoice Weight="1" ThresholdMode="fixed" ThresholdMax="0" ThresholdMin="1" SCF="" Category="Lieutenant" Category_EntityMin="2" Category_EntityMax="2" BossRank="Lord" />
        </EventChoices>
      </Event>
    </AdditiveEvents>
    <SpawnPatterns>
      <Ambush Percentage="5" TriggerRadiusOverride="9" BaseSpawnRadiusOverride="12" DelayBeforeFirstSpawn="1" DelayBetweenMonsterSpawn="0" SpawnCountPerTick="1" />
      <ReinforcementGroup Percentage="7.5" GroupCountMin="1" GroupCountMax="3" Category="TrashLight" Category_CPMin="3" Category_CPMax="6" DelayBeforeFirstSpawn="1" DelayBetweenGroups="3" DelayBetweenMonsterSpawn="0.1" SpawnDistanceFromPlayer="20" SpawnCountPerTick="1" />
      <ReinforcementGroup Percentage="7.5" GroupCountMin="1" GroupCountMax="3" Category="TrashMedium_2" Category_CPMin="4" Category_CPMax="6" DelayBeforeFirstSpawn="1" DelayBetweenGroups="3" DelayBetweenMonsterSpawn="0.1" SpawnDistanceFromPlayer="12" SpawnCountPerTick="1" />
    </SpawnPatterns>
  </MonsterManager>
  <MonsterManager Name="MM_StoryMode_Act1_TPS1">
    <DesignParams GroupValueModifierPercent="50" GroupValueDispersionPercent="0" HConstraint_CountThreshold="3" HConstraint_TriggerFactorPercent="25" CConstraint_CountThreshold="3" CConstraint_TriggerFactorPercent="50">
      <ActivationTriggers>
        <Entry Percentage="100" Factor="1.1" />
      </ActivationTriggers>
      <SpreadMode PackPercent="70" SpreadPercent="20" />
    </DesignParams>
    <CombatPointsRepartition Mode="fixed" CP="240" DefaultSpawnerSpawnRadius="15" DefaultSpawnerTriggerHeight="10" />
    <Categories>
      <Entry Category="TrashLight" SpawnClassFamily="Scf_AnankisHall1_COS_SSA" MandatoryContentKeywords="" />
      <Entry Category="TrashMedium" SpawnClassFamily="Scf_AnankisHall1_COS_LS" MandatoryContentKeywords="" />
      <Entry Category="TrashHeavy" SpawnClassFamily="Scf_AnankisHall1_COS_TPA" MandatoryContentKeywords="" />
      <Entry Category="C" SpawnClassFamily="Scf_AnankisHall1_COS_C" MandatoryContentKeywords="" />
      <Entry Category="S" SpawnClassFamily="Scf_AnankisHall1_COS_S" MandatoryContentKeywords="" />
      <Entry Category="HB" SpawnClassFamily="Scf_AnankisHall1_COS_HB" MandatoryContentKeywords="" />
      <Entry Category="LB" SpawnClassFamily="Scf_AnankisHall1_COS_LB" MandatoryContentKeywords="" />
      <Entry Category="Lieutenant" SpawnClassFamily="Scf_AnankisHall1_COS_Lieutenant" MandatoryContentKeywords="" />
    </Categories>
    <RMP>
      <Entry Category="TrashLight" Percentage="25" />
      <Entry Category="TrashMedium" Percentage="46" />
      <Entry Category="TrashHeavy" Percentage="13" />
      <Entry Category="C" Percentage="4" />
      <Entry Category="S" Percentage="5" />
      <Entry Category="HB" Percentage="3" />
      <Entry Category="LB" Percentage="4" />
    </RMP>
    <FMP>
      <Entry DeduceCPFromTotal="0" SpawnClassFamily="Scf_AnankisHall1_COS_Named_TPG" />
      <Entry DeduceCPFromTotal="0" SpawnClassFamily="Scf_AnankisHall1_COS_Sequence1_1" />
      <Entry DeduceCPFromTotal="0" SpawnClassFamily="Scf_AnankisHall1_COS_LS" />
      <Entry DeduceCPFromTotal="0" SpawnClassFamily="Scf_AnankisHall1_COS_SSA" />
    </FMP>
    <Constraints>
      <Limitation_ByKeyword AIKeyword="heavy" MaxNumberInGroup="3" />
      <Limitation_ByKeyword AIKeyword="lieutenant" MaxNumberInGroup="3" />
      <Limitation_ByKeyword AIKeyword="summoner" MaxNumberInGroup="2" />
      <Limitation_ByName AIName="cultofsouls_lanternbearer" MaxNumberInGroup="1" />
      <Diversity_SingleCategory_SingleMonster Percentage="12.5" Category="TrashLight" />
      <Diversity_SingleCategory_SingleMonster Percentage="12.5" Category="TrashMedium" />
      <Diversity_SingleCategory_SingleMonster Percentage="5" Category="TrashHeavy" />
    </Constraints>
    <AdditiveEvents>
      <Event>
        <AdditiveTriggerParams Mode="auto" CPMin="80" CPMax="80" PercentageDispersion="25" />
        <EventChoices>
          <EventChoice Weight="1" ThresholdMode="fixed" ThresholdMax="1" ThresholdMin="0" BossRank="champion" />
          <EventChoice Weight="1" ThresholdMode="fixed" ThresholdMax="0" ThresholdMin="0" SCF="" Category="Lieutenant" Category_EntityMin="2" Category_EntityMax="2" BossRank="champion" />
          <EventChoice Weight="1" ThresholdMode="fixed" ThresholdMax="0" ThresholdMin="0" SCF="" Category="Lieutenant" Category_EntityMin="1" Category_EntityMax="1" BossRank="Lord" />
        </EventChoices>
      </Event>
    </AdditiveEvents>
    <SpawnPatterns>
      <SurroundingAssault Percentage="5" TriggerRadiusOverride="15" SpawnRadiusMin="7" SpawnRadiusMax="9" DelayBeforeFirstSpawn="1" DelayBetweenMonsterSpawn="0.1" SpawnCountPerTick="1" />
      <Ambush Percentage="5" TriggerRadiusOverride="9" BaseSpawnRadiusOverride="15" DelayBeforeFirstSpawn="1" DelayBetweenMonsterSpawn="0.1" SpawnCountPerTick="1" />
    </SpawnPatterns>
  </MonsterManager>
  <MonsterManager Name="MM_StoryMode_Act1_TPS2">
    <DesignParams GroupValueModifierPercent="50" GroupValueDispersionPercent="0" HConstraint_CountThreshold="3" HConstraint_TriggerFactorPercent="25" CConstraint_CountThreshold="3" CConstraint_TriggerFactorPercent="50">
      <ActivationTriggers>
        <Entry Percentage="100" Factor="1.1" />
      </ActivationTriggers>
      <SpreadMode PackPercent="70" SpreadPercent="20" />
    </DesignParams>
    <CombatPointsRepartition Mode="deduced" CPPerSquareMeter="0.0123" DefaultSpawnerSpawnRadius="15" DefaultSpawnerTriggerHeight="10" />
    <Categories>
      <Entry Category="TrashLight" SpawnClassFamily="Scf_AnankisHall2_COS_SHBP" MandatoryContentKeywords="" />
      <Entry Category="TrashMedium" SpawnClassFamily="Scf_AnankisHall2_COS_LS" MandatoryContentKeywords="" />
      <Entry Category="TrashHeavy" SpawnClassFamily="Scf_AnankisHall2_COS_TPA" MandatoryContentKeywords="" />
      <Entry Category="C" SpawnClassFamily="Scf_AnankisHall2_COS_C" MandatoryContentKeywords="" />
      <Entry Category="S" SpawnClassFamily="Scf_AnankisHall2_COS_S" MandatoryContentKeywords="" />
      <Entry Category="HB" SpawnClassFamily="Scf_AnankisHall2_COS_HB" MandatoryContentKeywords="" />
      <Entry Category="LB" SpawnClassFamily="Scf_AnankisHall2_COS_LB" MandatoryContentKeywords="" />
      <Entry Category="Lieutenant" SpawnClassFamily="Scf_AnankisHall2_COS_Lieutenant" MandatoryContentKeywords="" />
      <Entry Category="Elite" SpawnClassFamily="Scf_AnankisHall2_COS_TPG" MandatoryContentKeywords="" />
    </Categories>
    <RMP>
      <Entry Category="TrashLight" Percentage="25" />
      <Entry Category="TrashMedium" Percentage="46" />
      <Entry Category="TrashHeavy" Percentage="13" />
      <Entry Category="C" Percentage="3" />
      <Entry Category="S" Percentage="5" />
      <Entry Category="HB" Percentage="4" />
      <Entry Category="LB" Percentage="4" />
    </RMP>
    <FMP />
    <Constraints>
      <Limitation_ByKeyword AIKeyword="heavy" MaxNumberInGroup="3" />
      <Limitation_ByKeyword AIKeyword="lieutenant" MaxNumberInGroup="3" />
      <Limitation_ByKeyword AIKeyword="summoner" MaxNumberInGroup="2" />
      <Limitation_ByName AIName="cultofsouls_lanternbearer" MaxNumberInGroup="1" />
      <Diversity_SingleCategory_SingleMonster Percentage="15" Category="TrashLight" />
      <Diversity_SingleCategory_SingleMonster Percentage="15" Category="TrashMedium" />
    </Constraints>
    <AdditiveEvents>
      <Event>
        <AdditiveTriggerParams Mode="auto" CPMin="80" CPMax="80" PercentageDispersion="25" />
        <EventChoices>
          <EventChoice Weight="1" ThresholdMode="fixed" ThresholdMax="0" ThresholdMin="0" BossRank="champion" />
          <EventChoice Weight="1" ThresholdMode="fixed" ThresholdMax="0" ThresholdMin="0" SCF="" Category="Lieutenant" Category_EntityMin="3" Category_EntityMax="3" BossRank="champion" />
          <EventChoice Weight="1" ThresholdMode="fixed" ThresholdMax="0" ThresholdMin="0" SCF="" Category="Lieutenant" Category_EntityMin="2" Category_EntityMax="2" BossRank="Lord" />
          <EventChoice Weight="1" ThresholdMode="fixed" ThresholdMax="1" ThresholdMin="1" SCF="" Category="Elite" Category_EntityMin="1" Category_EntityMax="1" BossRank="champion" />
        </EventChoices>
      </Event>
    </AdditiveEvents>
    <SpawnPatterns>
      <Ambush Percentage="5" TriggerRadiusOverride="5" BaseSpawnRadiusOverride="15" DelayBeforeFirstSpawn="0" DelayBetweenMonsterSpawn="0.1" SpawnCountPerTick="1" />
      <SurroundingAssault Percentage="5" TriggerRadiusOverride="15" SpawnRadiusMin="7" SpawnRadiusMax="9" DelayBeforeFirstSpawn="0" DelayBetweenMonsterSpawn="0.1" SpawnCountPerTick="1" />
      <ReinforcementGroup Percentage="7.5" GroupCountMin="1" GroupCountMax="3" Category="TrashMedium" Category_CPMin="4" Category_CPMax="8" DelayBeforeFirstSpawn="1" DelayBetweenGroups="3" DelayBetweenMonsterSpawn="0.1" SpawnDistanceFromPlayer="20" SpawnCountPerTick="1" />
      <ReinforcementGroup Percentage="5" GroupCountMin="1" GroupCountMax="2" Category="TrashHeavy" Category_CPMin="4" Category_CPMax="4" DelayBeforeFirstSpawn="1" DelayBetweenGroups="3" DelayBetweenMonsterSpawn="0.1" SpawnDistanceFromPlayer="20" SpawnCountPerTick="1" />
      <ReinforcementGroup Percentage="7.5" GroupCountMin="2" GroupCountMax="3" Category="TrashLight" Category_CPMin="3" Category_CPMax="6" DelayBeforeFirstSpawn="1" DelayBetweenGroups="2" DelayBetweenMonsterSpawn="0.1" SpawnDistanceFromPlayer="20" SpawnCountPerTick="1" />
    </SpawnPatterns>
  </MonsterManager>
  <MonsterManager Name="MM_StoryMode_Act1_TPS3">
    <DesignParams GroupValueModifierPercent="60" GroupValueDispersionPercent="0" HConstraint_CountThreshold="3" HConstraint_TriggerFactorPercent="25" CConstraint_CountThreshold="3" CConstraint_TriggerFactorPercent="50">
      <ActivationTriggers>
        <Entry Percentage="100" Factor="1.1" />
      </ActivationTriggers>
      <SpreadMode PackPercent="70" SpreadPercent="20" />
    </DesignParams>
    <CombatPointsRepartition Mode="deduced" CPPerSquareMeter="0.014" DefaultSpawnerSpawnRadius="15" DefaultSpawnerTriggerHeight="10" />
    <Categories>
      <Entry Category="TrashLight" SpawnClassFamily="Scf_AnankisHall3_COS_SHBP" MandatoryContentKeywords="" />
      <Entry Category="TrashMedium" SpawnClassFamily="Scf_AnankisHall3_COS_F" MandatoryContentKeywords="" />
      <Entry Category="TrashHeavy" SpawnClassFamily="Scf_AnankisHall3_COS_TPA" MandatoryContentKeywords="" />
      <Entry Category="Lieutenant" SpawnClassFamily="Scf_AnankisHall3_COS_Lieutenant" MandatoryContentKeywords="" />
      <Entry Category="Elite" SpawnClassFamily="Scf_AnankisHall3_COS_TPG" MandatoryContentKeywords="" />
      <Entry Category="C" SpawnClassFamily="Scf_AnankisHall3_COS_C" MandatoryContentKeywords="" />
      <Entry Category="S" SpawnClassFamily="Scf_AnankisHall3_COS_S" MandatoryContentKeywords="" />
      <Entry Category="HB" SpawnClassFamily="Scf_AnankisHall3_COS_HB" MandatoryContentKeywords="" />
      <Entry Category="LB" SpawnClassFamily="Scf_AnankisHall3_COS_LB" MandatoryContentKeywords="" />
    </Categories>
    <RMP>
      <Entry Category="TrashLight" Percentage="25" />
      <Entry Category="TrashMedium" Percentage="46" />
      <Entry Category="TrashHeavy" Percentage="13" />
      <Entry Category="C" Percentage="4" />
      <Entry Category="S" Percentage="4" />
      <Entry Category="HB" Percentage="4" />
      <Entry Category="LB" Percentage="4" />
    </RMP>
    <FMP />
    <Constraints>
      <Limitation_ByKeyword AIKeyword="heavy" MaxNumberInGroup="3" />
      <Limitation_ByKeyword AIKeyword="lieutenant" MaxNumberInGroup="3" />
      <Limitation_ByKeyword AIKeyword="summoner" MaxNumberInGroup="2" />
      <Limitation_ByName AIName="cultofsouls_lanternbearer" MaxNumberInGroup="1" />
      <Diversity_SingleCategory_SingleMonster Percentage="15" Category="TrashLight" />
      <Diversity_SingleCategory_SingleMonster Percentage="15" Category="TrashMedium" />
    </Constraints>
    <AdditiveEvents>
      <Event>
        <AdditiveTriggerParams Mode="auto" CPMin="90" CPMax="90" PercentageDispersion="25" />
        <EventChoices>
          <EventChoice Weight="1" ThresholdMode="fixed" ThresholdMax="1" ThresholdMin="0" BossRank="champion" />
          <EventChoice Weight="1" ThresholdMode="fixed" ThresholdMax="0" ThresholdMin="0" SCF="" Category="Lieutenant" Category_EntityMin="3" Category_EntityMax="3" BossRank="champion" />
          <EventChoice Weight="1" ThresholdMode="fixed" ThresholdMax="0" ThresholdMin="0" SCF="" Category="Lieutenant" Category_EntityMin="2" Category_EntityMax="2" BossRank="Lord" />
          <EventChoice Weight="1" ThresholdMode="fixed" ThresholdMax="0" ThresholdMin="1" SCF="" Category="Elite" Category_EntityMin="1" Category_EntityMax="1" BossRank="champion" />
        </EventChoices>
      </Event>
    </AdditiveEvents>
    <SpawnPatterns>
      <Ambush Percentage="5" TriggerRadiusOverride="5" BaseSpawnRadiusOverride="15" DelayBeforeFirstSpawn="0" DelayBetweenMonsterSpawn="0.1" SpawnCountPerTick="1" />
      <SurroundingAssault Percentage="5" TriggerRadiusOverride="15" SpawnRadiusMin="7" SpawnRadiusMax="9" DelayBeforeFirstSpawn="0" DelayBetweenMonsterSpawn="0.1" SpawnCountPerTick="1" />
      <ReinforcementGroup Percentage="7.5" GroupCountMin="1" GroupCountMax="3" Category="TrashMedium" Category_CPMin="4" Category_CPMax="8" DelayBeforeFirstSpawn="1" DelayBetweenGroups="3" DelayBetweenMonsterSpawn="0.1" SpawnDistanceFromPlayer="20" SpawnCountPerTick="1" />
      <ReinforcementGroup Percentage="5" GroupCountMin="1" GroupCountMax="2" Category="TrashHeavy" Category_CPMin="4" Category_CPMax="4" DelayBeforeFirstSpawn="1" DelayBetweenGroups="3" DelayBetweenMonsterSpawn="0.1" SpawnDistanceFromPlayer="20" SpawnCountPerTick="1" />
      <ReinforcementGroup Percentage="7.5" GroupCountMin="2" GroupCountMax="3" Category="TrashLight" Category_CPMin="3" Category_CPMax="6" DelayBeforeFirstSpawn="1" DelayBetweenGroups="2" DelayBetweenMonsterSpawn="0.1" SpawnDistanceFromPlayer="20" SpawnCountPerTick="1" />
    </SpawnPatterns>
  </MonsterManager>
</MetaData>