<MetaData>
  <ArenaWaves Name="BanditAmbush">
    <Wave Type="clearwave" Tag="1">
      <PrefabParams PrefabName="arena_BanditAmbush" />
      <MobSpawners>
        <Spawner DelayBeforeFirstSpawn="2" Type="until_spawn_count" TargetSpawnClass="Sc_BanditAmbush_BanditRange" NumberOfEntitiesPerSpawn="1" SpawnFrequency="0" MaxNumberOfSpawnedEntities="1" TargetSpawnLocationID="12" />
        <Spawner DelayBeforeFirstSpawn="2" Type="until_spawn_count" TargetSpawnClass="Sc_BanditAmbush_BanditRange" NumberOfEntitiesPerSpawn="1" SpawnFrequency="0" MaxNumberOfSpawnedEntities="1" TargetSpawnLocationID="14" />
        <Spawner DelayBeforeFirstSpawn="2" Type="until_spawn_count" TargetSpawnClass="Sc_BanditAmbush_BanditRange" NumberOfEntitiesPerSpawn="1" SpawnFrequency="0" MaxNumberOfSpawnedEntities="1" TargetSpawnLocationID="22" />
        <Spawner DelayBeforeFirstSpawn="2" Type="until_spawn_count" TargetSpawnClass="Sc_BanditAmbush_BanditRange" NumberOfEntitiesPerSpawn="1" SpawnFrequency="0" MaxNumberOfSpawnedEntities="1" TargetSpawnLocationID="24" />
        <Spawner DelayBeforeFirstSpawn="2" Type="until_spawn_count" TargetSpawnClass="Sc_BanditAmbush_BanditRange" NumberOfEntitiesPerSpawn="1" SpawnFrequency="0" MaxNumberOfSpawnedEntities="1" TargetSpawnLocationID="32 " />
        <Spawner DelayBeforeFirstSpawn="2" Type="until_spawn_count" TargetSpawnClass="Sc_BanditAmbush_BanditRange" NumberOfEntitiesPerSpawn="1" SpawnFrequency="0" MaxNumberOfSpawnedEntities="1" TargetSpawnLocationID="34" />
        <Spawner DelayBeforeFirstSpawn="2" Type="until_spawn_count" TargetSpawnClass="Sc_BanditAmbush_BanditRange" NumberOfEntitiesPerSpawn="1" SpawnFrequency="0" MaxNumberOfSpawnedEntities="1" TargetSpawnLocationID="42" />
        <Spawner DelayBeforeFirstSpawn="2" Type="until_spawn_count" TargetSpawnClass="Sc_BanditAmbush_BanditRange" NumberOfEntitiesPerSpawn="1" SpawnFrequency="0" MaxNumberOfSpawnedEntities="1" TargetSpawnLocationID="44" />
        <Spawner DelayBeforeFirstSpawn="5" Type="until_spawn_count" TargetSpawnClass="Sc_BanditAmbush_BanditMelee" NumberOfEntitiesPerSpawn="2" SpawnFrequency="0" MaxNumberOfSpawnedEntities="1" TargetSpawnLocationID="11" />
        <Spawner DelayBeforeFirstSpawn="5" Type="until_spawn_count" TargetSpawnClass="Sc_BanditAmbush_BanditMelee" NumberOfEntitiesPerSpawn="2" SpawnFrequency="0" MaxNumberOfSpawnedEntities="1" TargetSpawnLocationID="15" />
        <Spawner DelayBeforeFirstSpawn="6" Type="until_spawn_count" TargetSpawnClass="Sc_BanditAmbush_BanditMelee" NumberOfEntitiesPerSpawn="2" SpawnFrequency="0" MaxNumberOfSpawnedEntities="1" TargetSpawnLocationID="21" />
        <Spawner DelayBeforeFirstSpawn="6" Type="until_spawn_count" TargetSpawnClass="Sc_BanditAmbush_BanditMelee" NumberOfEntitiesPerSpawn="2" SpawnFrequency="0" MaxNumberOfSpawnedEntities="1" TargetSpawnLocationID="25" />
        <Spawner DelayBeforeFirstSpawn="7" Type="until_spawn_count" TargetSpawnClass="Sc_BanditAmbush_BanditMelee" NumberOfEntitiesPerSpawn="2" SpawnFrequency="0" MaxNumberOfSpawnedEntities="1" TargetSpawnLocationID="31" />
        <Spawner DelayBeforeFirstSpawn="7" Type="until_spawn_count" TargetSpawnClass="Sc_BanditAmbush_BanditMelee" NumberOfEntitiesPerSpawn="2" SpawnFrequency="0" MaxNumberOfSpawnedEntities="1" TargetSpawnLocationID="35" />
        <Spawner DelayBeforeFirstSpawn="8" Type="until_spawn_count" TargetSpawnClass="Sc_BanditAmbush_BanditMelee" NumberOfEntitiesPerSpawn="2" SpawnFrequency="0" MaxNumberOfSpawnedEntities="1" TargetSpawnLocationID="41" />
        <Spawner DelayBeforeFirstSpawn="8" Type="until_spawn_count" TargetSpawnClass="Sc_BanditAmbush_BanditMelee" NumberOfEntitiesPerSpawn="2" SpawnFrequency="0" MaxNumberOfSpawnedEntities="1" TargetSpawnLocationID="45" />
        <Spawner DelayBeforeFirstSpawn="9" Type="until_spawn_count" TargetSpawnClass="Sc_BanditAmbush_BanditMelee" NumberOfEntitiesPerSpawn="2" SpawnFrequency="0" MaxNumberOfSpawnedEntities="1" TargetSpawnLocationID="11" />
        <Spawner DelayBeforeFirstSpawn="11" Type="until_spawn_count" TargetSpawnClass="Sc_BanditAmbush_BanditMelee" NumberOfEntitiesPerSpawn="2" SpawnFrequency="0" MaxNumberOfSpawnedEntities="1" TargetSpawnLocationID="21" />
        <Spawner DelayBeforeFirstSpawn="13" Type="until_spawn_count" TargetSpawnClass="Sc_BanditAmbush_BanditMelee" NumberOfEntitiesPerSpawn="2" SpawnFrequency="0" MaxNumberOfSpawnedEntities="1" TargetSpawnLocationID="31" />
        <Spawner DelayBeforeFirstSpawn="15" Type="until_spawn_count" TargetSpawnClass="Sc_BanditAmbush_BanditMelee" NumberOfEntitiesPerSpawn="2" SpawnFrequency="0" MaxNumberOfSpawnedEntities="1" TargetSpawnLocationID="41" />
        <Spawner DelayBeforeFirstSpawn="17" Type="until_spawn_count" TargetSpawnClass="Sc_BanditAmbush_BanditMelee" NumberOfEntitiesPerSpawn="2" SpawnFrequency="0" MaxNumberOfSpawnedEntities="1" TargetSpawnLocationID="11" />
        <Spawner DelayBeforeFirstSpawn="9" Type="until_spawn_count" TargetSpawnClass="Sc_BanditAmbush_BanditRange" NumberOfEntitiesPerSpawn="2" SpawnFrequency="0" MaxNumberOfSpawnedEntities="1" TargetSpawnLocationID="15" />
        <Spawner DelayBeforeFirstSpawn="11" Type="until_spawn_count" TargetSpawnClass="Sc_BanditAmbush_BanditRange" NumberOfEntitiesPerSpawn="2" SpawnFrequency="0" MaxNumberOfSpawnedEntities="1" TargetSpawnLocationID="25" />
        <Spawner DelayBeforeFirstSpawn="13" Type="until_spawn_count" TargetSpawnClass="Sc_BanditAmbush_BanditRange" NumberOfEntitiesPerSpawn="2" SpawnFrequency="0" MaxNumberOfSpawnedEntities="1" TargetSpawnLocationID="35" />
        <Spawner DelayBeforeFirstSpawn="15" Type="until_spawn_count" TargetSpawnClass="Sc_BanditAmbush_BanditRange" NumberOfEntitiesPerSpawn="2" SpawnFrequency="0" MaxNumberOfSpawnedEntities="1" TargetSpawnLocationID="45" />
        <Spawner DelayBeforeFirstSpawn="17" Type="until_spawn_count" TargetSpawnClass="Sc_BanditAmbush_BanditRange" NumberOfEntitiesPerSpawn="2" SpawnFrequency="0" MaxNumberOfSpawnedEntities="1" TargetSpawnLocationID="15" />
        <Spawner DelayBeforeFirstSpawn="22" Type="until_spawn_count" TargetSpawnClass="Sc_BanditAmbush_Br" NumberOfEntitiesPerSpawn="1" SpawnFrequency="0" MaxNumberOfSpawnedEntities="1" TargetSpawnLocationID="51" />
        <Spawner DelayBeforeFirstSpawn="23" Type="until_spawn_count" TargetSpawnClass="Sc_BanditAmbush_Br" NumberOfEntitiesPerSpawn="1" SpawnFrequency="0" MaxNumberOfSpawnedEntities="1" TargetSpawnLocationID="52" />
      </MobSpawners>
    </Wave>
    <Wave Type="clearwave" Tag="2">
      <PrefabParams PrefabName="arena_BanditAmbush" />
      <MobSpawners>
        <Spawner DelayBeforeFirstSpawn="2" Type="until_spawn_count" TargetSpawnClass="Sc_BanditAmbush_Worg" NumberOfEntitiesPerSpawn="1" SpawnFrequency="0" MaxNumberOfSpawnedEntities="1" TargetSpawnLocationID="12" />
        <Spawner DelayBeforeFirstSpawn="2" Type="until_spawn_count" TargetSpawnClass="Sc_BanditAmbush_Worg" NumberOfEntitiesPerSpawn="1" SpawnFrequency="0" MaxNumberOfSpawnedEntities="1" TargetSpawnLocationID="14" />
        <Spawner DelayBeforeFirstSpawn="2" Type="until_spawn_count" TargetSpawnClass="Sc_BanditAmbush_Worg" NumberOfEntitiesPerSpawn="1" SpawnFrequency="0" MaxNumberOfSpawnedEntities="1" TargetSpawnLocationID="22" />
        <Spawner DelayBeforeFirstSpawn="2" Type="until_spawn_count" TargetSpawnClass="Sc_BanditAmbush_Worg" NumberOfEntitiesPerSpawn="1" SpawnFrequency="0" MaxNumberOfSpawnedEntities="1" TargetSpawnLocationID="24" />
        <Spawner DelayBeforeFirstSpawn="2" Type="until_spawn_count" TargetSpawnClass="Sc_BanditAmbush_Worg" NumberOfEntitiesPerSpawn="1" SpawnFrequency="0" MaxNumberOfSpawnedEntities="1" TargetSpawnLocationID="32 " />
        <Spawner DelayBeforeFirstSpawn="2" Type="until_spawn_count" TargetSpawnClass="Sc_BanditAmbush_Worg" NumberOfEntitiesPerSpawn="1" SpawnFrequency="0" MaxNumberOfSpawnedEntities="1" TargetSpawnLocationID="34" />
        <Spawner DelayBeforeFirstSpawn="2" Type="until_spawn_count" TargetSpawnClass="Sc_BanditAmbush_Worg" NumberOfEntitiesPerSpawn="1" SpawnFrequency="0" MaxNumberOfSpawnedEntities="1" TargetSpawnLocationID="42" />
        <Spawner DelayBeforeFirstSpawn="2" Type="until_spawn_count" TargetSpawnClass="Sc_BanditAmbush_Worg" NumberOfEntitiesPerSpawn="1" SpawnFrequency="0" MaxNumberOfSpawnedEntities="1" TargetSpawnLocationID="44" />
        <Spawner DelayBeforeFirstSpawn="5" Type="until_spawn_count" TargetSpawnClass="Sc_BanditAmbush_BanditRange" NumberOfEntitiesPerSpawn="2" SpawnFrequency="0" MaxNumberOfSpawnedEntities="1" TargetSpawnLocationID="11" />
        <Spawner DelayBeforeFirstSpawn="5" Type="until_spawn_count" TargetSpawnClass="Sc_BanditAmbush_BanditRange" NumberOfEntitiesPerSpawn="2" SpawnFrequency="0" MaxNumberOfSpawnedEntities="1" TargetSpawnLocationID="15" />
        <Spawner DelayBeforeFirstSpawn="6" Type="until_spawn_count" TargetSpawnClass="Sc_BanditAmbush_BanditRange" NumberOfEntitiesPerSpawn="2" SpawnFrequency="0" MaxNumberOfSpawnedEntities="1" TargetSpawnLocationID="21" />
        <Spawner DelayBeforeFirstSpawn="6" Type="until_spawn_count" TargetSpawnClass="Sc_BanditAmbush_BanditRange" NumberOfEntitiesPerSpawn="2" SpawnFrequency="0" MaxNumberOfSpawnedEntities="1" TargetSpawnLocationID="25" />
        <Spawner DelayBeforeFirstSpawn="7" Type="until_spawn_count" TargetSpawnClass="Sc_BanditAmbush_BanditRange" NumberOfEntitiesPerSpawn="2" SpawnFrequency="0" MaxNumberOfSpawnedEntities="1" TargetSpawnLocationID="31" />
        <Spawner DelayBeforeFirstSpawn="7" Type="until_spawn_count" TargetSpawnClass="Sc_BanditAmbush_BanditRange" NumberOfEntitiesPerSpawn="2" SpawnFrequency="0" MaxNumberOfSpawnedEntities="1" TargetSpawnLocationID="35" />
        <Spawner DelayBeforeFirstSpawn="8" Type="until_spawn_count" TargetSpawnClass="Sc_BanditAmbush_BanditRange" NumberOfEntitiesPerSpawn="2" SpawnFrequency="0" MaxNumberOfSpawnedEntities="1" TargetSpawnLocationID="41" />
        <Spawner DelayBeforeFirstSpawn="8" Type="until_spawn_count" TargetSpawnClass="Sc_BanditAmbush_BanditRange" NumberOfEntitiesPerSpawn="2" SpawnFrequency="0" MaxNumberOfSpawnedEntities="1" TargetSpawnLocationID="45" />
        <Spawner DelayBeforeFirstSpawn="7" Type="until_spawn_count" TargetSpawnClass="Sc_BanditAmbush_BanditRange" NumberOfEntitiesPerSpawn="2" SpawnFrequency="0" MaxNumberOfSpawnedEntities="1" TargetSpawnLocationID="11" />
        <Spawner DelayBeforeFirstSpawn="9" Type="until_spawn_count" TargetSpawnClass="Sc_BanditAmbush_BanditRange" NumberOfEntitiesPerSpawn="2" SpawnFrequency="0" MaxNumberOfSpawnedEntities="1" TargetSpawnLocationID="12" />
        <Spawner DelayBeforeFirstSpawn="11" Type="until_spawn_count" TargetSpawnClass="Sc_BanditAmbush_BanditRange" NumberOfEntitiesPerSpawn="2" SpawnFrequency="0" MaxNumberOfSpawnedEntities="1" TargetSpawnLocationID="13" />
        <Spawner DelayBeforeFirstSpawn="13" Type="until_spawn_count" TargetSpawnClass="Sc_BanditAmbush_BanditRange" NumberOfEntitiesPerSpawn="2" SpawnFrequency="0" MaxNumberOfSpawnedEntities="1" TargetSpawnLocationID="14" />
        <Spawner DelayBeforeFirstSpawn="15" Type="until_spawn_count" TargetSpawnClass="Sc_BanditAmbush_BanditRange" NumberOfEntitiesPerSpawn="2" SpawnFrequency="0" MaxNumberOfSpawnedEntities="1" TargetSpawnLocationID="15" />
        <Spawner DelayBeforeFirstSpawn="7" Type="until_spawn_count" TargetSpawnClass="Sc_BanditAmbush_Worg" NumberOfEntitiesPerSpawn="2" SpawnFrequency="0" MaxNumberOfSpawnedEntities="1" TargetSpawnLocationID="31" />
        <Spawner DelayBeforeFirstSpawn="9" Type="until_spawn_count" TargetSpawnClass="Sc_BanditAmbush_Worg" NumberOfEntitiesPerSpawn="2" SpawnFrequency="0" MaxNumberOfSpawnedEntities="1" TargetSpawnLocationID="32" />
        <Spawner DelayBeforeFirstSpawn="11" Type="until_spawn_count" TargetSpawnClass="Sc_BanditAmbush_Worg" NumberOfEntitiesPerSpawn="2" SpawnFrequency="0" MaxNumberOfSpawnedEntities="1" TargetSpawnLocationID="33" />
        <Spawner DelayBeforeFirstSpawn="13" Type="until_spawn_count" TargetSpawnClass="Sc_BanditAmbush_Worg" NumberOfEntitiesPerSpawn="2" SpawnFrequency="0" MaxNumberOfSpawnedEntities="1" TargetSpawnLocationID="34" />
        <Spawner DelayBeforeFirstSpawn="15" Type="until_spawn_count" TargetSpawnClass="Sc_BanditAmbush_Worg" NumberOfEntitiesPerSpawn="2" SpawnFrequency="0" MaxNumberOfSpawnedEntities="1" TargetSpawnLocationID="35" />
        <Spawner DelayBeforeFirstSpawn="19" Type="until_spawn_count" TargetSpawnClass="Sc_BanditAmbush_Km" NumberOfEntitiesPerSpawn="1" SpawnFrequency="0" MaxNumberOfSpawnedEntities="1" TargetSpawnLocationID="51" />
        <Spawner DelayBeforeFirstSpawn="19" Type="until_spawn_count" TargetSpawnClass="Sc_BanditAmbush_WorgAlpha" NumberOfEntitiesPerSpawn="1" SpawnFrequency="0" MaxNumberOfSpawnedEntities="1" TargetSpawnLocationID="51" />
        <Spawner DelayBeforeFirstSpawn="21" Type="until_spawn_count" TargetSpawnClass="Sc_BanditAmbush_Km" NumberOfEntitiesPerSpawn="1" SpawnFrequency="0" MaxNumberOfSpawnedEntities="1" TargetSpawnLocationID="52" />
        <Spawner DelayBeforeFirstSpawn="21" Type="until_spawn_count" TargetSpawnClass="Sc_BanditAmbush_WorgAlpha" NumberOfEntitiesPerSpawn="1" SpawnFrequency="0" MaxNumberOfSpawnedEntities="1" TargetSpawnLocationID="52" />
      </MobSpawners>
    </Wave>
    <Wave Type="clearwave" Tag="3">
      <PrefabParams PrefabName="arena_BanditAmbush" />
      <MobSpawners>
        <Spawner DelayBeforeFirstSpawn="2" Type="until_spawn_count" TargetSpawnClass="Sc_BanditAmbush_Br" NumberOfEntitiesPerSpawn="1" SpawnFrequency="0" MaxNumberOfSpawnedEntities="1" TargetSpawnLocationID="51" />
        <Spawner DelayBeforeFirstSpawn="2" Type="until_spawn_count" TargetSpawnClass="Sc_BanditAmbush_Br" NumberOfEntitiesPerSpawn="1" SpawnFrequency="0" MaxNumberOfSpawnedEntities="1" TargetSpawnLocationID="52" />
        <Spawner DelayBeforeFirstSpawn="3" Type="until_spawn_count" TargetSpawnClass="Sc_BanditAmbush_Tr" NumberOfEntitiesPerSpawn="1" SpawnFrequency="0" MaxNumberOfSpawnedEntities="1" TargetSpawnLocationID="13" />
      </MobSpawners>
    </Wave>
    <Wave Type="killtarget" Tag="4">
      <PrefabParams PrefabName="arena_BanditAmbush" />
      <KillTargets>
        <Entry ClassName="Naarlog" Amount="1" />
      </KillTargets>
      <MobSpawners>
        <Spawner DelayBeforeFirstSpawn="3" Type="until_spawn_count" TargetSpawnClass="Sc_BanditAmbush_Naarlog" NumberOfEntitiesPerSpawn="1" SpawnFrequency="0" MaxNumberOfSpawnedEntities="1" TargetSpawnLocationID="51" MustLoot="1" />
        <Spawner DelayBeforeFirstSpawn="3" Type="fill_forever" TargetSpawnClass="Sc_BanditAmbush_BanditRange" NumberOfEntitiesPerSpawn="1" SpawnFrequency="6" MaxActiveSpawnedEntities="1" TargetSpawnLocationID="13" />
        <Spawner DelayBeforeFirstSpawn="4" Type="fill_forever" TargetSpawnClass="Sc_BanditAmbush_BanditRange" NumberOfEntitiesPerSpawn="1" SpawnFrequency="6" MaxActiveSpawnedEntities="1" TargetSpawnLocationID="23" />
        <Spawner DelayBeforeFirstSpawn="5" Type="fill_forever" TargetSpawnClass="Sc_BanditAmbush_BanditRange" NumberOfEntitiesPerSpawn="1" SpawnFrequency="6" MaxActiveSpawnedEntities="1" TargetSpawnLocationID="33" />
        <Spawner DelayBeforeFirstSpawn="6" Type="fill_forever" TargetSpawnClass="Sc_BanditAmbush_BanditRange" NumberOfEntitiesPerSpawn="1" SpawnFrequency="6" MaxActiveSpawnedEntities="1" TargetSpawnLocationID="43" />
      </MobSpawners>
    </Wave>
  </ArenaWaves>
</MetaData>