<MetaData>
  <Params Level="1" Damage_Base="2" Damage_PerStack="2" />
  <Params Level="2" Damage_Base="2" Damage_PerStack="2" />
  <Params Level="3" Damage_Base="2" Damage_PerStack="2" />
  <Params Level="4" Damage_Base="4" Damage_PerStack="4" />
  <Params Level="5" Damage_Base="4" Damage_PerStack="4" />
  <Params Level="6" Damage_Base="6" Damage_PerStack="6" />
  <Params Level="7" Damage_Base="6" Damage_PerStack="6" />
  <Params Level="8" Damage_Base="8" Damage_PerStack="8" />
  <Params Level="9" Damage_Base="8" Damage_PerStack="8" />
  <Params Level="10" Damage_Base="8" Damage_PerStack="8" />
  <Params Level="11" Damage_Base="10" Damage_PerStack="10" />
  <Params Level="12" Damage_Base="10" Damage_PerStack="10" />
  <Params Level="13" Damage_Base="12" Damage_PerStack="12" />
  <Params Level="14" Damage_Base="12" Damage_PerStack="12" />
  <Params Level="15" Damage_Base="14" Damage_PerStack="14" />
  <Params Level="16" Damage_Base="14" Damage_PerStack="14" />
  <Params Level="17" Damage_Base="16" Damage_PerStack="16" />
  <Params Level="18" Damage_Base="16" Damage_PerStack="16" />
  <Params Level="19" Damage_Base="18" Damage_PerStack="18" />
  <Params Level="20" Damage_Base="18" Damage_PerStack="18" />
  <Params Level="21" Damage_Base="20" Damage_PerStack="20" />
  <Params Level="22" Damage_Base="20" Damage_PerStack="20" />
  <Params Level="23" Damage_Base="20" Damage_PerStack="20" />
  <Params Level="24" Damage_Base="20" Damage_PerStack="20" />
  <Params Level="25" Damage_Base="20" Damage_PerStack="20" />
  <Params Level="26" Damage_Base="20" Damage_PerStack="20" />
  <Params Level="27" Damage_Base="20" Damage_PerStack="20" />
  <Params Level="28" Damage_Base="20" Damage_PerStack="20" />
  <Params Level="29" Damage_Base="20" Damage_PerStack="20" />
  <Params Level="30" Damage_Base="20" Damage_PerStack="20" />
  <Params Level="31" Damage_Base="20" Damage_PerStack="20" />
  <Params Level="32" Damage_Base="20" Damage_PerStack="20" />
  <Params Level="33" Damage_Base="20" Damage_PerStack="20" />
  <Params Level="34" Damage_Base="20" Damage_PerStack="20" />
  <Params Level="35" Damage_Base="20" Damage_PerStack="20" />
  <Params Level="36" Damage_Base="20" Damage_PerStack="20" />
  <Params Level="37" Damage_Base="20" Damage_PerStack="20" />
  <Params Level="38" Damage_Base="20" Damage_PerStack="20" />
  <Params Level="39" Damage_Base="20" Damage_PerStack="20" />
  <Params Level="40" Damage_Base="20" Damage_PerStack="20" />
  <Params Level="41" Damage_Base="20" Damage_PerStack="20" />
  <Params Level="42" Damage_Base="20" Damage_PerStack="20" />
  <Params Level="43" Damage_Base="20" Damage_PerStack="20" />
  <Params Level="44" Damage_Base="20" Damage_PerStack="20" />
  <Params Level="45" Damage_Base="20" Damage_PerStack="20" />
  <Params Level="46" Damage_Base="20" Damage_PerStack="20" />
  <Params Level="47" Damage_Base="20" Damage_PerStack="20" />
  <Params Level="48" Damage_Base="20" Damage_PerStack="20" />
  <Params Level="49" Damage_Base="20" Damage_PerStack="20" />
  <Params Level="50" Damage_Base="20" Damage_PerStack="20" />
  <Params Level="51" Damage_Base="20" Damage_PerStack="20" />
  <Params Level="52" Damage_Base="20" Damage_PerStack="20" />
  <Params Level="53" Damage_Base="20" Damage_PerStack="20" />
  <Params Level="54" Damage_Base="20" Damage_PerStack="20" />
  <Params Level="55" Damage_Base="20" Damage_PerStack="20" />
  <Params Level="56" Damage_Base="20" Damage_PerStack="20" />
  <Params Level="57" Damage_Base="20" Damage_PerStack="20" />
  <Params Level="58" Damage_Base="20" Damage_PerStack="20" />
  <Params Level="59" Damage_Base="20" Damage_PerStack="20" />
  <Params Level="60" Damage_Base="20" Damage_PerStack="20" />
</MetaData>