<MetaData>
  <Params Level="1" Damage_Base="1" Damage_PerStack="1" Radius_Base="5" Radius_PerStack="0" DamageSecondary_Base="1" DamageSecondary_PerStack="1" />
  <Params Level="2" Damage_Base="1" Damage_PerStack="1" Radius_Base="5" Radius_PerStack="0" DamageSecondary_Base="1" DamageSecondary_PerStack="1" />
  <Params Level="3" Damage_Base="1" Damage_PerStack="1" Radius_Base="5" Radius_PerStack="0" DamageSecondary_Base="1" DamageSecondary_PerStack="1" />
  <Params Level="4" Damage_Base="2" Damage_PerStack="2" Radius_Base="5" Radius_PerStack="0" DamageSecondary_Base="2" DamageSecondary_PerStack="2" />
  <Params Level="5" Damage_Base="2" Damage_PerStack="2" Radius_Base="5" Radius_PerStack="0" DamageSecondary_Base="2" DamageSecondary_PerStack="2" />
  <Params Level="6" Damage_Base="3" Damage_PerStack="3" Radius_Base="5" Radius_PerStack="0" DamageSecondary_Base="3" DamageSecondary_PerStack="2" />
  <Params Level="7" Damage_Base="3" Damage_PerStack="3" Radius_Base="5" Radius_PerStack="0" DamageSecondary_Base="3" DamageSecondary_PerStack="3" />
  <Params Level="8" Damage_Base="4" Damage_PerStack="4" Radius_Base="5" Radius_PerStack="0" DamageSecondary_Base="4" DamageSecondary_PerStack="3" />
  <Params Level="9" Damage_Base="4" Damage_PerStack="4" Radius_Base="5" Radius_PerStack="0" DamageSecondary_Base="4" DamageSecondary_PerStack="4" />
  <Params Level="10" Damage_Base="4" Damage_PerStack="4" Radius_Base="5" Radius_PerStack="0" DamageSecondary_Base="4" DamageSecondary_PerStack="4" />
  <Params Level="11" Damage_Base="5" Damage_PerStack="5" Radius_Base="5" Radius_PerStack="0" DamageSecondary_Base="5" DamageSecondary_PerStack="5" />
  <Params Level="12" Damage_Base="5" Damage_PerStack="5" Radius_Base="5" Radius_PerStack="0" DamageSecondary_Base="5" DamageSecondary_PerStack="5" />
  <Params Level="13" Damage_Base="6" Damage_PerStack="6" Radius_Base="5" Radius_PerStack="0" DamageSecondary_Base="6" DamageSecondary_PerStack="6" />
  <Params Level="14" Damage_Base="6" Damage_PerStack="6" Radius_Base="5" Radius_PerStack="0" DamageSecondary_Base="6" DamageSecondary_PerStack="6" />
  <Params Level="15" Damage_Base="7" Damage_PerStack="7" Radius_Base="5" Radius_PerStack="0" DamageSecondary_Base="7" DamageSecondary_PerStack="7" />
  <Params Level="16" Damage_Base="7" Damage_PerStack="7" Radius_Base="5" Radius_PerStack="0" DamageSecondary_Base="7" DamageSecondary_PerStack="7" />
  <Params Level="17" Damage_Base="8" Damage_PerStack="8" Radius_Base="5" Radius_PerStack="0" DamageSecondary_Base="8" DamageSecondary_PerStack="8" />
  <Params Level="18" Damage_Base="8" Damage_PerStack="8" Radius_Base="5" Radius_PerStack="0" DamageSecondary_Base="8" DamageSecondary_PerStack="8" />
  <Params Level="19" Damage_Base="9" Damage_PerStack="9" Radius_Base="5" Radius_PerStack="0" DamageSecondary_Base="9" DamageSecondary_PerStack="9" />
  <Params Level="20" Damage_Base="9" Damage_PerStack="9" Radius_Base="5" Radius_PerStack="0" DamageSecondary_Base="9" DamageSecondary_PerStack="9" />
  <Params Level="21" Damage_Base="9" Damage_PerStack="4.5" Radius_Base="5" Radius_PerStack="0" DamageSecondary_Base="9" DamageSecondary_PerStack="2.25" />
  <Params Level="22" Damage_Base="10" Damage_PerStack="5" Radius_Base="5" Radius_PerStack="0" DamageSecondary_Base="10" DamageSecondary_PerStack="2.5" />
  <Params Level="23" Damage_Base="10" Damage_PerStack="5" Radius_Base="5" Radius_PerStack="0" DamageSecondary_Base="10" DamageSecondary_PerStack="2.5" />
  <Params Level="24" Damage_Base="11" Damage_PerStack="5.5" Radius_Base="5" Radius_PerStack="0" DamageSecondary_Base="11" DamageSecondary_PerStack="2.75" />
  <Params Level="25" Damage_Base="11" Damage_PerStack="5.5" Radius_Base="5" Radius_PerStack="0" DamageSecondary_Base="11" DamageSecondary_PerStack="2.75" />
  <Params Level="26" Damage_Base="12" Damage_PerStack="6" Radius_Base="5" Radius_PerStack="0" DamageSecondary_Base="12" DamageSecondary_PerStack="3" />
  <Params Level="27" Damage_Base="12" Damage_PerStack="6" Radius_Base="5" Radius_PerStack="0" DamageSecondary_Base="12" DamageSecondary_PerStack="3" />
  <Params Level="28" Damage_Base="13" Damage_PerStack="6.5" Radius_Base="5" Radius_PerStack="0" DamageSecondary_Base="13" DamageSecondary_PerStack="3.25" />
  <Params Level="29" Damage_Base="13" Damage_PerStack="6.5" Radius_Base="5" Radius_PerStack="0" DamageSecondary_Base="13" DamageSecondary_PerStack="3.25" />
  <Params Level="30" Damage_Base="13" Damage_PerStack="6.5" Radius_Base="5" Radius_PerStack="0" DamageSecondary_Base="13" DamageSecondary_PerStack="3.25" />
  <Params Level="31" Damage_Base="14" Damage_PerStack="7" Radius_Base="5" Radius_PerStack="0" DamageSecondary_Base="14" DamageSecondary_PerStack="3.5" />
  <Params Level="32" Damage_Base="14" Damage_PerStack="7" Radius_Base="6" Radius_PerStack="0" DamageSecondary_Base="14" DamageSecondary_PerStack="3.5" />
  <Params Level="33" Damage_Base="15" Damage_PerStack="7.5" Radius_Base="6" Radius_PerStack="0" DamageSecondary_Base="15" DamageSecondary_PerStack="3.75" />
  <Params Level="34" Damage_Base="15" Damage_PerStack="7.5" Radius_Base="6" Radius_PerStack="0" DamageSecondary_Base="15" DamageSecondary_PerStack="3.75" />
  <Params Level="35" Damage_Base="16" Damage_PerStack="8" Radius_Base="6" Radius_PerStack="0" DamageSecondary_Base="16" DamageSecondary_PerStack="4" />
  <Params Level="36" Damage_Base="16" Damage_PerStack="8" Radius_Base="6" Radius_PerStack="0" DamageSecondary_Base="16" DamageSecondary_PerStack="4" />
  <Params Level="37" Damage_Base="17" Damage_PerStack="8.5" Radius_Base="6" Radius_PerStack="0" DamageSecondary_Base="17" DamageSecondary_PerStack="4.25" />
  <Params Level="38" Damage_Base="17" Damage_PerStack="9" Radius_Base="6" Radius_PerStack="0" DamageSecondary_Base="17" DamageSecondary_PerStack="4.25" />
  <Params Level="39" Damage_Base="18" Damage_PerStack="9" Radius_Base="6" Radius_PerStack="0" DamageSecondary_Base="18" DamageSecondary_PerStack="4.5" />
  <Params Level="40" Damage_Base="18" Damage_PerStack="9" Radius_Base="6" Radius_PerStack="0" DamageSecondary_Base="18" DamageSecondary_PerStack="4.5" />
  <Params Level="41" Damage_Base="18" Damage_PerStack="9" Radius_Base="6" Radius_PerStack="0" DamageSecondary_Base="18" DamageSecondary_PerStack="4.5" />
  <Params Level="42" Damage_Base="19" Damage_PerStack="9.5" Radius_Base="6" Radius_PerStack="0" DamageSecondary_Base="19" DamageSecondary_PerStack="4.75" />
  <Params Level="43" Damage_Base="19" Damage_PerStack="9.5" Radius_Base="6" Radius_PerStack="0" DamageSecondary_Base="19" DamageSecondary_PerStack="4.75" />
  <Params Level="44" Damage_Base="20" Damage_PerStack="10" Radius_Base="6" Radius_PerStack="0" DamageSecondary_Base="20" DamageSecondary_PerStack="5" />
  <Params Level="45" Damage_Base="20" Damage_PerStack="10" Radius_Base="6" Radius_PerStack="0" DamageSecondary_Base="20" DamageSecondary_PerStack="5" />
  <Params Level="46" Damage_Base="21" Damage_PerStack="10.5" Radius_Base="6" Radius_PerStack="0" DamageSecondary_Base="21" DamageSecondary_PerStack="5.25" />
  <Params Level="47" Damage_Base="21" Damage_PerStack="10.5" Radius_Base="6" Radius_PerStack="0" DamageSecondary_Base="21" DamageSecondary_PerStack="5.25" />
  <Params Level="48" Damage_Base="22" Damage_PerStack="11" Radius_Base="6" Radius_PerStack="0" DamageSecondary_Base="22" DamageSecondary_PerStack="5.5" />
  <Params Level="49" Damage_Base="22" Damage_PerStack="11" Radius_Base="6" Radius_PerStack="0" DamageSecondary_Base="22" DamageSecondary_PerStack="5.5" />
  <Params Level="50" Damage_Base="22" Damage_PerStack="11" Radius_Base="6" Radius_PerStack="0" DamageSecondary_Base="22" DamageSecondary_PerStack="5.5" />
  <Params Level="51" Damage_Base="23" Damage_PerStack="11.5" Radius_Base="6" Radius_PerStack="0" DamageSecondary_Base="23" DamageSecondary_PerStack="5.75" />
  <Params Level="52" Damage_Base="23" Damage_PerStack="11.5" Radius_Base="6" Radius_PerStack="0" DamageSecondary_Base="23" DamageSecondary_PerStack="5.75" />
  <Params Level="53" Damage_Base="24" Damage_PerStack="12" Radius_Base="6" Radius_PerStack="0" DamageSecondary_Base="24" DamageSecondary_PerStack="6" />
  <Params Level="54" Damage_Base="24" Damage_PerStack="12" Radius_Base="6" Radius_PerStack="0" DamageSecondary_Base="24" DamageSecondary_PerStack="6" />
  <Params Level="55" Damage_Base="25" Damage_PerStack="12.5" Radius_Base="6" Radius_PerStack="0" DamageSecondary_Base="25" DamageSecondary_PerStack="6.25" />
  <Params Level="56" Damage_Base="25" Damage_PerStack="12.5" Radius_Base="6" Radius_PerStack="0" DamageSecondary_Base="25" DamageSecondary_PerStack="6.25" />
  <Params Level="57" Damage_Base="26" Damage_PerStack="13" Radius_Base="6" Radius_PerStack="0" DamageSecondary_Base="26" DamageSecondary_PerStack="6.5" />
  <Params Level="58" Damage_Base="26" Damage_PerStack="13" Radius_Base="6" Radius_PerStack="0" DamageSecondary_Base="26" DamageSecondary_PerStack="6.5" />
  <Params Level="59" Damage_Base="27" Damage_PerStack="13.5" Radius_Base="7" Radius_PerStack="0" DamageSecondary_Base="27" DamageSecondary_PerStack="6.75" />
  <Params Level="60" Damage_Base="27" Damage_PerStack="13.5" Radius_Base="7" Radius_PerStack="0" DamageSecondary_Base="27" DamageSecondary_PerStack="6.75" />
</MetaData>