<MetaData>
  <Params Level="1" PropagationChance_Base="20" PropagationChance_PerStack="2" />
  <Params Level="2" PropagationChance_Base="20" PropagationChance_PerStack="2" />
  <Params Level="3" PropagationChance_Base="20" PropagationChance_PerStack="2" />
  <Params Level="4" PropagationChance_Base="20" PropagationChance_PerStack="2" />
  <Params Level="5" PropagationChance_Base="20" PropagationChance_PerStack="2" />
  <Params Level="6" PropagationChance_Base="20" PropagationChance_PerStack="2" />
  <Params Level="7" PropagationChance_Base="20" PropagationChance_PerStack="2" />
  <Params Level="8" PropagationChance_Base="20" PropagationChance_PerStack="2" />
  <Params Level="9" PropagationChance_Base="20" PropagationChance_PerStack="2" />
  <Params Level="10" PropagationChance_Base="20" PropagationChance_PerStack="2" />
  <Params Level="11" PropagationChance_Base="20" PropagationChance_PerStack="2" />
  <Params Level="12" PropagationChance_Base="20" PropagationChance_PerStack="2" />
  <Params Level="13" PropagationChance_Base="20" PropagationChance_PerStack="2" />
  <Params Level="14" PropagationChance_Base="20" PropagationChance_PerStack="2" />
  <Params Level="15" PropagationChance_Base="20" PropagationChance_PerStack="2" />
  <Params Level="16" PropagationChance_Base="20" PropagationChance_PerStack="2" />
  <Params Level="17" PropagationChance_Base="20" PropagationChance_PerStack="2" />
  <Params Level="18" PropagationChance_Base="20" PropagationChance_PerStack="2" />
  <Params Level="19" PropagationChance_Base="20" PropagationChance_PerStack="2" />
  <Params Level="20" PropagationChance_Base="20" PropagationChance_PerStack="2" />
  <Params Level="21" PropagationChance_Base="20" PropagationChance_PerStack="2" />
  <Params Level="22" PropagationChance_Base="20" PropagationChance_PerStack="2" />
  <Params Level="23" PropagationChance_Base="20" PropagationChance_PerStack="2" />
  <Params Level="24" PropagationChance_Base="20" PropagationChance_PerStack="2" />
  <Params Level="25" PropagationChance_Base="20" PropagationChance_PerStack="2" />
  <Params Level="26" PropagationChance_Base="20" PropagationChance_PerStack="2" />
  <Params Level="27" PropagationChance_Base="20" PropagationChance_PerStack="2" />
  <Params Level="28" PropagationChance_Base="20" PropagationChance_PerStack="2" />
  <Params Level="29" PropagationChance_Base="20" PropagationChance_PerStack="2" />
  <Params Level="30" PropagationChance_Base="20" PropagationChance_PerStack="2" />
  <Params Level="31" PropagationChance_Base="20" PropagationChance_PerStack="2" />
  <Params Level="32" PropagationChance_Base="20" PropagationChance_PerStack="2" />
  <Params Level="33" PropagationChance_Base="20" PropagationChance_PerStack="2" />
  <Params Level="34" PropagationChance_Base="20" PropagationChance_PerStack="2" />
  <Params Level="35" PropagationChance_Base="20" PropagationChance_PerStack="2" />
  <Params Level="36" PropagationChance_Base="20" PropagationChance_PerStack="2" />
  <Params Level="37" PropagationChance_Base="20" PropagationChance_PerStack="2" />
  <Params Level="38" PropagationChance_Base="20" PropagationChance_PerStack="2" />
  <Params Level="39" PropagationChance_Base="20" PropagationChance_PerStack="2" />
  <Params Level="40" PropagationChance_Base="20" PropagationChance_PerStack="2" />
  <Params Level="41" PropagationChance_Base="20" PropagationChance_PerStack="2" />
  <Params Level="42" PropagationChance_Base="20" PropagationChance_PerStack="2" />
  <Params Level="43" PropagationChance_Base="20" PropagationChance_PerStack="2" />
  <Params Level="44" PropagationChance_Base="20" PropagationChance_PerStack="2" />
  <Params Level="45" PropagationChance_Base="20" PropagationChance_PerStack="2" />
  <Params Level="46" PropagationChance_Base="20" PropagationChance_PerStack="2" />
  <Params Level="47" PropagationChance_Base="20" PropagationChance_PerStack="2" />
  <Params Level="48" PropagationChance_Base="20" PropagationChance_PerStack="2" />
  <Params Level="49" PropagationChance_Base="20" PropagationChance_PerStack="2" />
  <Params Level="50" PropagationChance_Base="20" PropagationChance_PerStack="2" />
  <Params Level="51" PropagationChance_Base="20" PropagationChance_PerStack="2" />
  <Params Level="52" PropagationChance_Base="20" PropagationChance_PerStack="2" />
  <Params Level="53" PropagationChance_Base="20" PropagationChance_PerStack="2" />
  <Params Level="54" PropagationChance_Base="20" PropagationChance_PerStack="2" />
  <Params Level="55" PropagationChance_Base="20" PropagationChance_PerStack="2" />
  <Params Level="56" PropagationChance_Base="20" PropagationChance_PerStack="2" />
  <Params Level="57" PropagationChance_Base="20" PropagationChance_PerStack="2" />
  <Params Level="58" PropagationChance_Base="20" PropagationChance_PerStack="2" />
  <Params Level="59" PropagationChance_Base="20" PropagationChance_PerStack="2" />
  <Params Level="60" PropagationChance_Base="20" PropagationChance_PerStack="2" />
</MetaData>