<MetaData>
  <Frailty>
    <DamageAtLevel Level="1" ResistanceReductionAtMin="5" ResistanceReductionAtMax="60" ProtectionShatterAtMin="1" ProtectionShatterAtMax="4" />
    <DamageAtLevel Level="2" ResistanceReductionAtMin="5" ResistanceReductionAtMax="60" ProtectionShatterAtMin="2" ProtectionShatterAtMax="7" />
    <DamageAtLevel Level="3" ResistanceReductionAtMin="5" ResistanceReductionAtMax="60" ProtectionShatterAtMin="3" ProtectionShatterAtMax="10" />
    <DamageAtLevel Level="4" ResistanceReductionAtMin="5" ResistanceReductionAtMax="60" ProtectionShatterAtMin="4" ProtectionShatterAtMax="13" />
    <DamageAtLevel Level="5" ResistanceReductionAtMin="5" ResistanceReductionAtMax="60" ProtectionShatterAtMin="5" ProtectionShatterAtMax="16" />
    <DamageAtLevel Level="6" ResistanceReductionAtMin="5" ResistanceReductionAtMax="60" ProtectionShatterAtMin="6" ProtectionShatterAtMax="19" />
    <DamageAtLevel Level="7" ResistanceReductionAtMin="5" ResistanceReductionAtMax="60" ProtectionShatterAtMin="7" ProtectionShatterAtMax="22" />
    <DamageAtLevel Level="8" ResistanceReductionAtMin="5" ResistanceReductionAtMax="60" ProtectionShatterAtMin="8" ProtectionShatterAtMax="25" />
    <DamageAtLevel Level="9" ResistanceReductionAtMin="5" ResistanceReductionAtMax="60" ProtectionShatterAtMin="9" ProtectionShatterAtMax="28" />
    <DamageAtLevel Level="10" ResistanceReductionAtMin="5" ResistanceReductionAtMax="60" ProtectionShatterAtMin="10" ProtectionShatterAtMax="31" />
    <DamageAtLevel Level="11" ResistanceReductionAtMin="5" ResistanceReductionAtMax="60" ProtectionShatterAtMin="11" ProtectionShatterAtMax="34" />
    <DamageAtLevel Level="12" ResistanceReductionAtMin="5" ResistanceReductionAtMax="60" ProtectionShatterAtMin="12" ProtectionShatterAtMax="37" />
    <DamageAtLevel Level="13" ResistanceReductionAtMin="5" ResistanceReductionAtMax="60" ProtectionShatterAtMin="13" ProtectionShatterAtMax="40" />
    <DamageAtLevel Level="14" ResistanceReductionAtMin="5" ResistanceReductionAtMax="60" ProtectionShatterAtMin="14" ProtectionShatterAtMax="43" />
    <DamageAtLevel Level="15" ResistanceReductionAtMin="5" ResistanceReductionAtMax="60" ProtectionShatterAtMin="15" ProtectionShatterAtMax="46" />
    <DamageAtLevel Level="16" ResistanceReductionAtMin="5" ResistanceReductionAtMax="60" ProtectionShatterAtMin="16" ProtectionShatterAtMax="49" />
    <DamageAtLevel Level="17" ResistanceReductionAtMin="5" ResistanceReductionAtMax="60" ProtectionShatterAtMin="17" ProtectionShatterAtMax="52" />
    <DamageAtLevel Level="18" ResistanceReductionAtMin="5" ResistanceReductionAtMax="60" ProtectionShatterAtMin="18" ProtectionShatterAtMax="55" />
    <DamageAtLevel Level="19" ResistanceReductionAtMin="5" ResistanceReductionAtMax="60" ProtectionShatterAtMin="19" ProtectionShatterAtMax="58" />
    <DamageAtLevel Level="20" ResistanceReductionAtMin="5" ResistanceReductionAtMax="60" ProtectionShatterAtMin="20" ProtectionShatterAtMax="61" />
    <DamageAtLevel Level="21" ResistanceReductionAtMin="5" ResistanceReductionAtMax="60" ProtectionShatterAtMin="21" ProtectionShatterAtMax="64" />
    <DamageAtLevel Level="22" ResistanceReductionAtMin="5" ResistanceReductionAtMax="60" ProtectionShatterAtMin="22" ProtectionShatterAtMax="67" />
    <DamageAtLevel Level="23" ResistanceReductionAtMin="5" ResistanceReductionAtMax="60" ProtectionShatterAtMin="23" ProtectionShatterAtMax="70" />
    <DamageAtLevel Level="24" ResistanceReductionAtMin="5" ResistanceReductionAtMax="60" ProtectionShatterAtMin="24" ProtectionShatterAtMax="73" />
    <DamageAtLevel Level="25" ResistanceReductionAtMin="5" ResistanceReductionAtMax="60" ProtectionShatterAtMin="25" ProtectionShatterAtMax="76" />
    <DamageAtLevel Level="26" ResistanceReductionAtMin="5" ResistanceReductionAtMax="60" ProtectionShatterAtMin="26" ProtectionShatterAtMax="79" />
    <DamageAtLevel Level="27" ResistanceReductionAtMin="5" ResistanceReductionAtMax="60" ProtectionShatterAtMin="27" ProtectionShatterAtMax="82" />
    <DamageAtLevel Level="28" ResistanceReductionAtMin="5" ResistanceReductionAtMax="60" ProtectionShatterAtMin="28" ProtectionShatterAtMax="85" />
    <DamageAtLevel Level="29" ResistanceReductionAtMin="5" ResistanceReductionAtMax="60" ProtectionShatterAtMin="29" ProtectionShatterAtMax="88" />
    <DamageAtLevel Level="30" ResistanceReductionAtMin="5" ResistanceReductionAtMax="60" ProtectionShatterAtMin="30" ProtectionShatterAtMax="91" />
    <DamageAtLevel Level="31" ResistanceReductionAtMin="5" ResistanceReductionAtMax="60" ProtectionShatterAtMin="31" ProtectionShatterAtMax="94" />
    <DamageAtLevel Level="32" ResistanceReductionAtMin="5" ResistanceReductionAtMax="60" ProtectionShatterAtMin="32" ProtectionShatterAtMax="97" />
    <DamageAtLevel Level="33" ResistanceReductionAtMin="5" ResistanceReductionAtMax="60" ProtectionShatterAtMin="33" ProtectionShatterAtMax="100" />
    <DamageAtLevel Level="34" ResistanceReductionAtMin="5" ResistanceReductionAtMax="60" ProtectionShatterAtMin="34" ProtectionShatterAtMax="103" />
    <DamageAtLevel Level="35" ResistanceReductionAtMin="5" ResistanceReductionAtMax="60" ProtectionShatterAtMin="35" ProtectionShatterAtMax="106" />
    <DamageAtLevel Level="36" ResistanceReductionAtMin="5" ResistanceReductionAtMax="60" ProtectionShatterAtMin="36" ProtectionShatterAtMax="109" />
    <DamageAtLevel Level="37" ResistanceReductionAtMin="5" ResistanceReductionAtMax="60" ProtectionShatterAtMin="37" ProtectionShatterAtMax="112" />
    <DamageAtLevel Level="38" ResistanceReductionAtMin="5" ResistanceReductionAtMax="60" ProtectionShatterAtMin="38" ProtectionShatterAtMax="115" />
    <DamageAtLevel Level="39" ResistanceReductionAtMin="5" ResistanceReductionAtMax="60" ProtectionShatterAtMin="39" ProtectionShatterAtMax="118" />
    <DamageAtLevel Level="40" ResistanceReductionAtMin="5" ResistanceReductionAtMax="60" ProtectionShatterAtMin="40" ProtectionShatterAtMax="121" />
    <DamageAtLevel Level="41" ResistanceReductionAtMin="5" ResistanceReductionAtMax="60" ProtectionShatterAtMin="41" ProtectionShatterAtMax="124" />
    <DamageAtLevel Level="42" ResistanceReductionAtMin="5" ResistanceReductionAtMax="60" ProtectionShatterAtMin="42" ProtectionShatterAtMax="127" />
    <DamageAtLevel Level="43" ResistanceReductionAtMin="5" ResistanceReductionAtMax="60" ProtectionShatterAtMin="43" ProtectionShatterAtMax="130" />
    <DamageAtLevel Level="44" ResistanceReductionAtMin="5" ResistanceReductionAtMax="60" ProtectionShatterAtMin="44" ProtectionShatterAtMax="133" />
    <DamageAtLevel Level="45" ResistanceReductionAtMin="5" ResistanceReductionAtMax="60" ProtectionShatterAtMin="45" ProtectionShatterAtMax="136" />
    <DamageAtLevel Level="46" ResistanceReductionAtMin="5" ResistanceReductionAtMax="60" ProtectionShatterAtMin="46" ProtectionShatterAtMax="139" />
    <DamageAtLevel Level="47" ResistanceReductionAtMin="5" ResistanceReductionAtMax="60" ProtectionShatterAtMin="47" ProtectionShatterAtMax="142" />
    <DamageAtLevel Level="48" ResistanceReductionAtMin="5" ResistanceReductionAtMax="60" ProtectionShatterAtMin="48" ProtectionShatterAtMax="145" />
    <DamageAtLevel Level="49" ResistanceReductionAtMin="5" ResistanceReductionAtMax="60" ProtectionShatterAtMin="49" ProtectionShatterAtMax="148" />
    <DamageAtLevel Level="50" ResistanceReductionAtMin="5" ResistanceReductionAtMax="60" ProtectionShatterAtMin="50" ProtectionShatterAtMax="151" />
    <DamageAtLevel Level="51" ResistanceReductionAtMin="5" ResistanceReductionAtMax="60" ProtectionShatterAtMin="51" ProtectionShatterAtMax="154" />
    <DamageAtLevel Level="52" ResistanceReductionAtMin="5" ResistanceReductionAtMax="60" ProtectionShatterAtMin="52" ProtectionShatterAtMax="157" />
    <DamageAtLevel Level="53" ResistanceReductionAtMin="5" ResistanceReductionAtMax="60" ProtectionShatterAtMin="53" ProtectionShatterAtMax="160" />
    <DamageAtLevel Level="54" ResistanceReductionAtMin="5" ResistanceReductionAtMax="60" ProtectionShatterAtMin="54" ProtectionShatterAtMax="163" />
    <DamageAtLevel Level="55" ResistanceReductionAtMin="5" ResistanceReductionAtMax="60" ProtectionShatterAtMin="55" ProtectionShatterAtMax="166" />
    <DamageAtLevel Level="56" ResistanceReductionAtMin="5" ResistanceReductionAtMax="60" ProtectionShatterAtMin="56" ProtectionShatterAtMax="169" />
    <DamageAtLevel Level="57" ResistanceReductionAtMin="5" ResistanceReductionAtMax="60" ProtectionShatterAtMin="57" ProtectionShatterAtMax="172" />
    <DamageAtLevel Level="58" ResistanceReductionAtMin="5" ResistanceReductionAtMax="60" ProtectionShatterAtMin="58" ProtectionShatterAtMax="175" />
    <DamageAtLevel Level="59" ResistanceReductionAtMin="5" ResistanceReductionAtMax="60" ProtectionShatterAtMin="59" ProtectionShatterAtMax="178" />
    <DamageAtLevel Level="60" ResistanceReductionAtMin="5" ResistanceReductionAtMax="60" ProtectionShatterAtMin="60" ProtectionShatterAtMax="181" />
  </Frailty>
</MetaData>