<MetaData>
  <Params Level="1" Damage_Base="4" Damage_PerStack="1" Radius_Base="10" Radius_PerStack="0" DamageSecondary_Base="1" DamageSecondary_PerStack="1" />
  <Params Level="2" Damage_Base="5" Damage_PerStack="1" Radius_Base="10" Radius_PerStack="0" DamageSecondary_Base="1" DamageSecondary_PerStack="1" />
  <Params Level="3" Damage_Base="6" Damage_PerStack="1" Radius_Base="10" Radius_PerStack="0" DamageSecondary_Base="1" DamageSecondary_PerStack="1" />
  <Params Level="4" Damage_Base="7" Damage_PerStack="2" Radius_Base="10" Radius_PerStack="0" DamageSecondary_Base="2" DamageSecondary_PerStack="2" />
  <Params Level="5" Damage_Base="8" Damage_PerStack="2" Radius_Base="10" Radius_PerStack="0" DamageSecondary_Base="2" DamageSecondary_PerStack="2" />
  <Params Level="6" Damage_Base="9" Damage_PerStack="3" Radius_Base="10" Radius_PerStack="0" DamageSecondary_Base="3" DamageSecondary_PerStack="3" />
  <Params Level="7" Damage_Base="10" Damage_PerStack="3" Radius_Base="10" Radius_PerStack="0" DamageSecondary_Base="3" DamageSecondary_PerStack="3" />
  <Params Level="8" Damage_Base="11" Damage_PerStack="4" Radius_Base="10" Radius_PerStack="0" DamageSecondary_Base="4" DamageSecondary_PerStack="4" />
  <Params Level="9" Damage_Base="12" Damage_PerStack="4" Radius_Base="10" Radius_PerStack="0" DamageSecondary_Base="4" DamageSecondary_PerStack="4" />
  <Params Level="10" Damage_Base="13" Damage_PerStack="4" Radius_Base="10" Radius_PerStack="0" DamageSecondary_Base="4" DamageSecondary_PerStack="4" />
  <Params Level="11" Damage_Base="14" Damage_PerStack="5" Radius_Base="10" Radius_PerStack="0" DamageSecondary_Base="5" DamageSecondary_PerStack="5" />
  <Params Level="12" Damage_Base="15" Damage_PerStack="5" Radius_Base="10" Radius_PerStack="0" DamageSecondary_Base="5" DamageSecondary_PerStack="5" />
  <Params Level="13" Damage_Base="16" Damage_PerStack="5" Radius_Base="10" Radius_PerStack="0" DamageSecondary_Base="5" DamageSecondary_PerStack="5" />
  <Params Level="14" Damage_Base="17" Damage_PerStack="6" Radius_Base="10" Radius_PerStack="0" DamageSecondary_Base="6" DamageSecondary_PerStack="6" />
  <Params Level="15" Damage_Base="18" Damage_PerStack="6" Radius_Base="10" Radius_PerStack="0" DamageSecondary_Base="6" DamageSecondary_PerStack="6" />
  <Params Level="16" Damage_Base="19" Damage_PerStack="7" Radius_Base="10" Radius_PerStack="0" DamageSecondary_Base="7" DamageSecondary_PerStack="7" />
  <Params Level="17" Damage_Base="20" Damage_PerStack="7" Radius_Base="10" Radius_PerStack="0" DamageSecondary_Base="7" DamageSecondary_PerStack="7" />
  <Params Level="18" Damage_Base="21" Damage_PerStack="8" Radius_Base="10" Radius_PerStack="0" DamageSecondary_Base="8" DamageSecondary_PerStack="8" />
  <Params Level="19" Damage_Base="22" Damage_PerStack="8" Radius_Base="10" Radius_PerStack="0" DamageSecondary_Base="8" DamageSecondary_PerStack="8" />
  <Params Level="20" Damage_Base="23" Damage_PerStack="3" Radius_Base="10" Radius_PerStack="0" DamageSecondary_Base="3" DamageSecondary_PerStack="3" />
  <Params Level="21" Damage_Base="24" Damage_PerStack="12" Radius_Base="10" Radius_PerStack="0" DamageSecondary_Base="9" DamageSecondary_PerStack="9" />
  <Params Level="22" Damage_Base="25" Damage_PerStack="12" Radius_Base="10" Radius_PerStack="0" DamageSecondary_Base="6" DamageSecondary_PerStack="6" />
  <Params Level="23" Damage_Base="26" Damage_PerStack="13" Radius_Base="10" Radius_PerStack="0" DamageSecondary_Base="7" DamageSecondary_PerStack="7" />
  <Params Level="24" Damage_Base="27" Damage_PerStack="13" Radius_Base="10" Radius_PerStack="0" DamageSecondary_Base="7" DamageSecondary_PerStack="7" />
  <Params Level="25" Damage_Base="28" Damage_PerStack="14" Radius_Base="10" Radius_PerStack="0" DamageSecondary_Base="7" DamageSecondary_PerStack="7" />
  <Params Level="26" Damage_Base="29" Damage_PerStack="14" Radius_Base="10" Radius_PerStack="0" DamageSecondary_Base="7" DamageSecondary_PerStack="7" />
  <Params Level="27" Damage_Base="30" Damage_PerStack="15" Radius_Base="10" Radius_PerStack="0" DamageSecondary_Base="8" DamageSecondary_PerStack="8" />
  <Params Level="28" Damage_Base="31" Damage_PerStack="15" Radius_Base="10" Radius_PerStack="0" DamageSecondary_Base="8" DamageSecondary_PerStack="8" />
  <Params Level="29" Damage_Base="32" Damage_PerStack="16" Radius_Base="10" Radius_PerStack="0" DamageSecondary_Base="8" DamageSecondary_PerStack="8" />
  <Params Level="30" Damage_Base="33" Damage_PerStack="16" Radius_Base="10" Radius_PerStack="0" DamageSecondary_Base="8" DamageSecondary_PerStack="8" />
  <Params Level="31" Damage_Base="34" Damage_PerStack="17" Radius_Base="10" Radius_PerStack="0" DamageSecondary_Base="9" DamageSecondary_PerStack="9" />
  <Params Level="32" Damage_Base="35" Damage_PerStack="17" Radius_Base="10" Radius_PerStack="0" DamageSecondary_Base="9" DamageSecondary_PerStack="9" />
  <Params Level="33" Damage_Base="36" Damage_PerStack="18" Radius_Base="10" Radius_PerStack="0" DamageSecondary_Base="9" DamageSecondary_PerStack="9" />
  <Params Level="34" Damage_Base="37" Damage_PerStack="18" Radius_Base="10" Radius_PerStack="0" DamageSecondary_Base="9" DamageSecondary_PerStack="9" />
  <Params Level="35" Damage_Base="38" Damage_PerStack="19" Radius_Base="10" Radius_PerStack="0" DamageSecondary_Base="10" DamageSecondary_PerStack="10" />
  <Params Level="36" Damage_Base="39" Damage_PerStack="19" Radius_Base="10" Radius_PerStack="0" DamageSecondary_Base="10" DamageSecondary_PerStack="10" />
  <Params Level="37" Damage_Base="40" Damage_PerStack="20" Radius_Base="10" Radius_PerStack="0" DamageSecondary_Base="10" DamageSecondary_PerStack="10" />
  <Params Level="38" Damage_Base="41" Damage_PerStack="20" Radius_Base="10" Radius_PerStack="0" DamageSecondary_Base="10" DamageSecondary_PerStack="10" />
  <Params Level="39" Damage_Base="42" Damage_PerStack="21" Radius_Base="10" Radius_PerStack="0" DamageSecondary_Base="11" DamageSecondary_PerStack="11" />
  <Params Level="40" Damage_Base="43" Damage_PerStack="21" Radius_Base="10" Radius_PerStack="0" DamageSecondary_Base="11" DamageSecondary_PerStack="11" />
  <Params Level="41" Damage_Base="44" Damage_PerStack="22" Radius_Base="10" Radius_PerStack="0" DamageSecondary_Base="11" DamageSecondary_PerStack="11" />
  <Params Level="42" Damage_Base="45" Damage_PerStack="22" Radius_Base="10" Radius_PerStack="0" DamageSecondary_Base="11" DamageSecondary_PerStack="11" />
  <Params Level="43" Damage_Base="46" Damage_PerStack="23" Radius_Base="10" Radius_PerStack="0" DamageSecondary_Base="12" DamageSecondary_PerStack="12" />
  <Params Level="44" Damage_Base="47" Damage_PerStack="23" Radius_Base="10" Radius_PerStack="0" DamageSecondary_Base="12" DamageSecondary_PerStack="12" />
  <Params Level="45" Damage_Base="48" Damage_PerStack="24" Radius_Base="10" Radius_PerStack="0" DamageSecondary_Base="12" DamageSecondary_PerStack="12" />
  <Params Level="46" Damage_Base="49" Damage_PerStack="24" Radius_Base="10" Radius_PerStack="0" DamageSecondary_Base="12" DamageSecondary_PerStack="12" />
  <Params Level="47" Damage_Base="50" Damage_PerStack="25" Radius_Base="10" Radius_PerStack="0" DamageSecondary_Base="13" DamageSecondary_PerStack="13" />
  <Params Level="48" Damage_Base="51" Damage_PerStack="25" Radius_Base="10" Radius_PerStack="0" DamageSecondary_Base="13" DamageSecondary_PerStack="13" />
  <Params Level="49" Damage_Base="52" Damage_PerStack="26" Radius_Base="10" Radius_PerStack="0" DamageSecondary_Base="13" DamageSecondary_PerStack="13" />
  <Params Level="50" Damage_Base="53" Damage_PerStack="26" Radius_Base="10" Radius_PerStack="0" DamageSecondary_Base="13" DamageSecondary_PerStack="13" />
  <Params Level="51" Damage_Base="54" Damage_PerStack="27" Radius_Base="10" Radius_PerStack="0" DamageSecondary_Base="14" DamageSecondary_PerStack="14" />
  <Params Level="52" Damage_Base="55" Damage_PerStack="27" Radius_Base="10" Radius_PerStack="0" DamageSecondary_Base="14" DamageSecondary_PerStack="14" />
  <Params Level="53" Damage_Base="56" Damage_PerStack="28" Radius_Base="10" Radius_PerStack="0" DamageSecondary_Base="14" DamageSecondary_PerStack="14" />
  <Params Level="54" Damage_Base="57" Damage_PerStack="28" Radius_Base="10" Radius_PerStack="0" DamageSecondary_Base="14" DamageSecondary_PerStack="14" />
  <Params Level="55" Damage_Base="58" Damage_PerStack="29" Radius_Base="10" Radius_PerStack="0" DamageSecondary_Base="15" DamageSecondary_PerStack="15" />
  <Params Level="56" Damage_Base="59" Damage_PerStack="29" Radius_Base="10" Radius_PerStack="0" DamageSecondary_Base="15" DamageSecondary_PerStack="15" />
  <Params Level="57" Damage_Base="60" Damage_PerStack="30" Radius_Base="10" Radius_PerStack="0" DamageSecondary_Base="15" DamageSecondary_PerStack="15" />
  <Params Level="58" Damage_Base="61" Damage_PerStack="30" Radius_Base="10" Radius_PerStack="0" DamageSecondary_Base="15" DamageSecondary_PerStack="15" />
  <Params Level="59" Damage_Base="62" Damage_PerStack="31" Radius_Base="10" Radius_PerStack="0" DamageSecondary_Base="16" DamageSecondary_PerStack="16" />
  <Params Level="60" Damage_Base="63" Damage_PerStack="31" Radius_Base="10" Radius_PerStack="0" DamageSecondary_Base="16" DamageSecondary_PerStack="16" />
</MetaData>