<MetaData>
  <Params Level="1" DecreaseSpeed_Base="10" DecreaseSpeed_PerStack="1" />
  <Params Level="2" DecreaseSpeed_Base="10" DecreaseSpeed_PerStack="1" />
  <Params Level="3" DecreaseSpeed_Base="10" DecreaseSpeed_PerStack="1" />
  <Params Level="4" DecreaseSpeed_Base="10" DecreaseSpeed_PerStack="1" />
  <Params Level="5" DecreaseSpeed_Base="10" DecreaseSpeed_PerStack="1" />
  <Params Level="6" DecreaseSpeed_Base="10" DecreaseSpeed_PerStack="1" />
  <Params Level="7" DecreaseSpeed_Base="10" DecreaseSpeed_PerStack="1" />
  <Params Level="8" DecreaseSpeed_Base="10" DecreaseSpeed_PerStack="1" />
  <Params Level="9" DecreaseSpeed_Base="10" DecreaseSpeed_PerStack="1" />
  <Params Level="10" DecreaseSpeed_Base="10" DecreaseSpeed_PerStack="1" />
  <Params Level="11" DecreaseSpeed_Base="10" DecreaseSpeed_PerStack="1" />
  <Params Level="12" DecreaseSpeed_Base="10" DecreaseSpeed_PerStack="1" />
  <Params Level="13" DecreaseSpeed_Base="10" DecreaseSpeed_PerStack="1" />
  <Params Level="14" DecreaseSpeed_Base="10" DecreaseSpeed_PerStack="1" />
  <Params Level="15" DecreaseSpeed_Base="10" DecreaseSpeed_PerStack="1" />
  <Params Level="16" DecreaseSpeed_Base="10" DecreaseSpeed_PerStack="1" />
  <Params Level="17" DecreaseSpeed_Base="10" DecreaseSpeed_PerStack="1" />
  <Params Level="18" DecreaseSpeed_Base="10" DecreaseSpeed_PerStack="1" />
  <Params Level="19" DecreaseSpeed_Base="10" DecreaseSpeed_PerStack="1" />
  <Params Level="20" DecreaseSpeed_Base="10" DecreaseSpeed_PerStack="1" />
  <Params Level="21" DecreaseSpeed_Base="10" DecreaseSpeed_PerStack="1" />
  <Params Level="22" DecreaseSpeed_Base="10" DecreaseSpeed_PerStack="1" />
  <Params Level="23" DecreaseSpeed_Base="10" DecreaseSpeed_PerStack="1" />
  <Params Level="24" DecreaseSpeed_Base="10" DecreaseSpeed_PerStack="1" />
  <Params Level="25" DecreaseSpeed_Base="10" DecreaseSpeed_PerStack="1" />
  <Params Level="26" DecreaseSpeed_Base="10" DecreaseSpeed_PerStack="1" />
  <Params Level="27" DecreaseSpeed_Base="10" DecreaseSpeed_PerStack="1" />
  <Params Level="28" DecreaseSpeed_Base="10" DecreaseSpeed_PerStack="1" />
  <Params Level="29" DecreaseSpeed_Base="10" DecreaseSpeed_PerStack="1" />
  <Params Level="30" DecreaseSpeed_Base="10" DecreaseSpeed_PerStack="1" />
  <Params Level="31" DecreaseSpeed_Base="10" DecreaseSpeed_PerStack="1" />
  <Params Level="32" DecreaseSpeed_Base="10" DecreaseSpeed_PerStack="1" />
  <Params Level="33" DecreaseSpeed_Base="10" DecreaseSpeed_PerStack="1" />
  <Params Level="34" DecreaseSpeed_Base="10" DecreaseSpeed_PerStack="1" />
  <Params Level="35" DecreaseSpeed_Base="10" DecreaseSpeed_PerStack="1" />
  <Params Level="36" DecreaseSpeed_Base="10" DecreaseSpeed_PerStack="1" />
  <Params Level="37" DecreaseSpeed_Base="10" DecreaseSpeed_PerStack="1" />
  <Params Level="38" DecreaseSpeed_Base="10" DecreaseSpeed_PerStack="1" />
  <Params Level="39" DecreaseSpeed_Base="10" DecreaseSpeed_PerStack="1" />
  <Params Level="40" DecreaseSpeed_Base="10" DecreaseSpeed_PerStack="1" />
  <Params Level="41" DecreaseSpeed_Base="10" DecreaseSpeed_PerStack="1" />
  <Params Level="42" DecreaseSpeed_Base="10" DecreaseSpeed_PerStack="1" />
  <Params Level="43" DecreaseSpeed_Base="10" DecreaseSpeed_PerStack="1" />
  <Params Level="44" DecreaseSpeed_Base="10" DecreaseSpeed_PerStack="1" />
  <Params Level="45" DecreaseSpeed_Base="10" DecreaseSpeed_PerStack="1" />
  <Params Level="46" DecreaseSpeed_Base="10" DecreaseSpeed_PerStack="1" />
  <Params Level="47" DecreaseSpeed_Base="10" DecreaseSpeed_PerStack="1" />
  <Params Level="48" DecreaseSpeed_Base="10" DecreaseSpeed_PerStack="1" />
  <Params Level="49" DecreaseSpeed_Base="10" DecreaseSpeed_PerStack="1" />
  <Params Level="50" DecreaseSpeed_Base="10" DecreaseSpeed_PerStack="1" />
  <Params Level="51" DecreaseSpeed_Base="10" DecreaseSpeed_PerStack="1" />
  <Params Level="52" DecreaseSpeed_Base="10" DecreaseSpeed_PerStack="1" />
  <Params Level="53" DecreaseSpeed_Base="10" DecreaseSpeed_PerStack="1" />
  <Params Level="54" DecreaseSpeed_Base="10" DecreaseSpeed_PerStack="1" />
  <Params Level="55" DecreaseSpeed_Base="10" DecreaseSpeed_PerStack="1" />
  <Params Level="56" DecreaseSpeed_Base="10" DecreaseSpeed_PerStack="1" />
  <Params Level="57" DecreaseSpeed_Base="10" DecreaseSpeed_PerStack="1" />
  <Params Level="58" DecreaseSpeed_Base="10" DecreaseSpeed_PerStack="1" />
  <Params Level="59" DecreaseSpeed_Base="10" DecreaseSpeed_PerStack="1" />
  <Params Level="60" DecreaseSpeed_Base="10" DecreaseSpeed_PerStack="1" />
</MetaData>