<MetaData>
  <Params Level="1" Duration_Base="0.4" Duration_PerStack="0" />
  <Params Level="2" Duration_Base="0.4" Duration_PerStack="0" />
  <Params Level="3" Duration_Base="0.4" Duration_PerStack="0" />
  <Params Level="4" Duration_Base="0.4" Duration_PerStack="0" />
  <Params Level="5" Duration_Base="0.4" Duration_PerStack="0" />
  <Params Level="6" Duration_Base="0.4" Duration_PerStack="0" />
  <Params Level="7" Duration_Base="0.4" Duration_PerStack="0" />
  <Params Level="8" Duration_Base="0.4" Duration_PerStack="0" />
  <Params Level="9" Duration_Base="0.4" Duration_PerStack="0" />
  <Params Level="10" Duration_Base="0.4" Duration_PerStack="0" />
  <Params Level="11" Duration_Base="0.4" Duration_PerStack="0" />
  <Params Level="12" Duration_Base="0.4" Duration_PerStack="0" />
  <Params Level="13" Duration_Base="0.4" Duration_PerStack="0" />
  <Params Level="14" Duration_Base="0.4" Duration_PerStack="0" />
  <Params Level="15" Duration_Base="0.4" Duration_PerStack="0" />
  <Params Level="16" Duration_Base="0.4" Duration_PerStack="0" />
  <Params Level="17" Duration_Base="0.4" Duration_PerStack="0" />
  <Params Level="18" Duration_Base="0.4" Duration_PerStack="0" />
  <Params Level="19" Duration_Base="0.4" Duration_PerStack="0" />
  <Params Level="20" Duration_Base="0.4" Duration_PerStack="0" />
  <Params Level="21" Duration_Base="0.4" Duration_PerStack="0" />
  <Params Level="22" Duration_Base="0.4" Duration_PerStack="0" />
  <Params Level="23" Duration_Base="0.4" Duration_PerStack="0" />
  <Params Level="24" Duration_Base="0.4" Duration_PerStack="0" />
  <Params Level="25" Duration_Base="0.4" Duration_PerStack="0" />
  <Params Level="26" Duration_Base="0.4" Duration_PerStack="0" />
  <Params Level="27" Duration_Base="0.4" Duration_PerStack="0" />
  <Params Level="28" Duration_Base="0.4" Duration_PerStack="0" />
  <Params Level="29" Duration_Base="0.4" Duration_PerStack="0" />
  <Params Level="30" Duration_Base="0.4" Duration_PerStack="0" />
  <Params Level="31" Duration_Base="0.4" Duration_PerStack="0" />
  <Params Level="32" Duration_Base="0.4" Duration_PerStack="0" />
  <Params Level="33" Duration_Base="0.4" Duration_PerStack="0" />
  <Params Level="34" Duration_Base="0.4" Duration_PerStack="0" />
  <Params Level="35" Duration_Base="0.4" Duration_PerStack="0" />
  <Params Level="36" Duration_Base="0.4" Duration_PerStack="0" />
  <Params Level="37" Duration_Base="0.4" Duration_PerStack="0" />
  <Params Level="38" Duration_Base="0.4" Duration_PerStack="0" />
  <Params Level="39" Duration_Base="0.4" Duration_PerStack="0" />
  <Params Level="40" Duration_Base="0.4" Duration_PerStack="0" />
  <Params Level="41" Duration_Base="0.4" Duration_PerStack="0" />
  <Params Level="42" Duration_Base="0.4" Duration_PerStack="0" />
  <Params Level="43" Duration_Base="0.4" Duration_PerStack="0" />
  <Params Level="44" Duration_Base="0.4" Duration_PerStack="0" />
  <Params Level="45" Duration_Base="0.4" Duration_PerStack="0" />
  <Params Level="46" Duration_Base="0.4" Duration_PerStack="0" />
  <Params Level="47" Duration_Base="0.4" Duration_PerStack="0" />
  <Params Level="48" Duration_Base="0.4" Duration_PerStack="0" />
  <Params Level="49" Duration_Base="0.4" Duration_PerStack="0" />
  <Params Level="50" Duration_Base="0.4" Duration_PerStack="0" />
  <Params Level="51" Duration_Base="0.4" Duration_PerStack="0" />
  <Params Level="52" Duration_Base="0.4" Duration_PerStack="0" />
  <Params Level="53" Duration_Base="0.4" Duration_PerStack="0" />
  <Params Level="54" Duration_Base="0.4" Duration_PerStack="0" />
  <Params Level="55" Duration_Base="0.4" Duration_PerStack="0" />
  <Params Level="56" Duration_Base="0.4" Duration_PerStack="0" />
  <Params Level="57" Duration_Base="0.4" Duration_PerStack="0" />
  <Params Level="58" Duration_Base="0.4" Duration_PerStack="0" />
  <Params Level="59" Duration_Base="0.4" Duration_PerStack="0" />
  <Params Level="60" Duration_Base="0.4" Duration_PerStack="0" />
</MetaData>