<MetaData>
  <Params Level="1" DamageReduction_Base="5" DamageReduction_PerStack="1" ResistanceReduction_Base="5" ResistanceReduction_PerStack="1" ProtectionShatter_Base="0" ProtectionShatter_PerStack="0" />
  <Params Level="2" DamageReduction_Base="5" DamageReduction_PerStack="1" ResistanceReduction_Base="5" ResistanceReduction_PerStack="1" ProtectionShatter_Base="0" ProtectionShatter_PerStack="0" />
  <Params Level="3" DamageReduction_Base="5" DamageReduction_PerStack="1" ResistanceReduction_Base="5" ResistanceReduction_PerStack="1" ProtectionShatter_Base="0" ProtectionShatter_PerStack="0" />
  <Params Level="4" DamageReduction_Base="5" DamageReduction_PerStack="1" ResistanceReduction_Base="5" ResistanceReduction_PerStack="1" ProtectionShatter_Base="0" ProtectionShatter_PerStack="0" />
  <Params Level="5" DamageReduction_Base="5" DamageReduction_PerStack="1" ResistanceReduction_Base="5" ResistanceReduction_PerStack="1" ProtectionShatter_Base="0" ProtectionShatter_PerStack="0" />
  <Params Level="6" DamageReduction_Base="5" DamageReduction_PerStack="1" ResistanceReduction_Base="5" ResistanceReduction_PerStack="1" ProtectionShatter_Base="0" ProtectionShatter_PerStack="0" />
  <Params Level="7" DamageReduction_Base="5" DamageReduction_PerStack="1" ResistanceReduction_Base="5" ResistanceReduction_PerStack="1" ProtectionShatter_Base="0" ProtectionShatter_PerStack="0" />
  <Params Level="8" DamageReduction_Base="5" DamageReduction_PerStack="1" ResistanceReduction_Base="5" ResistanceReduction_PerStack="1" ProtectionShatter_Base="0" ProtectionShatter_PerStack="0" />
  <Params Level="9" DamageReduction_Base="5" DamageReduction_PerStack="1" ResistanceReduction_Base="5" ResistanceReduction_PerStack="1" ProtectionShatter_Base="0" ProtectionShatter_PerStack="0" />
  <Params Level="10" DamageReduction_Base="5" DamageReduction_PerStack="1" ResistanceReduction_Base="5" ResistanceReduction_PerStack="1" ProtectionShatter_Base="0" ProtectionShatter_PerStack="0" />
  <Params Level="11" DamageReduction_Base="5" DamageReduction_PerStack="1" ResistanceReduction_Base="5" ResistanceReduction_PerStack="1" ProtectionShatter_Base="0" ProtectionShatter_PerStack="0" />
  <Params Level="12" DamageReduction_Base="5" DamageReduction_PerStack="1" ResistanceReduction_Base="5" ResistanceReduction_PerStack="1" ProtectionShatter_Base="0" ProtectionShatter_PerStack="0" />
  <Params Level="13" DamageReduction_Base="5" DamageReduction_PerStack="1" ResistanceReduction_Base="5" ResistanceReduction_PerStack="1" ProtectionShatter_Base="0" ProtectionShatter_PerStack="0" />
  <Params Level="14" DamageReduction_Base="5" DamageReduction_PerStack="1" ResistanceReduction_Base="5" ResistanceReduction_PerStack="1" ProtectionShatter_Base="0" ProtectionShatter_PerStack="0" />
  <Params Level="15" DamageReduction_Base="5" DamageReduction_PerStack="1" ResistanceReduction_Base="5" ResistanceReduction_PerStack="1" ProtectionShatter_Base="0" ProtectionShatter_PerStack="0" />
  <Params Level="16" DamageReduction_Base="5" DamageReduction_PerStack="1" ResistanceReduction_Base="5" ResistanceReduction_PerStack="1" ProtectionShatter_Base="0" ProtectionShatter_PerStack="0" />
  <Params Level="17" DamageReduction_Base="5" DamageReduction_PerStack="1" ResistanceReduction_Base="5" ResistanceReduction_PerStack="1" ProtectionShatter_Base="0" ProtectionShatter_PerStack="0" />
  <Params Level="18" DamageReduction_Base="5" DamageReduction_PerStack="1" ResistanceReduction_Base="5" ResistanceReduction_PerStack="1" ProtectionShatter_Base="0" ProtectionShatter_PerStack="0" />
  <Params Level="19" DamageReduction_Base="5" DamageReduction_PerStack="1" ResistanceReduction_Base="5" ResistanceReduction_PerStack="1" ProtectionShatter_Base="0" ProtectionShatter_PerStack="0" />
  <Params Level="20" DamageReduction_Base="5" DamageReduction_PerStack="1" ResistanceReduction_Base="5" ResistanceReduction_PerStack="1" ProtectionShatter_Base="0" ProtectionShatter_PerStack="0" />
  <Params Level="21" DamageReduction_Base="5" DamageReduction_PerStack="1" ResistanceReduction_Base="5" ResistanceReduction_PerStack="1" ProtectionShatter_Base="0" ProtectionShatter_PerStack="0" />
  <Params Level="22" DamageReduction_Base="5" DamageReduction_PerStack="1" ResistanceReduction_Base="5" ResistanceReduction_PerStack="1" ProtectionShatter_Base="0" ProtectionShatter_PerStack="0" />
  <Params Level="23" DamageReduction_Base="5" DamageReduction_PerStack="1" ResistanceReduction_Base="5" ResistanceReduction_PerStack="1" ProtectionShatter_Base="0" ProtectionShatter_PerStack="0" />
  <Params Level="24" DamageReduction_Base="5" DamageReduction_PerStack="1" ResistanceReduction_Base="5" ResistanceReduction_PerStack="1" ProtectionShatter_Base="0" ProtectionShatter_PerStack="0" />
  <Params Level="25" DamageReduction_Base="5" DamageReduction_PerStack="1" ResistanceReduction_Base="5" ResistanceReduction_PerStack="1" ProtectionShatter_Base="0" ProtectionShatter_PerStack="0" />
  <Params Level="26" DamageReduction_Base="5" DamageReduction_PerStack="1" ResistanceReduction_Base="5" ResistanceReduction_PerStack="1" ProtectionShatter_Base="0" ProtectionShatter_PerStack="0" />
  <Params Level="27" DamageReduction_Base="5" DamageReduction_PerStack="1" ResistanceReduction_Base="5" ResistanceReduction_PerStack="1" ProtectionShatter_Base="0" ProtectionShatter_PerStack="0" />
  <Params Level="28" DamageReduction_Base="5" DamageReduction_PerStack="1" ResistanceReduction_Base="5" ResistanceReduction_PerStack="1" ProtectionShatter_Base="0" ProtectionShatter_PerStack="0" />
  <Params Level="29" DamageReduction_Base="5" DamageReduction_PerStack="1" ResistanceReduction_Base="5" ResistanceReduction_PerStack="1" ProtectionShatter_Base="0" ProtectionShatter_PerStack="0" />
  <Params Level="30" DamageReduction_Base="5" DamageReduction_PerStack="1" ResistanceReduction_Base="5" ResistanceReduction_PerStack="1" ProtectionShatter_Base="0" ProtectionShatter_PerStack="0" />
  <Params Level="31" DamageReduction_Base="5" DamageReduction_PerStack="1" ResistanceReduction_Base="5" ResistanceReduction_PerStack="1" ProtectionShatter_Base="0" ProtectionShatter_PerStack="0" />
  <Params Level="32" DamageReduction_Base="5" DamageReduction_PerStack="1" ResistanceReduction_Base="5" ResistanceReduction_PerStack="1" ProtectionShatter_Base="0" ProtectionShatter_PerStack="0" />
  <Params Level="33" DamageReduction_Base="5" DamageReduction_PerStack="1" ResistanceReduction_Base="5" ResistanceReduction_PerStack="1" ProtectionShatter_Base="0" ProtectionShatter_PerStack="0" />
  <Params Level="34" DamageReduction_Base="5" DamageReduction_PerStack="1" ResistanceReduction_Base="5" ResistanceReduction_PerStack="1" ProtectionShatter_Base="0" ProtectionShatter_PerStack="0" />
  <Params Level="35" DamageReduction_Base="5" DamageReduction_PerStack="1" ResistanceReduction_Base="5" ResistanceReduction_PerStack="1" ProtectionShatter_Base="0" ProtectionShatter_PerStack="0" />
  <Params Level="36" DamageReduction_Base="5" DamageReduction_PerStack="1" ResistanceReduction_Base="5" ResistanceReduction_PerStack="1" ProtectionShatter_Base="0" ProtectionShatter_PerStack="0" />
  <Params Level="37" DamageReduction_Base="5" DamageReduction_PerStack="1" ResistanceReduction_Base="5" ResistanceReduction_PerStack="1" ProtectionShatter_Base="0" ProtectionShatter_PerStack="0" />
  <Params Level="38" DamageReduction_Base="5" DamageReduction_PerStack="1" ResistanceReduction_Base="5" ResistanceReduction_PerStack="1" ProtectionShatter_Base="0" ProtectionShatter_PerStack="0" />
  <Params Level="39" DamageReduction_Base="5" DamageReduction_PerStack="1" ResistanceReduction_Base="5" ResistanceReduction_PerStack="1" ProtectionShatter_Base="0" ProtectionShatter_PerStack="0" />
  <Params Level="40" DamageReduction_Base="5" DamageReduction_PerStack="1" ResistanceReduction_Base="5" ResistanceReduction_PerStack="1" ProtectionShatter_Base="0" ProtectionShatter_PerStack="0" />
  <Params Level="41" DamageReduction_Base="5" DamageReduction_PerStack="1" ResistanceReduction_Base="5" ResistanceReduction_PerStack="1" ProtectionShatter_Base="0" ProtectionShatter_PerStack="0" />
  <Params Level="42" DamageReduction_Base="5" DamageReduction_PerStack="1" ResistanceReduction_Base="5" ResistanceReduction_PerStack="1" ProtectionShatter_Base="0" ProtectionShatter_PerStack="0" />
  <Params Level="43" DamageReduction_Base="5" DamageReduction_PerStack="1" ResistanceReduction_Base="5" ResistanceReduction_PerStack="1" ProtectionShatter_Base="0" ProtectionShatter_PerStack="0" />
  <Params Level="44" DamageReduction_Base="5" DamageReduction_PerStack="1" ResistanceReduction_Base="5" ResistanceReduction_PerStack="1" ProtectionShatter_Base="0" ProtectionShatter_PerStack="0" />
  <Params Level="45" DamageReduction_Base="5" DamageReduction_PerStack="1" ResistanceReduction_Base="5" ResistanceReduction_PerStack="1" ProtectionShatter_Base="0" ProtectionShatter_PerStack="0" />
  <Params Level="46" DamageReduction_Base="5" DamageReduction_PerStack="1" ResistanceReduction_Base="5" ResistanceReduction_PerStack="1" ProtectionShatter_Base="0" ProtectionShatter_PerStack="0" />
  <Params Level="47" DamageReduction_Base="5" DamageReduction_PerStack="1" ResistanceReduction_Base="5" ResistanceReduction_PerStack="1" ProtectionShatter_Base="0" ProtectionShatter_PerStack="0" />
  <Params Level="48" DamageReduction_Base="5" DamageReduction_PerStack="1" ResistanceReduction_Base="5" ResistanceReduction_PerStack="1" ProtectionShatter_Base="0" ProtectionShatter_PerStack="0" />
  <Params Level="49" DamageReduction_Base="5" DamageReduction_PerStack="1" ResistanceReduction_Base="5" ResistanceReduction_PerStack="1" ProtectionShatter_Base="0" ProtectionShatter_PerStack="0" />
  <Params Level="50" DamageReduction_Base="5" DamageReduction_PerStack="1" ResistanceReduction_Base="5" ResistanceReduction_PerStack="1" ProtectionShatter_Base="0" ProtectionShatter_PerStack="0" />
  <Params Level="51" DamageReduction_Base="5" DamageReduction_PerStack="1" ResistanceReduction_Base="5" ResistanceReduction_PerStack="1" ProtectionShatter_Base="0" ProtectionShatter_PerStack="0" />
  <Params Level="52" DamageReduction_Base="5" DamageReduction_PerStack="1" ResistanceReduction_Base="5" ResistanceReduction_PerStack="1" ProtectionShatter_Base="0" ProtectionShatter_PerStack="0" />
  <Params Level="53" DamageReduction_Base="5" DamageReduction_PerStack="1" ResistanceReduction_Base="5" ResistanceReduction_PerStack="1" ProtectionShatter_Base="0" ProtectionShatter_PerStack="0" />
  <Params Level="54" DamageReduction_Base="5" DamageReduction_PerStack="1" ResistanceReduction_Base="5" ResistanceReduction_PerStack="1" ProtectionShatter_Base="0" ProtectionShatter_PerStack="0" />
  <Params Level="55" DamageReduction_Base="5" DamageReduction_PerStack="1" ResistanceReduction_Base="5" ResistanceReduction_PerStack="1" ProtectionShatter_Base="0" ProtectionShatter_PerStack="0" />
  <Params Level="56" DamageReduction_Base="5" DamageReduction_PerStack="1" ResistanceReduction_Base="5" ResistanceReduction_PerStack="1" ProtectionShatter_Base="0" ProtectionShatter_PerStack="0" />
  <Params Level="57" DamageReduction_Base="5" DamageReduction_PerStack="1" ResistanceReduction_Base="5" ResistanceReduction_PerStack="1" ProtectionShatter_Base="0" ProtectionShatter_PerStack="0" />
  <Params Level="58" DamageReduction_Base="5" DamageReduction_PerStack="1" ResistanceReduction_Base="5" ResistanceReduction_PerStack="1" ProtectionShatter_Base="0" ProtectionShatter_PerStack="0" />
  <Params Level="59" DamageReduction_Base="5" DamageReduction_PerStack="1" ResistanceReduction_Base="5" ResistanceReduction_PerStack="1" ProtectionShatter_Base="0" ProtectionShatter_PerStack="0" />
  <Params Level="60" DamageReduction_Base="5" DamageReduction_PerStack="1" ResistanceReduction_Base="5" ResistanceReduction_PerStack="1" ProtectionShatter_Base="0" ProtectionShatter_PerStack="0" />
</MetaData>