<MetaData>
  <Preset Name="ACT1_Svriirs_Raid">
    <DesignParams DisableTeleport="1" />
  </Preset>
  <Preset Name="ACT1_BossFight_Sirkis">
    <DesignParams DisableTeleport="1" />
  </Preset>
  <Preset Name="ACT1_StormfallInn">
    <DesignParams DisableTeleport="1" />
  </Preset>
  <Preset Name="ACT1_BossFight_Naarlog">
    <DesignParams DisableTeleport="1" />
  </Preset>
  <Preset Name="ACT1_UmbraRelay">
    <DesignParams DisableTeleport="1" />
  </Preset>
  <Preset Name="ACT1_BossFight_Vhegguad">
    <DesignParams DisableTeleport="1" />
  </Preset>
  <Preset Name="ACT1_BossFight_Yudai">
    <DesignParams DisableTeleport="1" />
  </Preset>
  <Preset Name="ACT1_BossFight_Edric">
    <DesignParams DisableTeleport="1" />
  </Preset>
</MetaData>