<MetaData>
  <EntityList Name="F2_A1_Forest" NoDropWeight="65">
    <Entry Weight="35">
      <Budget Mode="auto" EntityPerSquareMeter_Min="0" EntityPerSquareMeter_Max="0.00025" />
      <Variants>
        <Variant PrefabLibrary="Prefabs/Library_Altar_Story_A1.xml" PrefabName="Forest.GamblingAltar_Forest" />
      </Variants>
    </Entry>
  </EntityList>
  <EntityList Name="F3_A1_Forest" NoDropWeight="80">
    <Entry Weight="20">
      <Budget Mode="auto" EntityPerSquareMeter_Min="0" EntityPerSquareMeter_Max="0.00014285714" />
      <Variants>
        <Variant PrefabLibrary="Prefabs/Library_Altar_Story_A1.xml" PrefabName="Forest.CursedChest_Common_Forest" />
      </Variants>
    </Entry>
  </EntityList>
  <EntityList Name="F2_A1_SmugglersPath" NoDropWeight="65">
    <Entry Weight="35">
      <Budget Mode="auto" EntityPerSquareMeter_Min="0" EntityPerSquareMeter_Max="0.00025" />
      <Variants>
        <Variant PrefabLibrary="Prefabs/Library_Altar_Story_A1.xml" PrefabName="SmugglersPath.GamblingAltar_SmugglersPath" />
      </Variants>
    </Entry>
  </EntityList>
  <EntityList Name="F3_A1_SmugglersPath" NoDropWeight="80">
    <Entry Weight="20">
      <Budget Mode="auto" EntityPerSquareMeter_Min="0" EntityPerSquareMeter_Max="0.00014285714" />
      <Variants>
        <Variant PrefabLibrary="Prefabs/Library_Altar_Story_A1.xml" PrefabName="SmugglersPath.CursedChest_Common_SmugglersPath" />
      </Variants>
    </Entry>
  </EntityList>
  <EntityList Name="F2_A1_Necropolis1" NoDropWeight="65">
    <Entry Weight="35">
      <Budget Mode="auto" EntityPerSquareMeter_Min="0" EntityPerSquareMeter_Max="0.00025" />
      <Variants>
        <Variant PrefabLibrary="Prefabs/Library_Altar_Story_A1.xml" PrefabName="Necropolis1.GamblingAltar_Necropolis1" />
      </Variants>
    </Entry>
  </EntityList>
  <EntityList Name="F3_A1_Necropolis1" NoDropWeight="80">
    <Entry Weight="20">
      <Budget Mode="auto" EntityPerSquareMeter_Min="0" EntityPerSquareMeter_Max="0.00014285714" />
      <Variants>
        <Variant PrefabLibrary="Prefabs/Library_Altar_Story_A1.xml" PrefabName="Necropolis1.CursedChest_Common_Necropolis1" />
      </Variants>
    </Entry>
  </EntityList>
  <EntityList Name="F2_A1_Necropolis2" NoDropWeight="35">
    <Entry Weight="65">
      <Budget Mode="auto" EntityPerSquareMeter_Min="0" EntityPerSquareMeter_Max="0.00025" />
      <Variants>
        <Variant PrefabLibrary="Prefabs/Library_Altar_Story_A1.xml" PrefabName="Necropolis2.GamblingAltar_Necropolis2" />
      </Variants>
    </Entry>
  </EntityList>
  <EntityList Name="F3_A1_Necropolis2" NoDropWeight="80">
    <Entry Weight="20">
      <Budget Mode="auto" EntityPerSquareMeter_Min="0" EntityPerSquareMeter_Max="0.00014285714" />
      <Variants>
        <Variant PrefabLibrary="Prefabs/Library_Altar_Story_A1.xml" PrefabName="Necropolis2.CursedChest_Common_Necropolis2" />
      </Variants>
    </Entry>
  </EntityList>
  <EntityList Name="F2_A1_Necropolis3" NoDropWeight="65">
    <Entry Weight="35">
      <Budget Mode="auto" EntityPerSquareMeter_Min="0" EntityPerSquareMeter_Max="0.00025" />
      <Variants>
        <Variant PrefabLibrary="Prefabs/Library_Altar_Story_A1.xml" PrefabName="Necropolis3.GamblingAltar_Necropolis3" />
      </Variants>
    </Entry>
  </EntityList>
  <EntityList Name="F3_A1_Necropolis3" NoDropWeight="80">
    <Entry Weight="20">
      <Budget Mode="auto" EntityPerSquareMeter_Min="0" EntityPerSquareMeter_Max="0.00014285714" />
      <Variants>
        <Variant PrefabLibrary="Prefabs/Library_Altar_Story_A1.xml" PrefabName="Necropolis3.CursedChest_Common_Necropolis3" />
      </Variants>
    </Entry>
  </EntityList>
  <EntityList Name="F2_A1_TPS1" NoDropWeight="65">
    <Entry Weight="35">
      <Budget Mode="auto" EntityPerSquareMeter_Min="0" EntityPerSquareMeter_Max="0.00025" />
      <Variants>
        <Variant PrefabLibrary="Prefabs/Library_Altar_Story_A1.xml" PrefabName="TPS1.GamblingAltar_TPS1" />
      </Variants>
    </Entry>
  </EntityList>
  <EntityList Name="F3_A1_TPS1" NoDropWeight="80">
    <Entry Weight="15">
      <Budget Mode="auto" EntityPerSquareMeter_Min="0" EntityPerSquareMeter_Max="0.00014285714" />
      <Variants>
        <Variant PrefabLibrary="Prefabs/Library_Altar_Story_A1.xml" PrefabName="TPS1.CursedChest_Common_TPS1" />
      </Variants>
    </Entry>
    <Entry Weight="5">
      <Budget Mode="auto" EntityPerSquareMeter_Min="0" EntityPerSquareMeter_Max="0.00014285714" />
      <Variants>
        <Variant PrefabLibrary="Prefabs/Library_Altar_Story_A1.xml" PrefabName="TPS1.CursedChest_Uncommon_TPS1" />
      </Variants>
    </Entry>
  </EntityList>
  <EntityList Name="F2_A1_TPS2" NoDropWeight="65">
    <Entry Weight="35">
      <Budget Mode="auto" EntityPerSquareMeter_Min="0" EntityPerSquareMeter_Max="0.00025" />
      <Variants>
        <Variant PrefabLibrary="Prefabs/Library_Altar_Story_A1.xml" PrefabName="TPS2.GamblingAltar_TPS2" />
      </Variants>
    </Entry>
  </EntityList>
  <EntityList Name="F3_A1_TPS2" NoDropWeight="80">
    <Entry Weight="10">
      <Budget Mode="auto" EntityPerSquareMeter_Min="0" EntityPerSquareMeter_Max="0.00014285714" />
      <Variants>
        <Variant PrefabLibrary="Prefabs/Library_Altar_Story_A1.xml" PrefabName="TPS2.CursedChest_Common_TPS2" />
      </Variants>
    </Entry>
    <Entry Weight="5">
      <Budget Mode="auto" EntityPerSquareMeter_Min="0" EntityPerSquareMeter_Max="0.00014285714" />
      <Variants>
        <Variant PrefabLibrary="Prefabs/Library_Altar_Story_A1.xml" PrefabName="TPS2.CursedChest_Uncommon_TPS2" />
      </Variants>
    </Entry>
  </EntityList>
  <EntityList Name="F2_A1_TPS3" NoDropWeight="65">
    <Entry Weight="35">
      <Budget Mode="auto" EntityPerSquareMeter_Min="0" EntityPerSquareMeter_Max="0.00025" />
      <Variants>
        <Variant PrefabLibrary="Prefabs/Library_Altar_Story_A1.xml" PrefabName="TPS3.GamblingAltar_TPS3" />
      </Variants>
    </Entry>
  </EntityList>
  <EntityList Name="F3_A1_TPS3" NoDropWeight="80">
    <Entry Weight="15">
      <Budget Mode="auto" EntityPerSquareMeter_Min="0" EntityPerSquareMeter_Max="0.00014285714" />
      <Variants>
        <Variant PrefabLibrary="Prefabs/Library_Altar_Story_A1.xml" PrefabName="TPS3.CursedChest_Common_TPS3" />
      </Variants>
    </Entry>
    <Entry Weight="5">
      <Budget Mode="auto" EntityPerSquareMeter_Min="0" EntityPerSquareMeter_Max="0.00014285714" />
      <Variants>
        <Variant PrefabLibrary="Prefabs/Library_Altar_Story_A1.xml" PrefabName="TPS3.CursedChest_Uncommon_TPS3" />
      </Variants>
    </Entry>
  </EntityList>
</MetaData>