<MetaData>
  <ArenaWaves Name="YudaiFirstEncounter">
    <Wave Type="survival" TimeLimit="21 " Tag="1">
      <PrefabParams PrefabName="arena_YudaiFirstEncounter" />
      <MobSpawners>
        <Spawner DelayBeforeFirstSpawn="0.5" Type="until_spawn_count" TargetSpawnClass="Sc_LostSoul_COSDamned_YudaiFirstEncounter_1" NumberOfEntitiesPerSpawn="1" SpawnFrequency="0" MaxNumberOfSpawnedEntities="1" TargetSpawnLocationID="2" />
        <Spawner DelayBeforeFirstSpawn="0.75" Type="until_spawn_count" TargetSpawnClass="Sc_LostSoul_COSDamned_YudaiFirstEncounter_1" NumberOfEntitiesPerSpawn="1" SpawnFrequency="0" MaxNumberOfSpawnedEntities="1" TargetSpawnLocationID="3" />
        <Spawner DelayBeforeFirstSpawn="1" Type="until_spawn_count" TargetSpawnClass="Sc_LostSoul_COSDamned_YudaiFirstEncounter_1" NumberOfEntitiesPerSpawn="1" SpawnFrequency="0" MaxNumberOfSpawnedEntities="1" TargetSpawnLocationID="5" />
        <Spawner DelayBeforeFirstSpawn="1.25" Type="until_spawn_count" TargetSpawnClass="Sc_LostSoul_COSDamned_YudaiFirstEncounter_1" NumberOfEntitiesPerSpawn="1" SpawnFrequency="0" MaxNumberOfSpawnedEntities="1" TargetSpawnLocationID="6" />
        <Spawner DelayBeforeFirstSpawn="3" Type="until_spawn_count" TargetSpawnClass="Sc_LostSoul_COSDamned_YudaiFirstEncounter_2" NumberOfEntitiesPerSpawn="1" SpawnFrequency="0" MaxNumberOfSpawnedEntities="1" TargetSpawnLocationID="6" />
        <Spawner DelayBeforeFirstSpawn="4" Type="until_spawn_count" TargetSpawnClass="Sc_LostSoul_COSDamned_YudaiFirstEncounter_2" NumberOfEntitiesPerSpawn="1" SpawnFrequency="0" MaxNumberOfSpawnedEntities="1" TargetSpawnLocationID="4" />
        <Spawner DelayBeforeFirstSpawn="5" Type="until_spawn_count" TargetSpawnClass="Sc_LostSoul_COSDamned_YudaiFirstEncounter_2" NumberOfEntitiesPerSpawn="1" SpawnFrequency="0" MaxNumberOfSpawnedEntities="1" TargetSpawnLocationID="3" />
        <Spawner DelayBeforeFirstSpawn="6" Type="until_spawn_count" TargetSpawnClass="Sc_LostSoul_COSDamned_YudaiFirstEncounter_2" NumberOfEntitiesPerSpawn="1" SpawnFrequency="0" MaxNumberOfSpawnedEntities="1" TargetSpawnLocationID="2" />
        <Spawner DelayBeforeFirstSpawn="7" Type="until_spawn_count" TargetSpawnClass="Sc_LostSoul_COSDamned_YudaiFirstEncounter_2" NumberOfEntitiesPerSpawn="1" SpawnFrequency="0" MaxNumberOfSpawnedEntities="1" TargetSpawnLocationID="5" />
        <Spawner DelayBeforeFirstSpawn="8" Type="until_spawn_count" TargetSpawnClass="Sc_LostSoul_COSDamned_YudaiFirstEncounter_2" NumberOfEntitiesPerSpawn="1" SpawnFrequency="0" MaxNumberOfSpawnedEntities="1" TargetSpawnLocationID="1" />
        <Spawner DelayBeforeFirstSpawn="11" Type="until_spawn_count" TargetSpawnClass="Sc_LostSoul_COSDamned_YudaiFirstEncounter_2" NumberOfEntitiesPerSpawn="1" SpawnFrequency="0" MaxNumberOfSpawnedEntities="1" TargetSpawnLocationID="6" />
        <Spawner DelayBeforeFirstSpawn="11.5" Type="until_spawn_count" TargetSpawnClass="Sc_LostSoul_COSDamned_YudaiFirstEncounter_2" NumberOfEntitiesPerSpawn="1" SpawnFrequency="0" MaxNumberOfSpawnedEntities="1" TargetSpawnLocationID="2" />
        <Spawner DelayBeforeFirstSpawn="12" Type="until_spawn_count" TargetSpawnClass="Sc_LostSoul_COSDamned_YudaiFirstEncounter_2" NumberOfEntitiesPerSpawn="1" SpawnFrequency="0" MaxNumberOfSpawnedEntities="1" TargetSpawnLocationID="4" />
        <Spawner DelayBeforeFirstSpawn="12.5" Type="until_spawn_count" TargetSpawnClass="Sc_LostSoul_COSDamned_YudaiFirstEncounter_2" NumberOfEntitiesPerSpawn="1" SpawnFrequency="0" MaxNumberOfSpawnedEntities="1" TargetSpawnLocationID="3" />
        <Spawner DelayBeforeFirstSpawn="13" Type="until_spawn_count" TargetSpawnClass="Sc_LostSoul_COSDamned_YudaiFirstEncounter_2" NumberOfEntitiesPerSpawn="1" SpawnFrequency="0" MaxNumberOfSpawnedEntities="1" TargetSpawnLocationID="5" />
        <Spawner DelayBeforeFirstSpawn="13.5" Type="until_spawn_count" TargetSpawnClass="Sc_LostSoul_COSDamned_YudaiFirstEncounter_2" NumberOfEntitiesPerSpawn="1" SpawnFrequency="0" MaxNumberOfSpawnedEntities="1" TargetSpawnLocationID="1" />
        <Spawner DelayBeforeFirstSpawn="14" Type="until_spawn_count" TargetSpawnClass="Sc_LostSoul_COSDamned_YudaiFirstEncounter_2" NumberOfEntitiesPerSpawn="1" SpawnFrequency="0" MaxNumberOfSpawnedEntities="1" TargetSpawnLocationID="7" />
        <Spawner DelayBeforeFirstSpawn="14" Type="until_spawn_count" TargetSpawnClass="Sc_LostSoul_COSDamned_YudaiFirstEncounter_2" NumberOfEntitiesPerSpawn="1" SpawnFrequency="0" MaxNumberOfSpawnedEntities="1" TargetSpawnLocationID="8" />
        <Spawner DelayBeforeFirstSpawn="14" Type="until_spawn_count" TargetSpawnClass="Sc_LostSoul_COSDamned_YudaiFirstEncounter_2" NumberOfEntitiesPerSpawn="1" SpawnFrequency="0" MaxNumberOfSpawnedEntities="1" TargetSpawnLocationID="1" />
        <Spawner DelayBeforeFirstSpawn="14" Type="until_spawn_count" TargetSpawnClass="Sc_LostSoul_COSDamned_YudaiFirstEncounter_2" NumberOfEntitiesPerSpawn="1" SpawnFrequency="0" MaxNumberOfSpawnedEntities="1" TargetSpawnLocationID="3" />
      </MobSpawners>
    </Wave>
    <Wave Type="killtarget" Tag="2">
      <PrefabParams PrefabName="arena_YudaiFirstEncounter" />
      <KillTargets>
        <Entry ClassName="CultOfSouls_YudaiIntro" Amount="1" />
      </KillTargets>
      <MobSpawners>
        <Spawner DelayBeforeFirstSpawn="0" Type="once" NumberOfEntitiesPerSpawn="1" TargetSpawnClass="Sc_Sty_A1_CoS_YudaiIntro" TargetSpawnLocationID="9" />
        <Spawner DelayBeforeFirstSpawn="4" Type="fill_forever" TargetSpawnClass="Sc_LostSoul_COSDamned_YudaiFirstEncounter_2" NumberOfEntitiesPerSpawn="1" SpawnFrequency="6" MaxActiveSpawnedEntities="1" TargetSpawnLocationID="2" />
        <Spawner DelayBeforeFirstSpawn="5" Type="fill_forever" TargetSpawnClass="Sc_LostSoul_COSDamned_YudaiFirstEncounter_2" NumberOfEntitiesPerSpawn="1" SpawnFrequency="6" MaxActiveSpawnedEntities="1" TargetSpawnLocationID="3" />
        <Spawner DelayBeforeFirstSpawn="6" Type="fill_forever" TargetSpawnClass="Sc_LostSoul_COSDamned_YudaiFirstEncounter_2" NumberOfEntitiesPerSpawn="1" SpawnFrequency="6" MaxActiveSpawnedEntities="1" TargetSpawnLocationID="5" />
        <Spawner DelayBeforeFirstSpawn="7" Type="fill_forever" TargetSpawnClass="Sc_LostSoul_COSDamned_YudaiFirstEncounter_2" NumberOfEntitiesPerSpawn="1" SpawnFrequency="6" MaxActiveSpawnedEntities="1" TargetSpawnLocationID="6" />
      </MobSpawners>
    </Wave>
  </ArenaWaves>
</MetaData>