<MetaData>
  <ArenaPreset Name="BanditAmbush_Act1" ArenaRule="classic" WavesName="BanditAmbush" TeleportPlayers="0" />
  <ArenaPreset Name="Svriirs_Raid_Act1_Part1" ArenaRule="classic" WavesName="Svriirs_Raid_Part1" TeleportPlayers="1" KillMonstersOnArenaOver="1" />
  <ArenaPreset Name="Svriirs_Raid_Act1_Part2" ArenaRule="classic" WavesName="Svriirs_Raid_Part2" TeleportPlayers="0" KillMonstersOnArenaOver="1" />
  <ArenaPreset Name="Umbra_Relay_Act1" ArenaRule="classic" WavesName="Umbra_Relay" TeleportPlayers="0" />
  <ArenaPreset Name="YudaiFirstEncounter_Act1" ArenaRule="classic" WavesName="YudaiFirstEncounter" TeleportPlayers="0" />
  <ArenaPreset Name="EdricBossFight_Part2_Act1" ArenaRule="classic" WavesName="EdricBossFightP2" TeleportPlayers="1" KillMonstersOnArenaOver="1" />
  <ArenaPreset Name="EdricBossFight_Part3_Act1" ArenaRule="classic" WavesName="EdricBossFightP3" TeleportPlayers="1" KillMonstersOnArenaOver="1" />
  <ArenaPreset Name="TavernAmbush_Act1" ArenaRule="classic" WavesName="TavernAmbush" TeleportPlayers="0" KillMonstersOnArenaOver="1" />
</MetaData>