<MetaData>
  <BaseEntity ID="CultOfFlesh_Halfbreed" EntityName="cultofflesh_halfbreed" Scale="1" CanKillAllies="0" />
  <Faction Name="CultOfFlesh" />
  <Keywords Value="cofe,undead,trash,melee" />
  <SpawnClassParams SpawnLevelMin="1" SpawnLevelMax="60" SpawnWeight="1" CombatPointValueMultiplier="1.2" />
  <Attributes Archetype="archetype_trash" HealthModifier="1.2" DamageModifier="1.0" XPModifier="1" Protection="" />
  <Movement MovementSpeed="5" WalkSpeed="5" />
  <InterruptionParams InterruptChance="0.00" />
  <StunParams IgnoreStunChance="0" StunCooldown="6" FreezeCooldown="6" />
  <BlownAwayParams CanBeBlownAway="1" BlownAwayAnimationTag="" />
  <DefaultBossModifiers />
  <LootClass>
    <Loot Class="LC_Trash" fProba="1" />
  </LootClass>
  <AliveLootPreset Name="AliveLoot_trash" />
  <Corpses PresetName="trashCadaverPreset" />
  <BasicAIParams ClampToNavmesh="1" MaxTurnRate="360" UseAvoidance="0" />
  <Kythera>
    <Behavior Name="Generic" />
    <BT FleeOnLowHealthChance="0.0" EngageRange="10.0" MeleeAttack="True" FallBack="True" IdleWander="False" />
    <Movement ClampToNavMesh="True" />
    <SlowdownAtPathEnd type="bool" />
    <Target SticknessBias="30.0" DistanceBias="6.0" DamageBias="0.0" AggressionBias="1.0" AggressionDecay="10.0" Category="None" />
  </Kythera>
  <Skills>
    <DefaultBasicAttack />
    <Offensive>
      <Skill Name="AI_HalfBreed_DefaultAttack" Orientated="Always" Interruptible="False" Enabled="True" BaseWeight="3.0">
        <Range Min="0.1" Preferred="2.0" Max="3.0" MinWeight="0.0" PreferredWeight="0.0" MaxWeight="0.0" />
        <Health Min="0.0" Max="1.0" Weight="0.0" />
        <Target ShieldWeight="0.0" RangedWeight="0.0" MeleeWeight="0.0">
          <Health Min="0.0" Max="1.0" Weight="0.0" />
        </Target>
      </Skill>
      <Skill Name="AI_halfbreed_jumpattack" Orientated="BeforeCast" Interruptible="False" Enabled="True" BaseWeight="1.0">
        <Range Min="3.0" Preferred="20.0" Max="20.0" MinWeight="0.0" PreferredWeight="10.0" MaxWeight="10.0" />
        <PreviousSkillWeights type="bb">
          <AI_HalfBreed_BumpAttack type="bb">
            <ChainCooldown type="float" />
            <Weight type="float" />
          </AI_HalfBreed_BumpAttack>
        </PreviousSkillWeights>
        <Health Min="0.0" Max="1.0" Weight="0.0" />
        <Target ShieldWeight="0.0" RangedWeight="0.0" MeleeWeight="0.0">
          <Health Min="0.0" Max="1.0" Weight="0.0" />
        </Target>
      </Skill>
    </Offensive>
    <Approach />
  </Skills>
  <RandomModel>
    <ModelChoice Model="Objects/characters/mobs/Non_Humanoid/Halfbreed/COFE_HalfBreed/COFE_HalfBreed.cdf" Weight="1">
      <ADBChoice ADB="Animations\Mannequin\ADB\Mobs\Non_Humanoid\Halfbreed\COFE_Halfbreed.adb" Weight="1" />
    </ModelChoice>
    <ModelChoice Model="Objects/characters/mobs/Non_Humanoid/Halfbreed/COFE_HalfBreed/COFE_HalfBreedNaked.cdf" Weight="1">
      <ADBChoice ADB="Animations\Mannequin\ADB\Mobs\Non_Humanoid\Halfbreed\COFE_Halfbreed.adb" Weight="1" />
    </ModelChoice>
  </RandomModel>
  <HUD UIName="@ui_AIName_Cofe_HalfBreed" ZIconOffset="2.0" />
  <Spawn SpawnAnimation="rise_out_ground_fast" TransparencyAtSpawn="0" />
  <Death UseDeathAnimation="1" DeathSkill="" />
  <GameplayParticles PresetName="size_Halfbreed" />
  <Capsules>
    <EntityPhysics ColliderSize="0.7,0.7,0.55" />
    <MouseSelection SelectionCapsuleRadius="1.5" SelectionCapsuleHeight="0.2" SelectionCapsuleZOffset="-0.7" />
    <ProjectileCollision ProjectileCapsuleRadius="1.2" ProjectileCapsuleHeight="5.0" CanSnapOnCenterWhenColliding="0" />
  </Capsules>
  <VisualParams>
    <HitParticleParams BaseHitScale="1" DirectionalHitScale="1" CriticalHitScale="1" />
    <BloodDecals Preset="default" OverrideScale="1" />
  </VisualParams>
  <Audio SwitchSoundName="ghoul_voice" />
</MetaData>