<MetaData>
  <BaseEntity ID="CultOfFlesh_Heart" EntityName="cultofflesh_heart" Scale="2.1" CanKillAllies="0" />
  <Faction Name="CultOfSouls" />
  <Keywords Value="cofe,undead,trash,melee" />
  <SpawnClassParams SpawnLevelMin="1" SpawnLevelMax="60" SpawnWeight="1" />
  <Attributes Archetype="archetype_trash" HealthModifier="13" DamageModifier="1" XPModifier="1" Protection="" />
  <Movement MovementSpeed="0" WalkSpeed="0" />
  <InterruptionParams InterruptChance="1.00" />
  <StunParams IgnoreStunChance="1" />
  <BlownAwayParams CanBeBlownAway="0" BlownAwayAnimationTag="" />
  <DefaultBossModifiers />
  <LootClass>
    <Loot Class="LC_trash" fProba="1" />
  </LootClass>
  <AliveLootPreset Name="AliveLoot_Trash" />
  <Corpses PresetName="TrashCadaverPreset" />
  <BasicAIParams ClampToNavmesh="1" MaxTurnRate="360" UseAvoidance="0" />
  <Kythera>
    <Behavior Name="Generic" />
    <BT FleeOnLowHealthChance="0.0" EngageRange="10.0" MeleeAttack="True" FallBack="True" IdleWander="False" />
    <Movement ClampToNavMesh="True" />
    <Target SticknessBias="30.0" DistanceBias="6.0" DamageBias="0.0" AggressionBias="1.0" AggressionDecay="10.0" Category="Melee" />
  </Kythera>
  <Skills />
  <HUD UIName="@ui_AIName_Cofe_Heart" ZIconOffset="1" />
  <Spawn SpawnAnimation="rise_out_ground_fast" TransparencyAtSpawn="0" />
  <Death UseDeathAnimation="1" DeathSkill="AI_COFE_heart_explosion" />
  <GameplayParticles PresetName="size_medium" />
  <Capsules>
    <EntityPhysics ColliderSize="1,1,0.5" IsPushable="0" />
    <MouseSelection SelectionCapsuleRadius="1" SelectionCapsuleHeight="1.0" SelectionCapsuleZOffset="0" />
    <ProjectileCollision ProjectileCapsuleRadius="0.8" ProjectileCapsuleHeight="3.0" CanSnapOnCenterWhenColliding="1" />
  </Capsules>
  <VisualParams>
    <HitParticleParams BaseHitScale="1" DirectionalHitScale="1" CriticalHitScale="1" />
    <BloodDecals Preset="default" OverrideScale="1" />
  </VisualParams>
  <Audio SwitchSoundName="" />
</MetaData>