<MetaData>
  <BaseEntity ID="CultOfFlesh_Lambach02" EntityName="cultofflesh_lambach_02" Scale="1" CanKillAllies="0" />
  <Faction Name="CultOfFlesh" />
  <Keywords Value="cofe,undead,boss" />
  <SpawnClassParams SpawnLevelMin="1" SpawnLevelMax="60" SpawnWeight="1" />
  <Attributes Archetype="archetype_elite" HealthModifier="1" DamageModifier="1" XPModifier="1" Protection="" />
  <Movement MovementSpeed="0" WalkSpeed="0" />
  <InterruptionParams InterruptChance="0" />
  <StunParams IgnoreStunChance="1" />
  <BlownAwayParams CanBeBlownAway="0" BlownAwayAnimationTag="" />
  <DefaultBossModifiers />
  <LootClass>
    <Loot Class="LC_elite" fProba="1" />
  </LootClass>
  <AliveLootPreset Name="AliveLoot_Elite" />
  <Corpses PresetName="EliteCadaverPreset" />
  <BasicAIParams ClampToNavmesh="1" MaxTurnRate="360" UseAvoidance="0" />
  <Kythera>
    <Behavior Name="Generic" />
    <BT FleeOnLowHealthChance="0.0" EngageRange="100.0" MeleeAttack="True" FallBack="True" IdleWander="False" />
    <Movement ClampToNavMesh="True" />
    <Target SticknessBias="30.0" DistanceBias="6.0" DamageBias="0.0" AggressionBias="1.0" AggressionDecay="10.0" Category="None" />
  </Kythera>
  <Skills>
    <Offensive>
      <Skill Name="AI_COFE_Lambach02_Mines" Orientated="Never" Interruptible="False" Enabled="True" BaseWeight="1.0">
        <Range Min="0.0" Preferred="20.0" Max="100.0" MinWeight="0.0" PreferredWeight="0.0" MaxWeight="0.0" />
        <Health Min="0.0" Max="1.0" Weight="0.0" />
        <Target ShieldWeight="0.0" RangedWeight="0.0" MeleeWeight="0.0">
          <Health Min="0.0" Max="1.0" Weight="0.0" />
        </Target>
      </Skill>
      <Skill Name="AI_COFE_Lambach02_PianoAttack" Orientated="Never" Interruptible="False" Enabled="True" BaseWeight="1.0">
        <Range Min="0.0" Preferred="20.0" Max="100.0" MinWeight="0.0" PreferredWeight="0.0" MaxWeight="0.0" />
        <Health Min="0.0" Max="1.0" Weight="0.0" />
        <Target ShieldWeight="0.0" RangedWeight="0.0" MeleeWeight="0.0">
          <Health Min="0.0" Max="1.0" Weight="0.0" />
        </Target>
      </Skill>
      <Skill Name="AI_COFE_Lambach02_FleshSummoning" Orientated="Never" Interruptible="False" Enabled="True" BaseWeight="1.0">
        <Range Min="0.0" Preferred="20.0" Max="100.0" MinWeight="0.0" PreferredWeight="0.0" MaxWeight="0.0" />
        <Health Min="0.0" Max="1.0" Weight="0.0" />
        <Target ShieldWeight="0.0" RangedWeight="0.0" MeleeWeight="0.0">
          <Health Min="0.0" Max="1.0" Weight="0.0" />
        </Target>
      </Skill>
      <Skill Name="AI_COFE_Lambach02_SafeZone" Orientated="Never" Interruptible="False" Enabled="True" BaseWeight="1.0">
        <Range Min="0.0" Preferred="20.0" Max="100.0" MinWeight="0.0" PreferredWeight="0.0" MaxWeight="0.0" />
        <Health Min="0.0" Max="1.0" Weight="0.0" />
        <Target ShieldWeight="0.0" RangedWeight="0.0" MeleeWeight="0.0">
          <Health Min="0.0" Max="1.0" Weight="0.0" />
        </Target>
      </Skill>
    </Offensive>
    <Approach />
  </Skills>
  <HUD UIName="@ui_AIName_COFE_Lambach" ZIconOffset="3.5" />
  <Spawn SpawnAnimation="rise_out_ground" TransparencyAtSpawn="0" />
  <Death UseDeathAnimation="1" DeathSkill="" />
  <GameplayParticles PresetName="size_Demonofsouls" />
  <Capsules>
    <EntityPhysics ColliderSize="5,5,0.5" />
    <MouseSelection SelectionCapsuleRadius="5" SelectionCapsuleHeight="10" SelectionCapsuleZOffset="-1.0" />
    <ProjectileCollision ProjectileCapsuleRadius="5" ProjectileCapsuleHeight="10" CanSnapOnCenterWhenColliding="0" />
  </Capsules>
  <VisualParams>
    <HitParticleParams BaseHitScale="1" DirectionalHitScale="1" CriticalHitScale="1" />
    <BloodDecals Preset="default" OverrideScale="1" />
  </VisualParams>
  <Audio SwitchSoundName="" />
</MetaData>