<MetaData>
  <Trap Id="RotatingFireTurret" PrefabLibrary="Game/Prefabs/traps.xml" PrefabName="Classic.RotatingTurret" />
  <Trap Id="RotatingFireTurret_90_Quick" PrefabLibrary="Game/Prefabs/traps.xml" PrefabName="Classic.RotatingTurret" />
  <Trap Id="RotatingFireTurret_90_Quick_NoClock" PrefabLibrary="Game/Prefabs/traps.xml" PrefabName="Classic.RotatingTurret" />
  <Trap Id="RotatingCorruptionTurret_90" PrefabLibrary="Game/Prefabs/traps.xml" PrefabName="Corruption.RotatingTurret" />
  <Trap Id="FixedFlamethrowerTurret" PrefabLibrary="Game/Prefabs/traps.xml" PrefabName="Classic.FixedTurret" />
  <Trap Id="RotatingFlamethrowerTurret" PrefabLibrary="Game/Prefabs/traps.xml" PrefabName="Classic.RotatingTurret" />
  <Trap Id="AimFireTurret" PrefabLibrary="Game/Prefabs/traps.xml" PrefabName="Classic.AimTurret" />
  <Trap Id="ElectricPylon_Broken_Tuto" PrefabLibrary="Game/Prefabs/traps.xml" PrefabName="Ancients.BrokenPylon_Tuto" />
  <Trap Id="SummonPylon" PrefabLibrary="Game/Prefabs/traps.xml" PrefabName="todo" />
  <Trap Id="Saw" PrefabLibrary="Game/Prefabs/traps.xml" PrefabName="Classic.RollingSaw" />
  <Trap Id="Guillotine" PrefabLibrary="Game/Prefabs/traps.xml" PrefabName="Classic.Guillotine" />
  <Trap Id="SwingingBladeClassic" PrefabLibrary="Game/Prefabs/traps.xml" PrefabName="Classic.SwingingBlade" />
  <Trap Id="Jumper" PrefabLibrary="Game/Prefabs/traps.xml" PrefabName="Classic.Jumper" />
  <Trap Id="BearTrap" PrefabLibrary="Game/Prefabs/traps.xml" PrefabName="Classic.BearTrap" />
</MetaData>