<MetaData>
  <CadaverParams Name="default">
    <Gameplay Duration="45" AppearTime="0.3" DisappearTime="0.5" FadeIn="0" FadeOut="0" />
    <Entries>
      <Entry Model="objects/props/necromancer_corpses/corpse_necro_01.cgf" Scale="1.2" />
      <Entry Model="objects/props/necromancer_corpses/corpse_necro_02.cgf" Scale="1.2" />
      <Entry Model="objects/props/necromancer_corpses/corpse_necro_03.cgf" Scale="1.2" />
      <Entry Model="objects/props/necromancer_corpses/corpse_necro_04.cgf" Scale="1.2" />
    </Entries>
  </CadaverParams>
</MetaData>