<PlayerConstructionArea Version="" Default="true">
  <UnlockedSubareas>
    <Subarea Id="0" />
  </UnlockedSubareas>
  <ConstructionGrid>
    <Slot X="2" Y="2">
      <floor Id="Floor09" Orientation="0" />
      <walls Id="Housing_Wooden_Wall01" Orientation="90" />
      <walls Id="Housing_Wooden_Wall01" Orientation="180" />
    </Slot>
    <Slot X="2" Y="3">
      <floor Id="Floor09" Orientation="0" />
      <walls Id="Housing_Wooden_Wall01" Orientation="90" />
    </Slot>
    <Slot X="2" Y="4">
      <floor Id="Floor09" Orientation="0" />
      <walls Id="Housing_Wooden_Wall01" Orientation="90" />
    </Slot>
    <Slot X="2" Y="5">
      <floor Id="Floor09" Orientation="0" />
      <walls Id="Housing_Wooden_Wall01" Orientation="0" />
      <walls Id="Housing_Wooden_Wall01" Orientation="90" />
    </Slot>
    <Slot X="3" Y="2">
      <floor Id="Floor09" Orientation="0" />
      <walls Id="Housing_Wooden_Window02" Orientation="180" />
    </Slot>
    <Slot X="3" Y="3">
      <floor Id="Floor09" Orientation="0" />
    </Slot>
    <Slot X="3" Y="4">
      <floor Id="Floor09" Orientation="0" />
    </Slot>
    <Slot X="3" Y="5">
      <floor Id="Floor09" Orientation="0" />
      <walls Id="Housing_Wooden_Wall01" Orientation="0" />
    </Slot>
    <Slot X="4" Y="2">
      <floor Id="Floor09" Orientation="0" />
      <walls Id="Housing_Wooden_Door1" Orientation="180" />
    </Slot>
    <Slot X="4" Y="3">
      <floor Id="Floor09" Orientation="0" />
    </Slot>
    <Slot X="4" Y="4">
      <floor Id="Floor09" Orientation="0" />
    </Slot>
    <Slot X="4" Y="5">
      <floor Id="Floor09" Orientation="0" />
      <walls Id="Housing_Wooden_Wall01" Orientation="0" />
    </Slot>
    <Slot X="5" Y="2">
      <floor Id="Floor09" Orientation="0" />
      <walls Id="Housing_Wooden_Wall01" Orientation="180" />
      <walls Id="Housing_Wooden_Wall01" Orientation="270" />
    </Slot>
    <Slot X="5" Y="3">
      <floor Id="Floor09" Orientation="0" />
      <walls Id="Housing_Wooden_Wall01" Orientation="270" />
    </Slot>
    <Slot X="5" Y="4">
      <floor Id="Floor09" Orientation="0" />
      <walls Id="Housing_Wooden_Wall01" Orientation="270" />
    </Slot>
    <Slot X="5" Y="5">
      <floor Id="Floor09" Orientation="0" />
      <walls Id="Housing_Wooden_Wall01" Orientation="0" />
      <walls Id="Housing_Wooden_Wall01" Orientation="270" />
    </Slot>
  </ConstructionGrid>
  <Furnitures />
  <Creatures />
</PlayerConstructionArea>