<MetaData>
  <PlayerStats>
    <Progression Level="1" XP="0" />
    <Strength Value="1" AttackSkillCriticalDamagePercentBase="150" BaseStunTime="0.1" />
    <Agility Value="1" MovementSpeed="5.5" WalkSpeed="1.5" DodgeBaseDelay="0.1" />
    <Constitution Value="1" StunCooldown="3.3" DefaultReviveTokens="3" MaximumReviveTokens="5" />
    <Stamina Value="4" StaminaRecoveryTimer="4" />
    <Rage BonusPerStrike="50" BonusPerCriticalStrike="50.0" BonusPerHitReceived="0" TimeBeforeRageLoss="0" RageLossPerSecond="17.5" />
    <Power Value="1" BaseMaximumMana="1000" MagicSpellCriticalDamagePercentBase="150" />
    <Health BaseHealth="98" HealthRegenerationBase="2.0" HealthRegenPerLevel="0.33" />
    <Defense Defense="0" DefenseRegeneration="350" DefenseLockTimer="2" />
    <BeltItem Size="5">
      <UnlockBelt Id="0" Cost="-1" Level="1" />
      <UnlockBelt Id="1" Cost="-1" Level="2" />
    </BeltItem>
    <AutoPick BaseRadius="3" />
  </PlayerStats>
  <Faction Name="Players" />
  <Inventory X="12" Y="8" ChestX="12" ChestY="12" ChestPannelCount="5">
    <UnlockChest Id="1" Cost="0" />
    <UnlockChest Id="2" Cost="5000" />
    <UnlockChest Id="3" Cost="20000" />
    <UnlockChest Id="4" Cost="20000" />
    <UnlockChest Id="5" Cost="20000" />
  </Inventory>
  <Progression Last="ACT1_Quest1">
    <Quest Name="ACT1_Quest1" Step="1" />
  </Progression>
  <Equipement>
    <Item Name="OutfitVeteranDirt_Chest" Equipped="1" />
    <Item Name="OutfitVeteranDirt_Armband" Equipped="1" />
    <Item Name="OutfitVeteranDirt_Pants" Equipped="1" />
    <Item Name="OutfitVeteranDirt_Boots" Equipped="1" />
    <Item Name="OutfitVeteranDirt_Armband" Equipped="1" />
    <Item Name="Potion_S_Health" Equipped="1" />
  </Equipement>
  <ArchetypeEquipment>
    <Warrior>
      <Item Name="1H_Sword_Starter" Equipped="1" />
    </Warrior>
    <Mage>
      <Item Name="2H_Staff_Starter" Equipped="1" />
    </Mage>
    <Rogue>
      <Item Name="2H_Bow_Starter" Equipped="1" />
    </Rogue>
  </ArchetypeEquipment>
  <SkillSlots>
    <Slot Id="11" UnlockAtLevel="0" />
    <Slot Id="12" UnlockAtLevel="0" />
    <Slot Id="1" UnlockAtLevel="0" />
    <Slot Id="2" UnlockAtLevel="0" />
    <Slot Id="3" UnlockAtLevel="0" />
    <Slot Id="4" UnlockAtLevel="0" />
    <Slot Id="5" UnlockAtLevel="0" />
    <Slot Id="6" UnlockAtLevel="0" />
    <Slot Id="7" UnlockAtLevel="0" />
    <Slot Id="8" UnlockAtLevel="0" />
    <Slot Id="9" UnlockAtLevel="0" />
    <Slot Id="10" UnlockAtLevel="0" />
  </SkillSlots>
  <DefaultSkills_Game>
    <Warrior>
      <Slot Id="12" SkillName="player_brutalstrike" Unlock="1" Level="1" />
    </Warrior>
    <Mage>
      <Slot Id="12" SkillName="player_fireball" Unlock="1" Level="1" />
    </Mage>
    <Rogue>
      <Slot Id="12" SkillName="player_spreadshot" Unlock="1" Level="1" />
    </Rogue>
  </DefaultSkills_Game>
  <DefaultSkills_Editor>
    <Slot Id="12" SkillName="player_brutalstrike" Unlock="1" Level="1" />
    <Slot Id="1" SkillName="player_deathmark" Unlock="1" Level="1" />
    <Slot Id="2" SkillName="player_warcry" Unlock="1" Level="1" />
    <Slot Id="3" SkillName="player_arrowsrain" Unlock="1" Level="1" />
    <Slot Id="-1" SkillName="player_bladeslinger" Unlock="1" Level="1" />
    <Slot Id="-1" SkillName="player_bomb" Unlock="1" Level="1" />
    <Slot Id="-1" SkillName="player_chainlightning" Unlock="1" Level="1" />
    <Slot Id="-1" SkillName="player_dualstrike" Unlock="1" Level="1" />
    <Slot Id="-1" SkillName="player_fireball" Unlock="1" Level="1" />
    <Slot Id="-1" SkillName="player_frostcomet" Unlock="1" Level="1" />
    <Slot Id="-1" SkillName="player_frostlance" Unlock="1" Level="1" />
    <Slot Id="-1" SkillName="player_frostnova" Unlock="1" Level="1" />
    <Slot Id="-1" SkillName="player_hook" Unlock="1" Level="1" />
    <Slot Id="-1" SkillName="player_laceration" Unlock="1" Level="1" />
    <Slot Id="-1" SkillName="player_laser" Unlock="1" Level="1" />
    <Slot Id="-1" SkillName="player_leap" Unlock="1" Level="1" />
    <Slot Id="-1" SkillName="player_sacredground" Unlock="1" Level="1" />
    <Slot Id="-1" SkillName="player_spreadshot" Unlock="1" Level="1" />
    <Slot Id="-1" SkillName="player_teleport" Unlock="1" Level="1" />
    <Slot Id="-1" SkillName="player_charge" Unlock="1" Level="1" />
    <Slot Id="-1" SkillName="player_bulleye" Unlock="1" Level="1" />
    <Slot Id="-1" SkillName="player_reave" Unlock="1" Level="1" />
    <Slot Id="-1" SkillName="player_whirlwind" Unlock="1" Level="1" />
    <Slot Id="-1" SkillName="player_turret" Unlock="1" Level="1" />
    <Slot Id="-1" SkillName="player_sniper" Unlock="1" Level="1" />
    <Slot Id="-1" SkillName="player_hammer" Unlock="1" Level="1" />
  </DefaultSkills_Editor>
  <Blood BloodSplatGroundDir="0,0,-1" GroundWaterSpawnProba="1">
    <OnHits>
      <OnHit Effect="U_Blood.hit.zombie2" Scale="1" />
    </OnHits>
    <BloodInWater>
      <BloodFxInWater Effect="misc.blood_fx.water" Scale="2" />
    </BloodInWater>
  </Blood>
  <PlayerLevels>
    <Level Level="1" RequieredXP="0" />
    <Level Level="2" RequieredXP="500" />
    <Level Level="3" RequieredXP="1500" />
    <Level Level="4" RequieredXP="3200" />
    <Level Level="5" RequieredXP="5500" />
    <Level Level="6" RequieredXP="8500" />
    <Level Level="7" RequieredXP="12500" />
    <Level Level="8" RequieredXP="17000" />
    <Level Level="9" RequieredXP="23000" />
    <Level Level="10" RequieredXP="30000" />
    <Level Level="11" RequieredXP="38000" />
    <Level Level="12" RequieredXP="47000" />
    <Level Level="13" RequieredXP="58000" />
    <Level Level="14" RequieredXP="70000" />
    <Level Level="15" RequieredXP="100000" />
    <Level Level="16" RequieredXP="118000" />
    <Level Level="17" RequieredXP="138000" />
    <Level Level="18" RequieredXP="160000" />
    <Level Level="19" RequieredXP="186000" />
    <Level Level="20" RequieredXP="215000" />
    <Level Level="21" RequieredXP="208312" />
    <Level Level="22" RequieredXP="249691" />
    <Level Level="23" RequieredXP="296900" />
    <Level Level="24" RequieredXP="350451" />
    <Level Level="25" RequieredXP="410880" />
    <Level Level="26" RequieredXP="478741" />
    <Level Level="27" RequieredXP="554607" />
    <Level Level="28" RequieredXP="639075" />
    <Level Level="29" RequieredXP="732760" />
    <Level Level="30" RequieredXP="836297" />
    <Level Level="31" RequieredXP="950341" />
    <Level Level="32" RequieredXP="1075568" />
    <Level Level="33" RequieredXP="1212672" />
    <Level Level="34" RequieredXP="1362370" />
    <Level Level="35" RequieredXP="1525395" />
    <Level Level="36" RequieredXP="1702503" />
    <Level Level="37" RequieredXP="1894467" />
    <Level Level="38" RequieredXP="2102082" />
    <Level Level="39" RequieredXP="2326160" />
    <Level Level="40" RequieredXP="2567534" />
    <Level Level="41" RequieredXP="2827058" />
    <Level Level="42" RequieredXP="3105602" />
    <Level Level="43" RequieredXP="3404057" />
    <Level Level="44" RequieredXP="3723334" />
    <Level Level="45" RequieredXP="4064362" />
    <Level Level="46" RequieredXP="4428091" />
    <Level Level="47" RequieredXP="4815487" />
    <Level Level="48" RequieredXP="5227539" />
    <Level Level="49" RequieredXP="5665252" />
    <Level Level="50" RequieredXP="6129651" />
    <Level Level="51" RequieredXP="6621782" />
    <Level Level="52" RequieredXP="7142706" />
    <Level Level="53" RequieredXP="7693507" />
    <Level Level="54" RequieredXP="8275284" />
    <Level Level="55" RequieredXP="8889158" />
    <Level Level="56" RequieredXP="9536268" />
    <Level Level="57" RequieredXP="10217771" />
    <Level Level="58" RequieredXP="10934844" />
    <Level Level="59" RequieredXP="11688680" />
    <Level Level="60" RequieredXP="12480495" />
  </PlayerLevels>
</MetaData>