<MetaData>
  <PlayerStats>
    <Progression Level="20" XP="0" />
    <Strength Value="1" BaseAttackDamage="0" AttackDamagePerLevel="0" MeleeDamagePercentPerStrPoint="0.2" CriticalDamagePercentBase="100" CriticalDamagePercentPerLevel="0" BaseStunTime="0.1" BaseStunTimePerLevel="0" />
    <Agility Value="1" AttackSpeedDurationMinusPerLevel="0.00" MovementSpeed="4.9" MovementSpeedPerLevel="0.0" MovementSpeedPerAgiPoint="0.01" WalkSpeed="1.5" DodgeChanceBase="2" DodgeChancePerLevel="0" DodgeChancePerAgiPoint="0.02" DodgeBaseDelay="1" CriticalStrikeChance="1" CriticalStrikeChancePerLevel="0" StandUpSpeedUpMax="75" />
    <Constitution Value="1" KnockDownRecoveryPercentPerPts="0.5" KnockDownRecoveryMaxPercent="85" StunCooldown="3.3" BaseBlockChance="0" BlockChancePerLevel="0" BaseBlockEfficiency="0" BlockEfficiencyPerLevel="0" />
    <Stamina Value="4" StaminaPerLevel="0" StaminaRecoveryPerSecond="3" StaminaRecoveryPerSecondPerLevel="0" />
    <Rage MaxRage="0" MaxRagePerLevel="0" BonusPerStrike="60" BonusPerStrikePerLevel="0" BonusPerCriticalStrike="60.0" BonusPerCriticalStrikePerLevel="0" BonusPerHitReceived="0" BonusPerHitReceivedPerLevel="0" TimeBeforeRageLoss="4" TimeBeforeRageLossPerLevel="0" RageLossPerSecond="40" />
    <Power Value="1" BaseMaximumMana="1000" MaximumManaPerLevel="0" ManaRegenerationPerLevel="0" ManaRegenerationPerPowerPoint="0" SpellCriticalChanceBase="1" SpellCriticalChancePerLevel="0" SpellCriticalChancePerPowerPts="0.01" SpellCriticalEffectPercentBase="100" SpellCriticalEffectPercentPerLevel="0" InstabilityMaxRange="100" InstabilityMaxRangePerPowerPts="3" InstabilityMaxRangePerLevel="3" InstabilityRegeneration="1" InstabilityRegenerationPerPowerPts="3" InstabilityRegenerationPerLevel="3" InstabilityMastery="1" InstabilityMasteryPerLevel="0.15" InstabilityMasteryPerPowerPts="0.025" TormentMinLevel="20" />
    <Health BaseHealth="9999999" HPPerLevel="120" HealthRegenerationBase="0" HealthRegenPerLevel="0" />
    <Resistance />
    <Armor BaseArmor="0" ArmorPerLevel="0" />
    <BeltItem Size="5">
      <UnlockBelt Id="0" Cost="-1" Level="1" />
      <UnlockBelt Id="1" Cost="1" Level="3" />
      <UnlockBelt Id="2" Cost="1" Level="7" />
      <UnlockBelt Id="3" Cost="1" Level="11" />
      <UnlockBelt Id="4" Cost="1" Level="15" />
    </BeltItem>
    <AutoPick BaseRadius="4" RadiusPerLevel="0" />
  </PlayerStats>
  <Faction Name="Players" />
  <Inventory X="10" Y="6" ChestX="12" ChestY="12" ChestPannelCount="5">
    <UnlockChest Id="1" Cost="0" />
    <UnlockChest Id="2" Cost="1200" />
    <UnlockChest Id="3" Cost="2600" />
    <UnlockChest Id="4" Cost="8000" />
    <UnlockChest Id="5" Cost="15000" />
  </Inventory>
  <Equipement>
    <Item Name="NoSpellCostRing" Equipped="0" />
    <Item Name="CastingSpeedRing" Equipped="0" />
    <Item Name="SpeedBoots" Equipped="0" />
    <Item Name="SuperStrengthRing" Equipped="0" />
    <Item Name="ONESHOTSWORD" Equipped="0" />
    <Item Name="Knight_Shield" Equipped="0" />
    <Item Name="MeleeSpeedRing" Equipped="0" />
    <Item Name="CROSSBOWTEST_WEAPONDAMAGEPERCENT" Equipped="0" />
    <Item Name="Long Cape" Equipped="0" />
    <Item Name="Potion_L_Health" Equipped="1" />
    <Item Name="Potion_L_Health" Equipped="1" />
    <Item Name="Potion_L_Health" Equipped="1" />
    <Item Name="Mercenary_Armband_Left" Equipped="0" />
    <Item Name="Mercenary_Armband_Right" Equipped="0" />
    <Item Name="Mercenary_Coat" Equipped="0" />
    <Item Name="Mercenary_Boots" Equipped="0" />
    <Item Name="Mercenary_Pauldron_Right" Equipped="0" />
    <Item Name="Mercenary_Pauldron_Left" Equipped="0" />
    <Item Name="Ranger_Armband_Left" Equipped="0" />
    <Item Name="Ranger_Armband_Right" Equipped="0" />
    <Item Name="Ranger_Coat" Equipped="0" />
    <Item Name="Ranger_Boots" Equipped="0" />
    <Item Name="Ranger_Pauldron_Right" Equipped="0" />
    <Item Name="Ranger_Pauldron_Left" Equipped="0" />
    <Item Name="templar_boots_gold" Equipped="0" />
    <Item Name="templar_helmet_gold" Equipped="0" />
    <Item Name="templar_armguard_left_gold" Equipped="0" />
    <Item Name="templar_armguard_right_gold" Equipped="0" />
    <Item Name="templar_pauldron_left_gold" Equipped="0" />
    <Item Name="templar_cuirass_gold" Equipped="0" />
    <Item Name="Celestian_Warhammer" Equipped="0" />
    <Item Name="Mortician_Staff_Umbra" Equipped="0" />
    <Item Name="Steel_Dagger" Equipped="0" />
    <Item Name="Steel_Dagger" Equipped="0" />
  </Equipement>
  <SkillSlots>
    <Slot Id="11" UnlockAtLevel="0" />
    <Slot Id="12" UnlockAtLevel="0" />
    <Slot Id="1" UnlockAtLevel="0" />
    <Slot Id="2" UnlockAtLevel="0" />
    <Slot Id="3" UnlockAtLevel="0" />
    <Slot Id="4" UnlockAtLevel="0" />
    <Slot Id="5" UnlockAtLevel="10" />
    <Slot Id="6" UnlockAtLevel="20" />
    <Slot Id="7" UnlockAtLevel="-1" />
    <Slot Id="8" UnlockAtLevel="-1" />
    <Slot Id="9" UnlockAtLevel="-1" />
    <Slot Id="10" UnlockAtLevel="-1" />
  </SkillSlots>
  <DefaultSkills_Game>
    <Slot Id="12" SkillName="BrutalStrike" Unlock="1" Level="1" />
    <Slot Id="2" SkillName="DEATH" Unlock="1" Level="1" />
  </DefaultSkills_Game>
  <DefaultSkills_Editor>
    <Slot Id="12" SkillName="BrutalStrike" Unlock="1" Level="25" />
    <Slot Id="-2" SkillName="SeismicRift" Unlock="1" Level="25" />
    <Slot Id="-3" SkillName="Whirlwind" Unlock="1" Level="25" />
    <Slot Id="-2" SkillName="Charged_Dash_test" Unlock="1" Level="25" />
    <Slot Id="-1" SkillName="Tremor" Unlock="1" Level="25" />
    <Slot Id="-1" SkillName="Laceration" Unlock="1" Level="25" />
    <Slot Id="1" SkillName="Fire_Breath" Unlock="1" Level="25" />
    <Slot Id="-1" SkillName="Bladeslinger" Unlock="1" Level="25" />
    <Slot Id="-1" SkillName="ArrowsRain" Unlock="1" Level="25" />
    <Slot Id="-1" SkillName="SpreadShot" Unlock="1" Level="25" />
    <Slot Id="-1" SkillName="RapidShot" Unlock="1" Level="25" />
    <Slot Id="-1" SkillName="LightningStrike" Unlock="1" Level="25" />
    <Slot Id="2" SkillName="FireBall" Unlock="1" Level="-1" />
    <Slot Id="-1" SkillName="Frost_Nova" Unlock="1" Level="25" />
    <Slot Id="-1" SkillName="FireRain" Unlock="1" Level="25" />
    <Slot Id="-1" SkillName="Umbral_Bomb" Unlock="1" Level="25" />
    <Slot Id="-1" SkillName="Umbral_Blast" Unlock="1" Level="25" />
    <Slot Id="-1" SkillName="Mass_Frenzy" Unlock="1" Level="25" />
    <Slot Id="-3" SkillName="BloodBath" Unlock="1" Level="25" />
    <Slot Id="-1" SkillName="Fire_Ammo" Unlock="1" Level="1" />
    <Slot Id="-1" SkillName="Frozen_Ammo" Unlock="1" Level="1" />
    <Slot Id="-1" SkillName="Electric_Ammo" Unlock="1" Level="1" />
    <Slot Id="-1" SkillName="Poison_Ammo" Unlock="1" Level="1" />
    <Slot Id="-3" SkillName="HolyDive" Unlock="1" Level="25" />
    <Slot Id="-1" SkillName="QuentinExpulse" Unlock="1" Level="25" />
    <Slot Id="-1" SkillName="Dead_Rising" Unlock="1" Level="25" />
    <Slot Id="-4" SkillName="LightningOrb" Unlock="1" Level="25" />
    <Slot Id="-1" SkillName="FireBall" Unlock="1" Level="1" />
    <Slot Id="4" SkillName="SuperDash" Unlock="1" Level="25" />
    <Slot Id="3" SkillName="DEATH" Unlock="1" Level="25" />
  </DefaultSkills_Editor>
  <GameplayParticles>
    <Particle Name="Fire" ParticleName="U_Fire.zombie.burn2" Offset="0,0,0" Dir="0,0,1" Scale="0.32" />
    <Particle Name="Frost" ParticleName="Hit_Skill.frost.frozen" Offset="0,0,0" Dir="0,0,1" Scale="1" />
    <Particle Name="Lightning" ParticleName="Umbra_particles.GameEffect.Fire" Offset="0,0,1" Dir="0,0,1" Scale="0.25" />
    <Particle Name="Stun" ParticleName="Hit_Skill.stun.stun" Offset="0,0,0.25" Dir="0,0,0" Scale="1" />
    <Particle Name="Wet" ParticleName="Umbra_particles.GamePlay.Wet" Offset="0,0,1" Dir="0,0,1" Scale="1" />
    <Particle Name="OpenWound" ParticleName="Hit_Skill.openwounds.wounded" Offset="0,0,2.5" Dir="0,0,1" Scale="1" />
    <Particle Name="LifeLeeching" ParticleName="Hit_Skill.LifeLeech.Gain" Offset="0,0,0" Dir="0,0,0" Scale="3" />
    <Particle Name="LifeOnHit" ParticleName="Hit_Skill.LifeOnHit.Gain" Offset="0,0,0" Dir="0,0,0" Scale="1" />
    <Particle Name="Poison" ParticleName="Characters.poison.poisoned" Offset="0,0,0" Dir="0,0,0" Scale="1" />
    <Particle Name="ReturnDamage" ParticleName="Hit_Skill.thorns.damageReturn" Offset="0,0,1" Dir="0,0,0" Scale="1" />
    <Particle Name="Fear" ParticleName="Hit_Skill.fear.fear" Offset="0,0,0" Dir="0,0,0" Scale="1" />
    <Particle Name="Curse" ParticleName="U_Trails.curse.curse" Offset="0,0,0" Dir="0,0,1" Scale="1" />
    <Particle Name="Weakness" ParticleName="U_Trails.curse.weak" Offset="0,0,0" Dir="0,0,1" Scale="1" />
    <Particle Name="Frailty" ParticleName="U_Trails.curse.frailty" Offset="0,0,0" Dir="0,0,1" Scale="1" />
  </GameplayParticles>
  <Blood BloodSplatGroundDir="0,0,-1" GroundWaterSpawnProba="1">
    <OnHits>
      <OnHit Effect="U_Blood.hit.zombie2" Scale="1" />
    </OnHits>
    <BloodInWater>
      <BloodFxInWater Effect="misc.blood_fx.water" Scale="2" />
    </BloodInWater>
  </Blood>
  <PlayerLevels>
    <Level Level="1" RequieredXP="0" />
    <Level Level="2" RequieredXP="322" />
    <Level Level="3" RequieredXP="406" />
    <Level Level="4" RequieredXP="624" />
    <Level Level="5" RequieredXP="1072" />
    <Level Level="6" RequieredXP="1872" />
    <Level Level="7" RequieredXP="3167" />
    <Level Level="8" RequieredXP="5125" />
    <Level Level="9" RequieredXP="7938" />
    <Level Level="10" RequieredXP="11820" />
    <Level Level="11" RequieredXP="17006" />
    <Level Level="12" RequieredXP="23756" />
    <Level Level="13" RequieredXP="32349" />
    <Level Level="14" RequieredXP="43089" />
    <Level Level="15" RequieredXP="56300" />
    <Level Level="16" RequieredXP="72328" />
    <Level Level="17" RequieredXP="91540" />
    <Level Level="18" RequieredXP="114324" />
    <Level Level="19" RequieredXP="141090" />
    <Level Level="20" RequieredXP="172269" />
    <Level Level="21" RequieredXP="208312" />
    <Level Level="22" RequieredXP="249691" />
    <Level Level="23" RequieredXP="296900" />
    <Level Level="24" RequieredXP="350451" />
    <Level Level="25" RequieredXP="410880" />
    <Level Level="26" RequieredXP="478741" />
    <Level Level="27" RequieredXP="554607" />
    <Level Level="28" RequieredXP="639075" />
    <Level Level="29" RequieredXP="732760" />
    <Level Level="30" RequieredXP="836297" />
    <Level Level="31" RequieredXP="950341" />
    <Level Level="32" RequieredXP="1075568" />
    <Level Level="33" RequieredXP="1212672" />
    <Level Level="34" RequieredXP="1362370" />
    <Level Level="35" RequieredXP="1525395" />
    <Level Level="36" RequieredXP="1702503" />
    <Level Level="37" RequieredXP="1894467" />
    <Level Level="38" RequieredXP="2102082" />
    <Level Level="39" RequieredXP="2326160" />
    <Level Level="40" RequieredXP="2567534" />
    <Level Level="41" RequieredXP="2827058" />
    <Level Level="42" RequieredXP="3105602" />
    <Level Level="43" RequieredXP="3404057" />
    <Level Level="44" RequieredXP="3723334" />
    <Level Level="45" RequieredXP="4064362" />
    <Level Level="46" RequieredXP="4428091" />
    <Level Level="47" RequieredXP="4815487" />
    <Level Level="48" RequieredXP="5227539" />
    <Level Level="49" RequieredXP="5665252" />
    <Level Level="50" RequieredXP="6129651" />
    <Level Level="51" RequieredXP="6621782" />
    <Level Level="52" RequieredXP="7142706" />
    <Level Level="53" RequieredXP="7693507" />
    <Level Level="54" RequieredXP="8275284" />
    <Level Level="55" RequieredXP="8889158" />
    <Level Level="56" RequieredXP="9536268" />
    <Level Level="57" RequieredXP="10217771" />
    <Level Level="58" RequieredXP="10934844" />
    <Level Level="59" RequieredXP="11688680" />
    <Level Level="60" RequieredXP="12480495" />
  </PlayerLevels>
</MetaData>