<Metadata>
  <GameplayArea_Intro0 NavmeshArea_Campaign="1" NavmeshArea_Adventure="1" />
  <GameplayArea_Intro1 NavmeshArea_Campaign="1" NavmeshArea_Adventure="1" />
  <GameplayArea_Intro2 NavmeshArea_Campaign="1" NavmeshArea_Adventure="1" />
  <GameplayArea_Intro3 NavmeshArea_Campaign="1" NavmeshArea_Adventure="1" />
  <ACT1_BanditOutpost NavmeshArea_Campaign="22341" NavmeshArea_Adventure="22341" />
  <ACT1_Farmstead NavmeshArea_Campaign="63471" NavmeshArea_Adventure="57800" />
  <ACT1_GloomValleyPart1 NavmeshArea_Campaign="56293" NavmeshArea_Adventure="56293" />
  <ACT1_GloomValleyPart2 NavmeshArea_Campaign="26454" NavmeshArea_Adventure="26454" />
  <ACT1_Highlands NavmeshArea_Campaign="6674" NavmeshArea_Adventure="6674" />
  <ACT1_NecropolisPart1 NavmeshArea_Campaign="17891" NavmeshArea_Adventure="17891" />
  <ACT1_NecropolisPart2 NavmeshArea_Campaign="13486" NavmeshArea_Adventure="13486" />
  <ACT1_NecropolisPart3 NavmeshArea_Campaign="20094" NavmeshArea_Adventure="20094" />
  <ACT1_Anankis_Halls_1 NavmeshArea_Campaign="20623" NavmeshArea_Adventure="20623" />
  <ACT1_AnankisCore NavmeshArea_Campaign="903" NavmeshArea_Adventure="903" />
  <ACT1_AnankisGate NavmeshArea_Campaign="1713" NavmeshArea_Adventure="1713" />
  <ACT1_Republic_Camp NavmeshArea_Campaign="1" NavmeshArea_Adventure="1" />
  <ACT1_AnankisCoreOverlook NavmeshArea_Campaign="1" NavmeshArea_Adventure="1" />
  <ACT1_Palace NavmeshArea_Campaign="1" NavmeshArea_Adventure="1" />
  <ACT1_SirkisArena NavmeshArea_Campaign="1" NavmeshArea_Adventure="1" />
  <ACT1_Svriir_Tribute_Storage NavmeshArea_Campaign="1" NavmeshArea_Adventure="1" />
  <ACT1_SvriirCave NavmeshArea_Campaign="3396" NavmeshArea_Adventure="3396.0139" />
  <ACT1_Tavern NavmeshArea_Campaign="1" NavmeshArea_Adventure="1" />
  <ACT1_TemplarCamp NavmeshArea_Campaign="1" NavmeshArea_Adventure="1" />
  <ACT1_Republic_Camp NavmeshArea_Campaign="1" NavmeshArea_Adventure="1" />
  <ACT1_AnankisCoreOverlook NavmeshArea_Campaign="1" NavmeshArea_Adventure="1" />
  <Stormfall NavmeshArea_Campaign="5158" NavmeshArea_Adventure="5158.6777" />
  <ACT2_Flesh_City NavmeshArea_Campaign="1" NavmeshArea_Adventure="1" />
  <ACT2_IC_Waypoint_Area NavmeshArea_Campaign="1" NavmeshArea_Adventure="1" />
  <ACT2_InnerSanctum NavmeshArea_Campaign="1" NavmeshArea_Adventure="1" />
  <ACT2_Lambach_P1_Arena NavmeshArea_Campaign="1" NavmeshArea_Adventure="1" />
  <ACT2_Lambach_P2_Arena NavmeshArea_Campaign="1" NavmeshArea_Adventure="1" />
  <ACT2_PS_Overlook NavmeshArea_Campaign="1" NavmeshArea_Adventure="1" />
  <ACT2_Stormfall NavmeshArea_Campaign="1" NavmeshArea_Adventure="1" />
  <ACT2_Templar_Camp NavmeshArea_Campaign="1" NavmeshArea_Adventure="1" />
  <ACT2_VOS1 NavmeshArea_Campaign="21121" NavmeshArea_Adventure="21121" />
  <ACT2_VOS2 NavmeshArea_Campaign="19563" NavmeshArea_Adventure="19563" />
  <ACT2_Warlord_Lair NavmeshArea_Campaign="24923" NavmeshArea_Adventure="24923" />
  <ACT2_Flesh_Forest1 NavmeshArea_Campaign="32416" NavmeshArea_Adventure="32416" />
  <ACT2_Flesh_Forest2 NavmeshArea_Campaign="26809" NavmeshArea_Adventure="26809" />
  <test_area_1 NavmeshArea_Campaign="100" NavmeshArea_Adventure="100" />
  <test_area_2 NavmeshArea_Campaign="100" NavmeshArea_Adventure="100" />
  <test_area_hub NavmeshArea_Campaign="100" NavmeshArea_Adventure="100" />
  <Test_LD NavmeshArea_Campaign="100" NavmeshArea_Adventure="100" />
  <DungeonZoo_Forest NavmeshArea_Campaign="100" NavmeshArea_Adventure="100" />
  <DungeonZoo_Necropolis NavmeshArea_Campaign="100" NavmeshArea_Adventure="100" />
  <DungeonZoo_TPS NavmeshArea_Campaign="100" NavmeshArea_Adventure="100" />
  <DungeonZoo_GenericCave NavmeshArea_Campaign="100" NavmeshArea_Adventure="100" />
</Metadata>