<MetaData>
  <Entry LibraryPath="Prefabs/dungeon_genericcave.xml" PrefabName="Cave_E_1" NavmeshArea="590" />
  <Entry LibraryPath="Prefabs/dungeon_genericcave.xml" PrefabName="Cave_Fill_1" NavmeshArea="100" />
  <Entry LibraryPath="Prefabs/dungeon_genericcave.xml" PrefabName="Cave_N_1" NavmeshArea="1045" />
  <Entry LibraryPath="Prefabs/dungeon_genericcave.xml" PrefabName="Cave_N_Entrance1" NavmeshArea="1957" />
  <Entry LibraryPath="Prefabs/dungeon_genericcave.xml" PrefabName="Cave_N_Entrance2" NavmeshArea="1936" />
  <Entry LibraryPath="Prefabs/dungeon_genericcave.xml" PrefabName="Cave_N_Entrance2_V1" NavmeshArea="1936" />
  <Entry LibraryPath="Prefabs/dungeon_genericcave.xml" PrefabName="Cave_N_Entrance3" NavmeshArea="2207" />
  <Entry LibraryPath="Prefabs/dungeon_genericcave.xml" PrefabName="Cave_N_EntranceStormfallAccess" NavmeshArea="1918" />
  <Entry LibraryPath="Prefabs/dungeon_genericcave.xml" PrefabName="Cave_N_EntranceWater1" NavmeshArea="1957" />
  <Entry LibraryPath="Prefabs/dungeon_genericcave.xml" PrefabName="Cave_NE_1" NavmeshArea="2425" />
  <Entry LibraryPath="Prefabs/dungeon_genericcave.xml" PrefabName="Cave_NS_1" NavmeshArea="3577" />
  <Entry LibraryPath="Prefabs/dungeon_genericcave.xml" PrefabName="Cave_NSE_1" NavmeshArea="2197" />
  <Entry LibraryPath="Prefabs/dungeon_genericcave.xml" PrefabName="Cave_NSW_1" NavmeshArea="3170" />
  <Entry LibraryPath="Prefabs/dungeon_genericcave.xml" PrefabName="Cave_NSWE_1" NavmeshArea="3615" />
  <Entry LibraryPath="Prefabs/dungeon_genericcave.xml" PrefabName="Cave_NW_1" NavmeshArea="2418" />
  <Entry LibraryPath="Prefabs/dungeon_genericcave.xml" PrefabName="Cave_NWE_1" NavmeshArea="4839" />
  <Entry LibraryPath="Prefabs/dungeon_genericcave.xml" PrefabName="Cave_S_1" NavmeshArea="100" />
  <Entry LibraryPath="Prefabs/dungeon_genericcave.xml" PrefabName="Cave_S_2" NavmeshArea="789" />
  <Entry LibraryPath="Prefabs/dungeon_genericcave.xml" PrefabName="Cave_S_AccessToNecropolis" NavmeshArea="11" />
  <Entry LibraryPath="Prefabs/dungeon_genericcave.xml" PrefabName="Cave_S_Entrance1_water" NavmeshArea="1967" />
  <Entry LibraryPath="Prefabs/dungeon_genericcave.xml" PrefabName="Cave_S_Exit1" NavmeshArea="1068" />
  <Entry LibraryPath="Prefabs/dungeon_genericcave.xml" PrefabName="Cave_S_Exit2" NavmeshArea="2055" />
  <Entry LibraryPath="Prefabs/dungeon_genericcave.xml" PrefabName="Cave_S_Exit2_StormfallAccess" NavmeshArea="11" />
  <Entry LibraryPath="Prefabs/dungeon_genericcave.xml" PrefabName="Cave_S_Exit3" NavmeshArea="2169" />
  <Entry LibraryPath="Prefabs/dungeon_genericcave.xml" PrefabName="Cave_S_Exit3Adventure" NavmeshArea="2169" />
  <Entry LibraryPath="Prefabs/dungeon_genericcave.xml" PrefabName="Cave_S_ExitDeadEnd" NavmeshArea="100" />
  <Entry LibraryPath="Prefabs/dungeon_genericcave.xml" PrefabName="Cave_SE_1" NavmeshArea="3895" />
  <Entry LibraryPath="Prefabs/dungeon_genericcave.xml" PrefabName="Cave_SW_1" NavmeshArea="2706" />
  <Entry LibraryPath="Prefabs/dungeon_genericcave.xml" PrefabName="Cave_SWE_1" NavmeshArea="2395" />
  <Entry LibraryPath="Prefabs/dungeon_genericcave.xml" PrefabName="Cave_W_1" NavmeshArea="1836" />
  <Entry LibraryPath="Prefabs/dungeon_genericcave.xml" PrefabName="Cave_W_Exit1" NavmeshArea="1906" />
  <Entry LibraryPath="Prefabs/dungeon_genericcave.xml" PrefabName="Cave_WE_1" NavmeshArea="1974" />
  <Entry LibraryPath="Prefabs/dungeon_incubationchamber.xml" PrefabName="IncubationChamber_E_1" NavmeshArea="590" />
  <Entry LibraryPath="Prefabs/dungeon_incubationchamber.xml" PrefabName="IncubationChamber_E_2" NavmeshArea="1559" />
  <Entry LibraryPath="Prefabs/dungeon_incubationchamber.xml" PrefabName="IncubationChamber_FILL_1" NavmeshArea="100" />
  <Entry LibraryPath="Prefabs/dungeon_incubationchamber.xml" PrefabName="IncubationChamber_N_1" NavmeshArea="1045" />
  <Entry LibraryPath="Prefabs/dungeon_incubationchamber.xml" PrefabName="IncubationChamber_N_Entrance1" NavmeshArea="1936" />
  <Entry LibraryPath="Prefabs/dungeon_incubationchamber.xml" PrefabName="IncubationChamber_N_Entrance1_V1" NavmeshArea="1936" />
  <Entry LibraryPath="Prefabs/dungeon_incubationchamber.xml" PrefabName="IncubationChamber_N_Entrance5" NavmeshArea="1540" />
  <Entry LibraryPath="Prefabs/dungeon_incubationchamber.xml" PrefabName="IncubationChamber_NE_1" NavmeshArea="2425" />
  <Entry LibraryPath="Prefabs/dungeon_incubationchamber.xml" PrefabName="IncubationChamber_NS_1" NavmeshArea="3577" />
  <Entry LibraryPath="Prefabs/dungeon_incubationchamber.xml" PrefabName="IncubationChamber_NS_2" NavmeshArea="3048" />
  <Entry LibraryPath="Prefabs/dungeon_incubationchamber.xml" PrefabName="IncubationChamber_NSE_1" NavmeshArea="1936" />
  <Entry LibraryPath="Prefabs/dungeon_incubationchamber.xml" PrefabName="IncubationChamber_NSW_1" NavmeshArea="3170" />
  <Entry LibraryPath="Prefabs/dungeon_incubationchamber.xml" PrefabName="IncubationChamber_NSWE_1" NavmeshArea="3615" />
  <Entry LibraryPath="Prefabs/dungeon_incubationchamber.xml" PrefabName="IncubationChamber_NW_1" NavmeshArea="2418" />
  <Entry LibraryPath="Prefabs/dungeon_incubationchamber.xml" PrefabName="IncubationChamber_NW_2" NavmeshArea="1665" />
  <Entry LibraryPath="Prefabs/dungeon_incubationchamber.xml" PrefabName="IncubationChamber_NWE_1" NavmeshArea="4839" />
  <Entry LibraryPath="Prefabs/dungeon_incubationchamber.xml" PrefabName="IncubationChamber_NWE_2" NavmeshArea="3265" />
  <Entry LibraryPath="Prefabs/dungeon_incubationchamber.xml" PrefabName="IncubationChamber_S_1" NavmeshArea="96" />
  <Entry LibraryPath="Prefabs/dungeon_incubationchamber.xml" PrefabName="IncubationChamber_S_2" NavmeshArea="789" />
  <Entry LibraryPath="Prefabs/dungeon_incubationchamber.xml" PrefabName="IncubationChamber_S_Exit1" NavmeshArea="1068" />
  <Entry LibraryPath="Prefabs/dungeon_incubationchamber.xml" PrefabName="IncubationChamber_S_Exit2" NavmeshArea="1483" />
  <Entry LibraryPath="Prefabs/dungeon_incubationchamber.xml" PrefabName="IncubationChamber_S_Exit3" NavmeshArea="2055" />
  <Entry LibraryPath="Prefabs/dungeon_incubationchamber.xml" PrefabName="IncubationChamber_S_Exit3_V1" NavmeshArea="2055" />
  <Entry LibraryPath="Prefabs/dungeon_incubationchamber.xml" PrefabName="IncubationChamber_SE_1" NavmeshArea="3895" />
  <Entry LibraryPath="Prefabs/dungeon_incubationchamber.xml" PrefabName="IncubationChamber_SW_1" NavmeshArea="2706" />
  <Entry LibraryPath="Prefabs/dungeon_incubationchamber.xml" PrefabName="IncubationChamber_SW_2" NavmeshArea="2204" />
  <Entry LibraryPath="Prefabs/dungeon_incubationchamber.xml" PrefabName="IncubationChamber_SWE_1" NavmeshArea="2578" />
  <Entry LibraryPath="Prefabs/dungeon_incubationchamber.xml" PrefabName="IncubationChamber_SWE_1_V1" NavmeshArea="2578" />
  <Entry LibraryPath="Prefabs/dungeon_incubationchamber.xml" PrefabName="IncubationChamber_Vista_1" NavmeshArea="11" />
  <Entry LibraryPath="Prefabs/dungeon_incubationchamber.xml" PrefabName="IncubationChamber_W_1" NavmeshArea="1836" />
  <Entry LibraryPath="Prefabs/dungeon_incubationchamber.xml" PrefabName="IncubationChamber_W_Entrance1" NavmeshArea="1726" />
  <Entry LibraryPath="Prefabs/dungeon_incubationchamber.xml" PrefabName="IncubationChamber_WE_1" NavmeshArea="1974" />
  <Entry LibraryPath="Prefabs/dungeon_incubationchamber.xml" PrefabName="IncubationChamber_WE_2" NavmeshArea="2606" />
  <Entry LibraryPath="Prefabs/dungeon_mossyforest.xml" PrefabName="MossyForest_E_1" NavmeshArea="2084" />
  <Entry LibraryPath="Prefabs/dungeon_mossyforest.xml" PrefabName="MossyForest_N_1" NavmeshArea="984" />
  <Entry LibraryPath="Prefabs/dungeon_mossyforest.xml" PrefabName="MossyForest_N_Entrance1" NavmeshArea="2138" />
  <Entry LibraryPath="Prefabs/dungeon_mossyforest.xml" PrefabName="MossyForest_N_Entrance2" NavmeshArea="2019" />
  <Entry LibraryPath="Prefabs/dungeon_mossyforest.xml" PrefabName="MossyForest_NE_1" NavmeshArea="3762" />
  <Entry LibraryPath="Prefabs/dungeon_mossyforest.xml" PrefabName="MossyForest_NE_2" NavmeshArea="3267" />
  <Entry LibraryPath="Prefabs/dungeon_mossyforest.xml" PrefabName="MossyForest_NS_1" NavmeshArea="3900" />
  <Entry LibraryPath="Prefabs/dungeon_mossyforest.xml" PrefabName="MossyForest_NS_1Story" NavmeshArea="3703" />
  <Entry LibraryPath="Prefabs/dungeon_mossyforest.xml" PrefabName="MossyForest_NS_2" NavmeshArea="4154" />
  <Entry LibraryPath="Prefabs/dungeon_mossyforest.xml" PrefabName="MossyForest_NSE_1" NavmeshArea="6300" />
  <Entry LibraryPath="Prefabs/dungeon_mossyforest.xml" PrefabName="MossyForest_NSW_1" NavmeshArea="6166" />
  <Entry LibraryPath="Prefabs/dungeon_mossyforest.xml" PrefabName="MossyForest_NSW_2" NavmeshArea="5752" />
  <Entry LibraryPath="Prefabs/dungeon_mossyforest.xml" PrefabName="MossyForest_NSWE_1" NavmeshArea="9172" />
  <Entry LibraryPath="Prefabs/dungeon_mossyforest.xml" PrefabName="MossyForest_NW_1" NavmeshArea="3662" />
  <Entry LibraryPath="Prefabs/dungeon_mossyforest.xml" PrefabName="MossyForest_NW_2" NavmeshArea="3301" />
  <Entry LibraryPath="Prefabs/dungeon_mossyforest.xml" PrefabName="MossyForest_NWE_1" NavmeshArea="6254" />
  <Entry LibraryPath="Prefabs/dungeon_mossyforest.xml" PrefabName="MossyForest_NWE_2" NavmeshArea="5355" />
  <Entry LibraryPath="Prefabs/dungeon_mossyforest.xml" PrefabName="MossyForest_S_1" NavmeshArea="2069" />
  <Entry LibraryPath="Prefabs/dungeon_mossyforest.xml" PrefabName="MossyForest_S_Exit1" NavmeshArea="1926" />
  <Entry LibraryPath="Prefabs/dungeon_mossyforest.xml" PrefabName="MossyForest_S_ExitAdventure2" NavmeshArea="11" />
  <Entry LibraryPath="Prefabs/dungeon_mossyforest.xml" PrefabName="MossyForest_SE_1" NavmeshArea="3773" />
  <Entry LibraryPath="Prefabs/dungeon_mossyforest.xml" PrefabName="MossyForest_SE_2" NavmeshArea="5706" />
  <Entry LibraryPath="Prefabs/dungeon_mossyforest.xml" PrefabName="MossyForest_SW_1" NavmeshArea="3608" />
  <Entry LibraryPath="Prefabs/dungeon_mossyforest.xml" PrefabName="MossyForest_SW_2" NavmeshArea="5497" />
  <Entry LibraryPath="Prefabs/dungeon_mossyforest.xml" PrefabName="MossyForest_SWE_1" NavmeshArea="6222" />
  <Entry LibraryPath="Prefabs/dungeon_mossyforest.xml" PrefabName="MossyForest_W_1" NavmeshArea="965" />
  <Entry LibraryPath="Prefabs/dungeon_mossyforest.xml" PrefabName="MossyForest_WE_1" NavmeshArea="3901" />
  <Entry LibraryPath="Prefabs/dungeon_mossyforest.xml" PrefabName="MossyForest_WE_2" NavmeshArea="4328" />
  <Entry LibraryPath="Prefabs/dungeon_mossyforest.xml" PrefabName="MossyForest_N_EntranceNight" NavmeshArea="2138" />
  <Entry LibraryPath="Prefabs/Dungeon_Necropolis.xml" PrefabName="Necropolis_E_1" NavmeshArea="203" />
  <Entry LibraryPath="Prefabs/Dungeon_Necropolis.xml" PrefabName="Necropolis_FILL_1" NavmeshArea="11" />
  <Entry LibraryPath="Prefabs/Dungeon_Necropolis.xml" PrefabName="Necropolis_N_1" NavmeshArea="230" />
  <Entry LibraryPath="Prefabs/Dungeon_Necropolis.xml" PrefabName="Necropolis_N_Entrance1" NavmeshArea="891" />
  <Entry LibraryPath="Prefabs/Dungeon_Necropolis.xml" PrefabName="Necropolis_N_Entrance1_V1" NavmeshArea="891" />
  <Entry LibraryPath="Prefabs/Dungeon_Necropolis.xml" PrefabName="Necropolis_N_Entrance1_V2" NavmeshArea="891" />
  <Entry LibraryPath="Prefabs/Dungeon_Necropolis.xml" PrefabName="Necropolis_N_ExitDeadEnd" NavmeshArea="11" />
  <Entry LibraryPath="Prefabs/Dungeon_Necropolis.xml" PrefabName="Necropolis_NE_1" NavmeshArea="2366" />
  <Entry LibraryPath="Prefabs/Dungeon_Necropolis.xml" PrefabName="Necropolis_NS_1" NavmeshArea="2062" />
  <Entry LibraryPath="Prefabs/Dungeon_Necropolis.xml" PrefabName="Necropolis_NSE_1" NavmeshArea="1813" />
  <Entry LibraryPath="Prefabs/Dungeon_Necropolis.xml" PrefabName="Necropolis_NSW_1" NavmeshArea="2352" />
  <Entry LibraryPath="Prefabs/Dungeon_Necropolis.xml" PrefabName="Necropolis_NSWE_1" NavmeshArea="3281" />
  <Entry LibraryPath="Prefabs/Dungeon_Necropolis.xml" PrefabName="Necropolis_NW_1" NavmeshArea="1821" />
  <Entry LibraryPath="Prefabs/Dungeon_Necropolis.xml" PrefabName="Necropolis_NWE_1" NavmeshArea="2932" />
  <Entry LibraryPath="Prefabs/Dungeon_Necropolis.xml" PrefabName="Necropolis_S_1" NavmeshArea="1811" />
  <Entry LibraryPath="Prefabs/Dungeon_Necropolis.xml" PrefabName="Necropolis_S_Exit1" NavmeshArea="1863" />
  <Entry LibraryPath="Prefabs/Dungeon_Necropolis.xml" PrefabName="Necropolis_S_Exit2" NavmeshArea="1859" />
  <Entry LibraryPath="Prefabs/Dungeon_Necropolis.xml" PrefabName="Necropolis_S_ExitAdventure" NavmeshArea="1859" />
  <Entry LibraryPath="Prefabs/Dungeon_Necropolis.xml" PrefabName="Necropolis_SE_1" NavmeshArea="1392" />
  <Entry LibraryPath="Prefabs/Dungeon_Necropolis.xml" PrefabName="Necropolis_SW_1" NavmeshArea="908" />
  <Entry LibraryPath="Prefabs/Dungeon_Necropolis.xml" PrefabName="Necropolis_SWE_1" NavmeshArea="2782" />
  <Entry LibraryPath="Prefabs/Dungeon_Necropolis.xml" PrefabName="Necropolis_W_1" NavmeshArea="240" />
  <Entry LibraryPath="Prefabs/Dungeon_Necropolis.xml" PrefabName="Necropolis_W_Entrance1" NavmeshArea="891" />
  <Entry LibraryPath="Prefabs/Dungeon_Necropolis.xml" PrefabName="Necropolis_W_Entrance2" NavmeshArea="891" />
  <Entry LibraryPath="Prefabs/Dungeon_Necropolis.xml" PrefabName="Necropolis_WE_1" NavmeshArea="1536" />
  <Entry LibraryPath="Prefabs/Dungeon_Necropolis_impaled.xml" PrefabName="Necropolis_impaled_E_1" NavmeshArea="203" />
  <Entry LibraryPath="Prefabs/Dungeon_Necropolis_impaled.xml" PrefabName="Necropolis_impaled_FILL_1" NavmeshArea="11" />
  <Entry LibraryPath="Prefabs/Dungeon_Necropolis_impaled.xml" PrefabName="Necropolis_impaled_N_1" NavmeshArea="230" />
  <Entry LibraryPath="Prefabs/Dungeon_Necropolis_impaled.xml" PrefabName="Necropolis_impaled_N_Entrance1" NavmeshArea="891" />
  <Entry LibraryPath="Prefabs/Dungeon_Necropolis_impaled.xml" PrefabName="Necropolis_impaled_N_Entrance1_V1" NavmeshArea="891" />
  <Entry LibraryPath="Prefabs/Dungeon_Necropolis_impaled.xml" PrefabName="Necropolis_impaled_N_Entrance1_V2" NavmeshArea="891" />
  <Entry LibraryPath="Prefabs/Dungeon_Necropolis_impaled.xml" PrefabName="Necropolis_impaled_N_ExitDeadEnd" NavmeshArea="11" />
  <Entry LibraryPath="Prefabs/Dungeon_Necropolis_impaled.xml" PrefabName="Necropolis_impaled_NE_1" NavmeshArea="2366" />
  <Entry LibraryPath="Prefabs/Dungeon_Necropolis_impaled.xml" PrefabName="Necropolis_impaled_NS_1" NavmeshArea="2062" />
  <Entry LibraryPath="Prefabs/Dungeon_Necropolis_impaled.xml" PrefabName="Necropolis_impaled_NSE_1" NavmeshArea="1813" />
  <Entry LibraryPath="Prefabs/Dungeon_Necropolis_impaled.xml" PrefabName="Necropolis_impaled_NSW_1" NavmeshArea="2352" />
  <Entry LibraryPath="Prefabs/Dungeon_Necropolis_impaled.xml" PrefabName="Necropolis_impaled_NSWE_1" NavmeshArea="3281" />
  <Entry LibraryPath="Prefabs/Dungeon_Necropolis_impaled.xml" PrefabName="Necropolis_impaled_NW_1" NavmeshArea="1821" />
  <Entry LibraryPath="Prefabs/Dungeon_Necropolis_impaled.xml" PrefabName="Necropolis_impaled_NWE_1" NavmeshArea="2932" />
  <Entry LibraryPath="Prefabs/Dungeon_Necropolis_impaled.xml" PrefabName="Necropolis_impaled_S_1" NavmeshArea="1811" />
  <Entry LibraryPath="Prefabs/Dungeon_Necropolis_impaled.xml" PrefabName="Necropolis_impaled_S_Exit1" NavmeshArea="1863" />
  <Entry LibraryPath="Prefabs/Dungeon_Necropolis_impaled.xml" PrefabName="Necropolis_impaled_S_Exit2" NavmeshArea="1859" />
  <Entry LibraryPath="Prefabs/Dungeon_Necropolis_impaled.xml" PrefabName="Necropolis_impaled_S_ExitAdventure" NavmeshArea="1859" />
  <Entry LibraryPath="Prefabs/Dungeon_Necropolis_impaled.xml" PrefabName="Necropolis_impaled_SE_1" NavmeshArea="1392" />
  <Entry LibraryPath="Prefabs/Dungeon_Necropolis_impaled.xml" PrefabName="Necropolis_impaled_SW_1" NavmeshArea="908" />
  <Entry LibraryPath="Prefabs/Dungeon_Necropolis_impaled.xml" PrefabName="Necropolis_impaled_SWE_1" NavmeshArea="2782" />
  <Entry LibraryPath="Prefabs/Dungeon_Necropolis_impaled.xml" PrefabName="Necropolis_impaled_W_1" NavmeshArea="240" />
  <Entry LibraryPath="Prefabs/Dungeon_Necropolis_impaled.xml" PrefabName="Necropolis_impaled_W_Entrance1" NavmeshArea="891" />
  <Entry LibraryPath="Prefabs/Dungeon_Necropolis_impaled.xml" PrefabName="Necropolis_impaled_W_Entrance2" NavmeshArea="891" />
  <Entry LibraryPath="Prefabs/Dungeon_Necropolis_impaled.xml" PrefabName="Necropolis_impaled_WE_1" NavmeshArea="1536" />
  <Entry LibraryPath="Prefabs/Dungeon_RedWaste.xml" PrefabName="Redwaste_E_1" NavmeshArea="11" />
  <Entry LibraryPath="Prefabs/Dungeon_RedWaste.xml" PrefabName="Redwaste_N_1" NavmeshArea="11" />
  <Entry LibraryPath="Prefabs/Dungeon_RedWaste.xml" PrefabName="Redwaste_N_Entrance1" NavmeshArea="11" />
  <Entry LibraryPath="Prefabs/Dungeon_RedWaste.xml" PrefabName="Redwaste_NE_1" NavmeshArea="11" />
  <Entry LibraryPath="Prefabs/Dungeon_RedWaste.xml" PrefabName="Redwaste_NE_2" NavmeshArea="11" />
  <Entry LibraryPath="Prefabs/Dungeon_RedWaste.xml" PrefabName="Redwaste_NS_1" NavmeshArea="11" />
  <Entry LibraryPath="Prefabs/Dungeon_RedWaste.xml" PrefabName="Redwaste_NS_2" NavmeshArea="11" />
  <Entry LibraryPath="Prefabs/Dungeon_RedWaste.xml" PrefabName="Redwaste_NS_Republic" NavmeshArea="11" />
  <Entry LibraryPath="Prefabs/Dungeon_RedWaste.xml" PrefabName="Redwaste_NSE_1" NavmeshArea="11" />
  <Entry LibraryPath="Prefabs/Dungeon_RedWaste.xml" PrefabName="Redwaste_NSE_2" NavmeshArea="11" />
  <Entry LibraryPath="Prefabs/Dungeon_RedWaste.xml" PrefabName="Redwaste_NSE_Republic" NavmeshArea="11" />
  <Entry LibraryPath="Prefabs/Dungeon_RedWaste.xml" PrefabName="Redwaste_NSW_1" NavmeshArea="11" />
  <Entry LibraryPath="Prefabs/Dungeon_RedWaste.xml" PrefabName="Redwaste_NSW_2" NavmeshArea="11" />
  <Entry LibraryPath="Prefabs/Dungeon_RedWaste.xml" PrefabName="Redwaste_NSW_Republic" NavmeshArea="11" />
  <Entry LibraryPath="Prefabs/Dungeon_RedWaste.xml" PrefabName="Redwaste_NSWE_1" NavmeshArea="11" />
  <Entry LibraryPath="Prefabs/Dungeon_RedWaste.xml" PrefabName="Redwaste_NW_1" NavmeshArea="11" />
  <Entry LibraryPath="Prefabs/Dungeon_RedWaste.xml" PrefabName="Redwaste_NW_2" NavmeshArea="11" />
  <Entry LibraryPath="Prefabs/Dungeon_RedWaste.xml" PrefabName="Redwaste_NWE_1" NavmeshArea="11" />
  <Entry LibraryPath="Prefabs/Dungeon_RedWaste.xml" PrefabName="Redwaste_NWE_2" NavmeshArea="11" />
  <Entry LibraryPath="Prefabs/Dungeon_RedWaste.xml" PrefabName="Redwaste_NWE_Republic" NavmeshArea="11" />
  <Entry LibraryPath="Prefabs/Dungeon_RedWaste.xml" PrefabName="Redwaste_S_1" NavmeshArea="11" />
  <Entry LibraryPath="Prefabs/Dungeon_RedWaste.xml" PrefabName="Redwaste_S_Exit1" NavmeshArea="11" />
  <Entry LibraryPath="Prefabs/Dungeon_RedWaste.xml" PrefabName="Redwaste_S_Exit2 " NavmeshArea="11" />
  <Entry LibraryPath="Prefabs/Dungeon_RedWaste.xml" PrefabName="Redwaste_SE_1" NavmeshArea="11" />
  <Entry LibraryPath="Prefabs/Dungeon_RedWaste.xml" PrefabName="Redwaste_SE_2" NavmeshArea="11" />
  <Entry LibraryPath="Prefabs/Dungeon_RedWaste.xml" PrefabName="Redwaste_SW_1" NavmeshArea="11" />
  <Entry LibraryPath="Prefabs/Dungeon_RedWaste.xml" PrefabName="Redwaste_SW_2" NavmeshArea="11" />
  <Entry LibraryPath="Prefabs/Dungeon_RedWaste.xml" PrefabName="Redwaste_SWE_1" NavmeshArea="11" />
  <Entry LibraryPath="Prefabs/Dungeon_RedWaste.xml" PrefabName="Redwaste_SWE_2" NavmeshArea="11" />
  <Entry LibraryPath="Prefabs/Dungeon_RedWaste.xml" PrefabName="Redwaste_SWE_Republic" NavmeshArea="11" />
  <Entry LibraryPath="Prefabs/Dungeon_RedWaste.xml" PrefabName="Redwaste_W_1" NavmeshArea="11" />
  <Entry LibraryPath="Prefabs/Dungeon_RedWaste.xml" PrefabName="Redwaste_WE_1" NavmeshArea="11" />
  <Entry LibraryPath="Prefabs/Dungeon_RedWaste.xml" PrefabName="Redwaste_WE_2" NavmeshArea="11" />
  <Entry LibraryPath="Prefabs/Dungeon_RedWaste.xml" PrefabName="Redwaste_WE_Republic" NavmeshArea="11" />
  <Entry LibraryPath="Prefabs/dungeon_svriirlair.xml" PrefabName="SvriirLair_E_1" NavmeshArea="637" />
  <Entry LibraryPath="Prefabs/dungeon_svriirlair.xml" PrefabName="SvriirLair_Fill_1" NavmeshArea="100" />
  <Entry LibraryPath="Prefabs/dungeon_svriirlair.xml" PrefabName="SvriirLair_N_1" NavmeshArea="1045" />
  <Entry LibraryPath="Prefabs/dungeon_svriirlair.xml" PrefabName="SvriirLair_N_Entrance1" NavmeshArea="1957" />
  <Entry LibraryPath="Prefabs/dungeon_svriirlair.xml" PrefabName="SvriirLair_N_Entrance2" NavmeshArea="1936" />
  <Entry LibraryPath="Prefabs/dungeon_svriirlair.xml" PrefabName="SvriirLair_N_EntranceStory" NavmeshArea="1957" />
  <Entry LibraryPath="Prefabs/dungeon_svriirlair.xml" PrefabName="SvriirLair_NE_1" NavmeshArea="2425" />
  <Entry LibraryPath="Prefabs/dungeon_svriirlair.xml" PrefabName="SvriirLair_NE_SoulTremor" NavmeshArea="2425" />
  <Entry LibraryPath="Prefabs/dungeon_svriirlair.xml" PrefabName="SvriirLair_NS_1" NavmeshArea="3577" />
  <Entry LibraryPath="Prefabs/dungeon_svriirlair.xml" PrefabName="SvriirLair_NS_SoulTremor" NavmeshArea="3577" />
  <Entry LibraryPath="Prefabs/dungeon_svriirlair.xml" PrefabName="SvriirLair_NSE_1" NavmeshArea="1936" />
  <Entry LibraryPath="Prefabs/dungeon_svriirlair.xml" PrefabName="SvriirLair_NSW_1" NavmeshArea="3170" />
  <Entry LibraryPath="Prefabs/dungeon_svriirlair.xml" PrefabName="SvriirLair_NSWE_1" NavmeshArea="3615" />
  <Entry LibraryPath="Prefabs/dungeon_svriirlair.xml" PrefabName="SvriirLair_NW_1" NavmeshArea="2418" />
  <Entry LibraryPath="Prefabs/dungeon_svriirlair.xml" PrefabName="SvriirLair_NWE_1" NavmeshArea="4839" />
  <Entry LibraryPath="Prefabs/dungeon_svriirlair.xml" PrefabName="SvriirLair_S_1" NavmeshArea="100" />
  <Entry LibraryPath="Prefabs/dungeon_svriirlair.xml" PrefabName="SvriirLair_S_2" NavmeshArea="789" />
  <Entry LibraryPath="Prefabs/dungeon_svriirlair.xml" PrefabName="SvriirLair_S_BOSS" NavmeshArea="1854" />
  <Entry LibraryPath="Prefabs/dungeon_svriirlair.xml" PrefabName="SvriirLair_S_BOSS_Adventure" NavmeshArea="1916" />
  <Entry LibraryPath="Prefabs/dungeon_svriirlair.xml" PrefabName="SvriirLair_S_Exit1" NavmeshArea="1068" />
  <Entry LibraryPath="Prefabs/dungeon_svriirlair.xml" PrefabName="SvriirLair_S_Exit2" NavmeshArea="1967" />
  <Entry LibraryPath="Prefabs/dungeon_svriirlair.xml" PrefabName="SvriirLair_S_Exit3" NavmeshArea="2169" />
  <Entry LibraryPath="Prefabs/dungeon_svriirlair.xml" PrefabName="SvriirLair_S_Exit3Adventure" NavmeshArea="2169" />
  <Entry LibraryPath="Prefabs/dungeon_svriirlair.xml" PrefabName="SvriirLair_S_ExitDeadEnd" NavmeshArea="100" />
  <Entry LibraryPath="Prefabs/dungeon_svriirlair.xml" PrefabName="SvriirLair_S_SirkissLairEntrance" NavmeshArea="1967" />
  <Entry LibraryPath="Prefabs/dungeon_svriirlair.xml" PrefabName="SvriirLair_SE_1" NavmeshArea="3895" />
  <Entry LibraryPath="Prefabs/dungeon_svriirlair.xml" PrefabName="SvriirLair_Static" NavmeshArea="11" />
  <Entry LibraryPath="Prefabs/dungeon_svriirlair.xml" PrefabName="SvriirLair_SW_1" NavmeshArea="2706" />
  <Entry LibraryPath="Prefabs/dungeon_svriirlair.xml" PrefabName="SvriirLair_SW_SoulTremor" NavmeshArea="2706" />
  <Entry LibraryPath="Prefabs/dungeon_svriirlair.xml" PrefabName="SvriirLair_SWE_1" NavmeshArea="2578" />
  <Entry LibraryPath="Prefabs/dungeon_svriirlair.xml" PrefabName="SvriirLair_W_1" NavmeshArea="1836" />
  <Entry LibraryPath="Prefabs/dungeon_svriirlair.xml" PrefabName="SvriirLair_W_Exit1" NavmeshArea="1906" />
  <Entry LibraryPath="Prefabs/dungeon_svriirlair.xml" PrefabName="SvriirLair_WE_1" NavmeshArea="1974" />
  <Entry LibraryPath="Prefabs/dungeon_templeofjustice.xml" PrefabName="TempleOfJustice_E_1" NavmeshArea="1052" />
  <Entry LibraryPath="Prefabs/dungeon_templeofjustice.xml" PrefabName="TempleOfJustice_E_Exit1" NavmeshArea="125" />
  <Entry LibraryPath="Prefabs/dungeon_templeofjustice.xml" PrefabName="TempleOfJustice_FILL" NavmeshArea="15" />
  <Entry LibraryPath="Prefabs/dungeon_templeofjustice.xml" PrefabName="TempleOfJustice_N_1" NavmeshArea="576" />
  <Entry LibraryPath="Prefabs/dungeon_templeofjustice.xml" PrefabName="TempleOfJustice_N_Entrance" NavmeshArea="577" />
  <Entry LibraryPath="Prefabs/dungeon_templeofjustice.xml" PrefabName="TempleOfJustice_N_HUB" NavmeshArea="1697" />
  <Entry LibraryPath="Prefabs/dungeon_templeofjustice.xml" PrefabName="TempleOfJustice_N_SEntrance" NavmeshArea="565" />
  <Entry LibraryPath="Prefabs/dungeon_templeofjustice.xml" PrefabName="TempleOfJustice_NE_1" NavmeshArea="2145" />
  <Entry LibraryPath="Prefabs/dungeon_templeofjustice.xml" PrefabName="TempleOfJustice_NS_1" NavmeshArea="1754" />
  <Entry LibraryPath="Prefabs/dungeon_templeofjustice.xml" PrefabName="TempleOfJustice_NS_Story" NavmeshArea="1600" />
  <Entry LibraryPath="Prefabs/dungeon_templeofjustice.xml" PrefabName="TempleOfJustice_NSE_1" NavmeshArea="1600" />
  <Entry LibraryPath="Prefabs/dungeon_templeofjustice.xml" PrefabName="TempleOfJustice_NSE_Story" NavmeshArea="1600" />
  <Entry LibraryPath="Prefabs/dungeon_templeofjustice.xml" PrefabName="TempleOfJustice_NSW_TrainingArea" NavmeshArea="2152" />
  <Entry LibraryPath="Prefabs/dungeon_templeofjustice.xml" PrefabName="TempleOfJustice_NSWE_1" NavmeshArea="3308" />
  <Entry LibraryPath="Prefabs/dungeon_templeofjustice.xml" PrefabName="TempleOfJustice_NW_1" NavmeshArea="861" />
  <Entry LibraryPath="Prefabs/dungeon_templeofjustice.xml" PrefabName="TempleOfJustice_NWE_1" NavmeshArea="2179" />
  <Entry LibraryPath="Prefabs/dungeon_templeofjustice.xml" PrefabName="TempleOfJustice_S_1" NavmeshArea="540" />
  <Entry LibraryPath="Prefabs/dungeon_templeofjustice.xml" PrefabName="TempleOfJustice_S_Exit1" NavmeshArea="1160" />
  <Entry LibraryPath="Prefabs/dungeon_templeofjustice.xml" PrefabName="TempleOfJustice_S_InnerSanctum" NavmeshArea="2110" />
  <Entry LibraryPath="Prefabs/dungeon_templeofjustice.xml" PrefabName="TempleOfJustice_S_SExit" NavmeshArea="1160" />
  <Entry LibraryPath="Prefabs/dungeon_templeofjustice.xml" PrefabName="TempleOfJustice_SE_1" NavmeshArea="1284" />
  <Entry LibraryPath="Prefabs/dungeon_templeofjustice.xml" PrefabName="TempleOfJustice_SW_PrayerRoom" NavmeshArea="1048" />
  <Entry LibraryPath="Prefabs/dungeon_templeofjustice.xml" PrefabName="TempleOfJustice_SWE_1" NavmeshArea="2117" />
  <Entry LibraryPath="Prefabs/dungeon_templeofjustice.xml" PrefabName="TempleOfJustice_W_1" NavmeshArea="316" />
  <Entry LibraryPath="Prefabs/dungeon_templeofjustice.xml" PrefabName="TempleOfJustice_WE_SmallArmory" NavmeshArea="1748" />
  <Entry LibraryPath="Prefabs/dungeon_templeofjustice.xml" PrefabName="TempleOfJustice_WE_SmallLibrary" NavmeshArea="1488" />
  <Entry LibraryPath="Prefabs/dungeon_templeofjustice.xml" PrefabName="TempleOfJustice_WE_Story" NavmeshArea="1431" />
  <Entry LibraryPath="Prefabs/prefabs_taintedprimordialsuperstructure.xml" PrefabName="TaintedPrimordialSuperstructure_E_1" NavmeshArea="731" />
  <Entry LibraryPath="Prefabs/prefabs_taintedprimordialsuperstructure.xml" PrefabName="TaintedPrimordialSuperstructure_N_1" NavmeshArea="1091" />
  <Entry LibraryPath="Prefabs/prefabs_taintedprimordialsuperstructure.xml" PrefabName="TaintedPrimordialSuperstructure_N_Entrance1" NavmeshArea="1131" />
  <Entry LibraryPath="Prefabs/prefabs_taintedprimordialsuperstructure.xml" PrefabName="TaintedPrimordialSuperstructure_N_Entrance1_V1" NavmeshArea="1131" />
  <Entry LibraryPath="Prefabs/prefabs_taintedprimordialsuperstructure.xml" PrefabName="TaintedPrimordialSuperstructure_N_SEntrance1" NavmeshArea="1870" />
  <Entry LibraryPath="Prefabs/prefabs_taintedprimordialsuperstructure.xml" PrefabName="TaintedPrimordialSuperstructure_N_SEntrance1_V1" NavmeshArea="1870" />
  <Entry LibraryPath="Prefabs/prefabs_taintedprimordialsuperstructure.xml" PrefabName="TaintedPrimordialSuperstructure_N_SEntranceStory" NavmeshArea="1622" />
  <Entry LibraryPath="Prefabs/prefabs_taintedprimordialsuperstructure.xml" PrefabName="TaintedPrimordialSuperstructure_NE_1" NavmeshArea="2369" />
  <Entry LibraryPath="Prefabs/prefabs_taintedprimordialsuperstructure.xml" PrefabName="TaintedPrimordialSuperstructure_NE_2" NavmeshArea="2361" />
  <Entry LibraryPath="Prefabs/prefabs_taintedprimordialsuperstructure.xml" PrefabName="TaintedPrimordialSuperstructure_NS_1A" NavmeshArea="2052" />
  <Entry LibraryPath="Prefabs/prefabs_taintedprimordialsuperstructure.xml" PrefabName="TaintedPrimordialSuperstructure_NS_1B" NavmeshArea="1602" />
  <Entry LibraryPath="Prefabs/prefabs_taintedprimordialsuperstructure.xml" PrefabName="TaintedPrimordialSuperstructure_NS_1BStory" NavmeshArea="1424" />
  <Entry LibraryPath="Prefabs/prefabs_taintedprimordialsuperstructure.xml" PrefabName="TaintedPrimordialSuperstructure_NSE_1" NavmeshArea="2397" />
  <Entry LibraryPath="Prefabs/prefabs_taintedprimordialsuperstructure.xml" PrefabName="TaintedPrimordialSuperstructure_NSW_1" NavmeshArea="3345" />
  <Entry LibraryPath="Prefabs/prefabs_taintedprimordialsuperstructure.xml" PrefabName="TaintedPrimordialSuperstructure_NSW_2" NavmeshArea="3237" />
  <Entry LibraryPath="Prefabs/prefabs_taintedprimordialsuperstructure.xml" PrefabName="TaintedPrimordialSuperstructure_NSWE_1" NavmeshArea="4228" />
  <Entry LibraryPath="Prefabs/prefabs_taintedprimordialsuperstructure.xml" PrefabName="TaintedPrimordialSuperstructure_NSWE_2" NavmeshArea="4144" />
  <Entry LibraryPath="Prefabs/prefabs_taintedprimordialsuperstructure.xml" PrefabName="TaintedPrimordialSuperstructure_NSWE_3" NavmeshArea="4185" />
  <Entry LibraryPath="Prefabs/prefabs_taintedprimordialsuperstructure.xml" PrefabName="TaintedPrimordialSuperstructure_NW_1" NavmeshArea="3532" />
  <Entry LibraryPath="Prefabs/prefabs_taintedprimordialsuperstructure.xml" PrefabName="TaintedPrimordialSuperstructure_NW_2" NavmeshArea="3481" />
  <Entry LibraryPath="Prefabs/prefabs_taintedprimordialsuperstructure.xml" PrefabName="TaintedPrimordialSuperstructure_NW_SP1" NavmeshArea="1516" />
  <Entry LibraryPath="Prefabs/prefabs_taintedprimordialsuperstructure.xml" PrefabName="TaintedPrimordialSuperstructure_NWE_1" NavmeshArea="3657" />
  <Entry LibraryPath="Prefabs/prefabs_taintedprimordialsuperstructure.xml" PrefabName="TaintedPrimordialSuperstructure_NWE_2" NavmeshArea="3610" />
  <Entry LibraryPath="Prefabs/prefabs_taintedprimordialsuperstructure.xml" PrefabName="TaintedPrimordialSuperstructure_S_1" NavmeshArea="1090" />
  <Entry LibraryPath="Prefabs/prefabs_taintedprimordialsuperstructure.xml" PrefabName="TaintedPrimordialSuperstructure_S_Exit1" NavmeshArea="423" />
  <Entry LibraryPath="Prefabs/prefabs_taintedprimordialsuperstructure.xml" PrefabName="TaintedPrimordialSuperstructure_S_Exit2" NavmeshArea="1231" />
  <Entry LibraryPath="Prefabs/prefabs_taintedprimordialsuperstructure.xml" PrefabName="TaintedPrimordialSuperstructure_S_Exit2Adventure" NavmeshArea="1231" />
  <Entry LibraryPath="Prefabs/prefabs_taintedprimordialsuperstructure.xml" PrefabName="TaintedPrimordialSuperstructure_S_ExitDeadEnd" NavmeshArea="1090" />
  <Entry LibraryPath="Prefabs/prefabs_taintedprimordialsuperstructure.xml" PrefabName="TaintedPrimordialSuperstructure_S_SExit1" NavmeshArea="1217" />
  <Entry LibraryPath="Prefabs/prefabs_taintedprimordialsuperstructure.xml" PrefabName="TaintedPrimordialSuperstructure_SE_1A" NavmeshArea="2963" />
  <Entry LibraryPath="Prefabs/prefabs_taintedprimordialsuperstructure.xml" PrefabName="TaintedPrimordialSuperstructure_SE_1B" NavmeshArea="2627" />
  <Entry LibraryPath="Prefabs/prefabs_taintedprimordialsuperstructure.xml" PrefabName="TaintedPrimordialSuperstructure_SE_1BStory" NavmeshArea="2287" />
  <Entry LibraryPath="Prefabs/prefabs_taintedprimordialsuperstructure.xml" PrefabName="TaintedPrimordialSuperstructure_SE_2A" NavmeshArea="2854" />
  <Entry LibraryPath="Prefabs/prefabs_taintedprimordialsuperstructure.xml" PrefabName="TaintedPrimordialSuperstructure_Static" NavmeshArea="11" />
  <Entry LibraryPath="Prefabs/prefabs_taintedprimordialsuperstructure.xml" PrefabName="TaintedPrimordialSuperstructure_SW_1" NavmeshArea="3413" />
  <Entry LibraryPath="Prefabs/prefabs_taintedprimordialsuperstructure.xml" PrefabName="TaintedPrimordialSuperstructure_SW_2" NavmeshArea="3292" />
  <Entry LibraryPath="Prefabs/prefabs_taintedprimordialsuperstructure.xml" PrefabName="TaintedPrimordialSuperstructure_SW_SP1" NavmeshArea="1235" />
  <Entry LibraryPath="Prefabs/prefabs_taintedprimordialsuperstructure.xml" PrefabName="TaintedPrimordialSuperstructure_SWE_1" NavmeshArea="3419" />
  <Entry LibraryPath="Prefabs/prefabs_taintedprimordialsuperstructure.xml" PrefabName="TaintedPrimordialSuperstructure_W_1" NavmeshArea="1259" />
  <Entry LibraryPath="Prefabs/prefabs_taintedprimordialsuperstructure.xml" PrefabName="TaintedPrimordialSuperstructure_WE_1" NavmeshArea="2850" />
  <Entry LibraryPath="Prefabs/prefabs_taintedprimordialsuperstructure.xml" PrefabName="TaintedPrimordialSuperstructure_WE_2" NavmeshArea="2801" />
  <Entry LibraryPath="Prefabs/prefabs_taintedprimordialsuperstructure.xml" PrefabName="TaintedPrimordialSuperstructure_WE_3" NavmeshArea="2684" />
</MetaData>