<MetaData>
  <EntityList Name="F1" NoDropWeight="90">
    <Entry Weight="10">
      <Budget Mode="manual" Entity_Min="0" Entity_Max="1" />
      <Variants>
        <Variant PrefabLibrary="Prefabs/Library_Altar.xml" PrefabName="MapModifier_Altar.MapModifier_Altar" />
      </Variants>
    </Entry>
  </EntityList>
  <EntityList Name="F2" NoDropWeight="65">
    <Entry Weight="35">
      <Budget Mode="auto" EntityPerSquareMeter_Min="0" EntityPerSquareMeter_Max="0.00025" />
      <Variants>
        <Variant PrefabLibrary="Prefabs/Library_Altar.xml" PrefabName="Gambling_Altar.Gambling_Altar" />
      </Variants>
    </Entry>
  </EntityList>
  <EntityList Name="F3" NoDropWeight="80">
    <Entry Weight="7">
      <Budget Mode="auto" EntityPerSquareMeter_Min="0" EntityPerSquareMeter_Max="0.00014285714" />
      <Variants>
        <Variant PrefabLibrary="Prefabs/Library_Altar.xml" PrefabName="CursedChest_Altar.CursedChest_Altar_Common" />
      </Variants>
    </Entry>
    <Entry Weight="5,5">
      <Budget Mode="auto" EntityPerSquareMeter_Min="0" EntityPerSquareMeter_Max="0.00014285714" />
      <Variants>
        <Variant PrefabLibrary="Prefabs/Library_Altar.xml" PrefabName="CursedChest_Altar.CursedChest_Altar_Uncommon" />
      </Variants>
    </Entry>
    <Entry Weight="4,5">
      <Budget Mode="auto" EntityPerSquareMeter_Min="0" EntityPerSquareMeter_Max="0.00014285714" />
      <Variants>
        <Variant PrefabLibrary="Prefabs/Library_Altar.xml" PrefabName="CursedChest_Altar.CursedChest_Altar_Rare" />
      </Variants>
    </Entry>
    <Entry Weight="3">
      <Budget Mode="auto" EntityPerSquareMeter_Min="0" EntityPerSquareMeter_Max="0.00014285714" />
      <Variants>
        <Variant PrefabLibrary="Prefabs/Library_Altar.xml" PrefabName="CursedChest_Altar.CursedChest_Altar_Legendary" />
      </Variants>
    </Entry>
  </EntityList>
</MetaData>