<MetaData>
  <ArenaWaves Name="EdricBossFightP2">
    <Wave Type="killtarget">
      <PrefabParams PrefabName="arena_BossFightEdric_part2" />
      <KillTargets>
        <Entry ClassName="Justicar_02" Amount="1" />
      </KillTargets>
      <MobSpawners>
        <Spawner Type="fill_forever" TargetSpawnClass="Sc_LostSoul_COSDamned_EdricBossFight" NumberOfEntitiesPerSpawn="1" SpawnFrequency="15" MaxActiveSpawnedEntities="1" TargetSpawnLocationID="1" />
        <Spawner Type="fill_forever" TargetSpawnClass="Sc_LostSoul_COSDamned_EdricBossFight" NumberOfEntitiesPerSpawn="1" SpawnFrequency="15" MaxActiveSpawnedEntities="1" TargetSpawnLocationID="2" />
        <Spawner Type="fill_forever" TargetSpawnClass="Sc_LostSoul_COSDamned_EdricBossFight" NumberOfEntitiesPerSpawn="1" SpawnFrequency="15" MaxActiveSpawnedEntities="1" TargetSpawnLocationID="3" />
        <Spawner Type="fill_forever" TargetSpawnClass="Sc_LostSoul_COSDamned_EdricBossFight" NumberOfEntitiesPerSpawn="1" SpawnFrequency="15" MaxActiveSpawnedEntities="1" TargetSpawnLocationID="4" />
        <Spawner Type="once" TargetSpawnClass="Sc_republic_JE2" NumberOfEntitiesPerSpawn="1" TargetSpawnLocationID="10" />
      </MobSpawners>
    </Wave>
  </ArenaWaves>
</MetaData>