<MetaData>
  <ShrineSpawnerPreset Name="ShrineSpawner1">
    <Shrine Name="Shrine1" Probabilities="10" />
    <Shrine Name="Shrine2" Probabilities="10" />
    <Shrine Name="Shrine3" Probabilities="5" />
    <Shrine Name="Shrine4" Probabilities="3" />
    <Shrine Name="Shrine7" Probabilities="2" />
  </ShrineSpawnerPreset>
  <ShrineSpawnerPreset Name="ShrineSpawner2">
    <Shrine Name="Shrine2" Probabilities="1" />
    <Shrine Name="Shrine3" Probabilities="10" />
    <Shrine Name="Shrine4" Probabilities="10" />
  </ShrineSpawnerPreset>
  <ShrineSpawnerPreset Name="ShrineSpawner4">
    <Shrine Name="Shrine1" Probabilities="1" />
  </ShrineSpawnerPreset>
  <ShrineSpawnerPreset Name="ShrineSpawner5">
    <Shrine Name="Shrine7" Probabilities="1" />
  </ShrineSpawnerPreset>
</MetaData>