<MetaData>
  <Archetype Name="archetype_boss_tuto">
    <StatsAtLevel Level="1" HealthMin="500" HealthMax="500" DmgMin="30" DmgMax="30" XPMin="100" XPMax="50" CPValue="1" ApoResourceMin="0" ApoResourceMax="0" CombatIntensity="0" />
    <StatsAtLevel Level="2" HealthMin="200" HealthMax="200" DmgMin="63" DmgMax="69" XPMin="100" XPMax="50" CPValue="1" ApoResourceMin="0" ApoResourceMax="0" CombatIntensity="0" />
    <StatsAtLevel Level="3" HealthMin="200" HealthMax="200" DmgMin="94" DmgMax="103" XPMin="100" XPMax="100" CPValue="1" ApoResourceMin="0" ApoResourceMax="0" CombatIntensity="0" />
    <StatsAtLevel Level="4" HealthMin="200" HealthMax="200" DmgMin="125" DmgMax="138" XPMin="94" XPMax="103" CPValue="1" ApoResourceMin="0" ApoResourceMax="0" CombatIntensity="0" />
    <StatsAtLevel Level="5" HealthMin="200" HealthMax="200" DmgMin="156" DmgMax="172" XPMin="115" XPMax="127" CPValue="1" ApoResourceMin="0" ApoResourceMax="0" CombatIntensity="0" />
    <StatsAtLevel Level="6" HealthMin="200" HealthMax="200" DmgMin="188" DmgMax="207" XPMin="137" XPMax="151" CPValue="1" ApoResourceMin="0" ApoResourceMax="0" CombatIntensity="0" />
    <StatsAtLevel Level="7" HealthMin="200" HealthMax="200" DmgMin="219" DmgMax="241" XPMin="158" XPMax="174" CPValue="1" ApoResourceMin="0" ApoResourceMax="0" CombatIntensity="0" />
    <StatsAtLevel Level="8" HealthMin="200" HealthMax="200" DmgMin="250" DmgMax="275" XPMin="179" XPMax="197" CPValue="1" ApoResourceMin="0" ApoResourceMax="0" CombatIntensity="0" />
    <StatsAtLevel Level="9" HealthMin="200" HealthMax="200" DmgMin="282" DmgMax="310" XPMin="201" XPMax="221" CPValue="1" ApoResourceMin="0" ApoResourceMax="0" CombatIntensity="0" />
    <StatsAtLevel Level="10" HealthMin="1003" HealthMax="1103" DmgMin="314" DmgMax="345" XPMin="223" XPMax="245" CPValue="1" ApoResourceMin="0" ApoResourceMax="0" CombatIntensity="0" />
    <StatsAtLevel Level="11" HealthMin="1094" HealthMax="1203" DmgMin="346" DmgMax="381" XPMin="245" XPMax="270" CPValue="1" ApoResourceMin="0" ApoResourceMax="0" CombatIntensity="0" />
    <StatsAtLevel Level="12" HealthMin="1186" HealthMax="1305" DmgMin="379" DmgMax="417" XPMin="268" XPMax="295" CPValue="1" ApoResourceMin="0" ApoResourceMax="0" CombatIntensity="0" />
    <StatsAtLevel Level="13" HealthMin="1278" HealthMax="1406" DmgMin="412" DmgMax="453" XPMin="291" XPMax="320" CPValue="1" ApoResourceMin="0" ApoResourceMax="0" CombatIntensity="0" />
    <StatsAtLevel Level="14" HealthMin="1370" HealthMax="1507" DmgMin="445" DmgMax="490" XPMin="314" XPMax="345" CPValue="1" ApoResourceMin="0" ApoResourceMax="0" CombatIntensity="0" />
    <StatsAtLevel Level="15" HealthMin="1463" HealthMax="1609" DmgMin="479" DmgMax="527" XPMin="338" XPMax="372" CPValue="1" ApoResourceMin="0" ApoResourceMax="0" CombatIntensity="0" />
    <StatsAtLevel Level="16" HealthMin="1556" HealthMax="1712" DmgMin="513" DmgMax="564" XPMin="362" XPMax="398" CPValue="1" ApoResourceMin="0" ApoResourceMax="0" CombatIntensity="0" />
    <StatsAtLevel Level="17" HealthMin="1650" HealthMax="1815" DmgMin="548" DmgMax="603" XPMin="387" XPMax="426" CPValue="1" ApoResourceMin="0" ApoResourceMax="0" CombatIntensity="0" />
    <StatsAtLevel Level="18" HealthMin="1745" HealthMax="1920" DmgMin="584" DmgMax="642" XPMin="413" XPMax="454" CPValue="1" ApoResourceMin="0" ApoResourceMax="0" CombatIntensity="0" />
    <StatsAtLevel Level="19" HealthMin="1840" HealthMax="2024" DmgMin="620" DmgMax="682" XPMin="439" XPMax="483" CPValue="1" ApoResourceMin="0" ApoResourceMax="0" CombatIntensity="0" />
    <StatsAtLevel Level="20" HealthMin="1936" HealthMax="2130" DmgMin="657" DmgMax="723" XPMin="466" XPMax="513" CPValue="1" ApoResourceMin="0" ApoResourceMax="0" CombatIntensity="0" />
    <StatsAtLevel Level="21" HealthMin="2032" HealthMax="2235" DmgMin="694" DmgMax="763" XPMin="493" XPMax="542" CPValue="1" ApoResourceMin="0" ApoResourceMax="0" CombatIntensity="0" />
    <StatsAtLevel Level="22" HealthMin="2130" HealthMax="2343" DmgMin="733" DmgMax="806" XPMin="522" XPMax="574" CPValue="1" ApoResourceMin="0" ApoResourceMax="0" CombatIntensity="0" />
    <StatsAtLevel Level="23" HealthMin="2228" HealthMax="2451" DmgMin="772" DmgMax="849" XPMin="551" XPMax="606" CPValue="1" ApoResourceMin="0" ApoResourceMax="0" CombatIntensity="0" />
    <StatsAtLevel Level="24" HealthMin="2328" HealthMax="2561" DmgMin="813" DmgMax="894" XPMin="582" XPMax="640" CPValue="1" ApoResourceMin="0" ApoResourceMax="0" CombatIntensity="0" />
    <StatsAtLevel Level="25" HealthMin="2428" HealthMax="2671" DmgMin="854" DmgMax="939" XPMin="613" XPMax="674" CPValue="1" ApoResourceMin="0" ApoResourceMax="0" CombatIntensity="0" />
    <StatsAtLevel Level="26" HealthMin="2530" HealthMax="2783" DmgMin="897" DmgMax="987" XPMin="646" XPMax="711" CPValue="1" ApoResourceMin="0" ApoResourceMax="0" CombatIntensity="0" />
    <StatsAtLevel Level="27" HealthMin="2632" HealthMax="2895" DmgMin="940" DmgMax="1034" XPMin="679" XPMax="747" CPValue="1" ApoResourceMin="0" ApoResourceMax="0" CombatIntensity="0" />
    <StatsAtLevel Level="28" HealthMin="2736" HealthMax="3010" DmgMin="985" DmgMax="1084" XPMin="714" XPMax="785" CPValue="1" ApoResourceMin="0" ApoResourceMax="0" CombatIntensity="0" />
    <StatsAtLevel Level="29" HealthMin="2841" HealthMax="3125" DmgMin="1031" DmgMax="1134" XPMin="750" XPMax="825" CPValue="1" ApoResourceMin="0" ApoResourceMax="0" CombatIntensity="0" />
    <StatsAtLevel Level="30" HealthMin="2948" HealthMax="3243" DmgMin="1079" DmgMax="1187" XPMin="788" XPMax="867" CPValue="1" ApoResourceMin="0" ApoResourceMax="0" CombatIntensity="0" />
    <StatsAtLevel Level="31" HealthMin="3056" HealthMax="3362" DmgMin="1128" DmgMax="1241" XPMin="827" XPMax="910" CPValue="1" ApoResourceMin="0" ApoResourceMax="0" CombatIntensity="0" />
    <StatsAtLevel Level="32" HealthMin="3165" HealthMax="3482" DmgMin="1178" DmgMax="1296" XPMin="867" XPMax="954" CPValue="1" ApoResourceMin="0" ApoResourceMax="0" CombatIntensity="0" />
    <StatsAtLevel Level="33" HealthMin="3276" HealthMax="3604" DmgMin="1230" DmgMax="1353" XPMin="909" XPMax="1000" CPValue="1" ApoResourceMin="0" ApoResourceMax="0" CombatIntensity="0" />
    <StatsAtLevel Level="34" HealthMin="3389" HealthMax="3728" DmgMin="1284" DmgMax="1412" XPMin="953" XPMax="1048" CPValue="1" ApoResourceMin="0" ApoResourceMax="0" CombatIntensity="0" />
    <StatsAtLevel Level="35" HealthMin="3504" HealthMax="3854" DmgMin="1340" DmgMax="1474" XPMin="999" XPMax="1099" CPValue="1" ApoResourceMin="0" ApoResourceMax="0" CombatIntensity="0" />
    <StatsAtLevel Level="36" HealthMin="3620" HealthMax="3982" DmgMin="1397" DmgMax="1537" XPMin="1046" XPMax="1151" CPValue="1" ApoResourceMin="0" ApoResourceMax="0" CombatIntensity="0" />
    <StatsAtLevel Level="37" HealthMin="3738" HealthMax="4112" DmgMin="1456" DmgMax="1602" XPMin="1095" XPMax="1205" CPValue="1" ApoResourceMin="0" ApoResourceMax="0" CombatIntensity="0" />
    <StatsAtLevel Level="38" HealthMin="3858" HealthMax="4244" DmgMin="1517" DmgMax="1669" XPMin="1146" XPMax="1261" CPValue="1" ApoResourceMin="0" ApoResourceMax="0" CombatIntensity="0" />
    <StatsAtLevel Level="39" HealthMin="3980" HealthMax="4378" DmgMin="1580" DmgMax="1738" XPMin="1199" XPMax="1319" CPValue="1" ApoResourceMin="0" ApoResourceMax="0" CombatIntensity="0" />
    <StatsAtLevel Level="40" HealthMin="4105" HealthMax="4516" DmgMin="1646" DmgMax="1811" XPMin="1255" XPMax="1381" CPValue="1" ApoResourceMin="0" ApoResourceMax="0" CombatIntensity="0" />
    <StatsAtLevel Level="41" HealthMin="4231" HealthMax="4654" DmgMin="1713" DmgMax="1884" XPMin="1312" XPMax="1443" CPValue="1" ApoResourceMin="0" ApoResourceMax="0" CombatIntensity="0" />
    <StatsAtLevel Level="42" HealthMin="4360" HealthMax="4796" DmgMin="1783" DmgMax="1961" XPMin="1372" XPMax="1509" CPValue="1" ApoResourceMin="0" ApoResourceMax="0" CombatIntensity="0" />
    <StatsAtLevel Level="43" HealthMin="4491" HealthMax="4940" DmgMin="1855" DmgMax="2041" XPMin="1434" XPMax="1577" CPValue="1" ApoResourceMin="0" ApoResourceMax="0" CombatIntensity="0" />
    <StatsAtLevel Level="44" HealthMin="4625" HealthMax="5088" DmgMin="1930" DmgMax="2123" XPMin="1499" XPMax="1649" CPValue="1" ApoResourceMin="0" ApoResourceMax="0" CombatIntensity="0" />
    <StatsAtLevel Level="45" HealthMin="4761" HealthMax="5237" DmgMin="2007" DmgMax="2208" XPMin="1566" XPMax="1723" CPValue="1" ApoResourceMin="0" ApoResourceMax="0" CombatIntensity="0" />
    <StatsAtLevel Level="46" HealthMin="4900" HealthMax="5390" DmgMin="2087" DmgMax="2296" XPMin="1636" XPMax="1800" CPValue="1" ApoResourceMin="0" ApoResourceMax="0" CombatIntensity="0" />
    <StatsAtLevel Level="47" HealthMin="5042" HealthMax="5546" DmgMin="2170" DmgMax="2387" XPMin="1709" XPMax="1880" CPValue="1" ApoResourceMin="0" ApoResourceMax="0" CombatIntensity="0" />
    <StatsAtLevel Level="48" HealthMin="5186" HealthMax="5705" DmgMin="2255" DmgMax="2481" XPMin="1784" XPMax="1962" CPValue="1" ApoResourceMin="0" ApoResourceMax="0" CombatIntensity="0" />
    <StatsAtLevel Level="49" HealthMin="5334" HealthMax="5867" DmgMin="2344" DmgMax="2578" XPMin="1863" XPMax="2049" CPValue="1" ApoResourceMin="0" ApoResourceMax="0" CombatIntensity="0" />
    <StatsAtLevel Level="50" HealthMin="5484" HealthMax="6032" DmgMin="2435" DmgMax="2679" XPMin="1944" XPMax="2138" CPValue="1" ApoResourceMin="0" ApoResourceMax="0" CombatIntensity="0" />
    <StatsAtLevel Level="51" HealthMin="5637" HealthMax="6201" DmgMin="2529" DmgMax="2782" XPMin="2028" XPMax="2231" CPValue="1" ApoResourceMin="0" ApoResourceMax="0" CombatIntensity="0" />
    <StatsAtLevel Level="52" HealthMin="5794" HealthMax="6373" DmgMin="2627" DmgMax="2890" XPMin="2116" XPMax="2328" CPValue="1" ApoResourceMin="0" ApoResourceMax="0" CombatIntensity="0" />
    <StatsAtLevel Level="53" HealthMin="5954" HealthMax="6549" DmgMin="2728" DmgMax="3001" XPMin="2207" XPMax="2428" CPValue="1" ApoResourceMin="0" ApoResourceMax="0" CombatIntensity="0" />
    <StatsAtLevel Level="54" HealthMin="6117" HealthMax="6729" DmgMin="2832" DmgMax="3115" XPMin="2301" XPMax="2531" CPValue="1" ApoResourceMin="0" ApoResourceMax="0" CombatIntensity="0" />
    <StatsAtLevel Level="55" HealthMin="6284" HealthMax="6912" DmgMin="2940" DmgMax="3234" XPMin="2399" XPMax="2639" CPValue="1" ApoResourceMin="0" ApoResourceMax="0" CombatIntensity="0" />
    <StatsAtLevel Level="56" HealthMin="6454" HealthMax="7099" DmgMin="3051" DmgMax="3356" XPMin="2500" XPMax="2750" CPValue="1" ApoResourceMin="0" ApoResourceMax="0" CombatIntensity="0" />
    <StatsAtLevel Level="57" HealthMin="6628" HealthMax="7291" DmgMin="3166" DmgMax="3483" XPMin="2605" XPMax="2866" CPValue="1" ApoResourceMin="0" ApoResourceMax="0" CombatIntensity="0" />
    <StatsAtLevel Level="58" HealthMin="6806" HealthMax="7487" DmgMin="3285" DmgMax="3614" XPMin="2714" XPMax="2985" CPValue="1" ApoResourceMin="0" ApoResourceMax="0" CombatIntensity="0" />
    <StatsAtLevel Level="59" HealthMin="6988" HealthMax="7687" DmgMin="3408" DmgMax="3749" XPMin="2827" XPMax="3110" CPValue="1" ApoResourceMin="0" ApoResourceMax="0" CombatIntensity="0" />
    <StatsAtLevel Level="60" HealthMin="7173" HealthMax="7890" DmgMin="3534" DmgMax="3887" XPMin="2943" XPMax="3237" CPValue="1" ApoResourceMin="0" ApoResourceMax="0" CombatIntensity="0" />
    <StatsAtLevel Level="61" HealthMin="7363" HealthMax="8099" DmgMin="3665" DmgMax="4032" XPMin="3064" XPMax="3370" CPValue="1" ApoResourceMin="0" ApoResourceMax="0" CombatIntensity="0" />
    <StatsAtLevel Level="62" HealthMin="7557" HealthMax="8313" DmgMin="3800" DmgMax="4180" XPMin="3189" XPMax="3508" CPValue="1" ApoResourceMin="0" ApoResourceMax="0" CombatIntensity="0" />
    <StatsAtLevel Level="63" HealthMin="7755" HealthMax="8531" DmgMin="3939" DmgMax="4333" XPMin="3318" XPMax="3650" CPValue="1" ApoResourceMin="0" ApoResourceMax="0" CombatIntensity="0" />
    <StatsAtLevel Level="64" HealthMin="7957" HealthMax="8753" DmgMin="4082" DmgMax="4490" XPMin="3451" XPMax="3796" CPValue="1" ApoResourceMin="0" ApoResourceMax="0" CombatIntensity="0" />
    <StatsAtLevel Level="65" HealthMin="8164" HealthMax="8980" DmgMin="4230" DmgMax="4653" XPMin="3589" XPMax="3948" CPValue="1" ApoResourceMin="0" ApoResourceMax="0" CombatIntensity="0" />
    <StatsAtLevel Level="66" HealthMin="8376" HealthMax="9214" DmgMin="4383" DmgMax="4821" XPMin="3732" XPMax="4105" CPValue="1" ApoResourceMin="0" ApoResourceMax="0" CombatIntensity="0" />
    <StatsAtLevel Level="67" HealthMin="8592" HealthMax="9451" DmgMin="4540" DmgMax="4994" XPMin="3879" XPMax="4267" CPValue="1" ApoResourceMin="0" ApoResourceMax="0" CombatIntensity="0" />
    <StatsAtLevel Level="68" HealthMin="8813" HealthMax="9694" DmgMin="4702" DmgMax="5172" XPMin="4031" XPMax="4434" CPValue="1" ApoResourceMin="0" ApoResourceMax="0" CombatIntensity="0" />
    <StatsAtLevel Level="69" HealthMin="9039" HealthMax="9943" DmgMin="4869" DmgMax="5356" XPMin="4188" XPMax="4607" CPValue="1" ApoResourceMin="0" ApoResourceMax="0" CombatIntensity="0" />
    <StatsAtLevel Level="70" HealthMin="9270" HealthMax="10197" DmgMin="5041" DmgMax="5545" XPMin="4350" XPMax="4785" CPValue="1" ApoResourceMin="0" ApoResourceMax="0" CombatIntensity="0" />
    <StatsAtLevel Level="71" HealthMin="9506" HealthMax="10457" DmgMin="5218" DmgMax="5740" XPMin="4517" XPMax="4969" CPValue="1" ApoResourceMin="0" ApoResourceMax="0" CombatIntensity="0" />
    <StatsAtLevel Level="72" HealthMin="9747" HealthMax="10722" DmgMin="5400" DmgMax="5940" XPMin="4689" XPMax="5158" CPValue="1" ApoResourceMin="0" ApoResourceMax="0" CombatIntensity="0" />
    <StatsAtLevel Level="73" HealthMin="9994" HealthMax="10993" DmgMin="5588" DmgMax="6147" XPMin="4867" XPMax="5354" CPValue="1" ApoResourceMin="0" ApoResourceMax="0" CombatIntensity="0" />
    <StatsAtLevel Level="74" HealthMin="10246" HealthMax="11271" DmgMin="5781" DmgMax="6359" XPMin="5050" XPMax="5555" CPValue="1" ApoResourceMin="0" ApoResourceMax="0" CombatIntensity="0" />
    <StatsAtLevel Level="75" HealthMin="10504" HealthMax="11554" DmgMin="5980" DmgMax="6578" XPMin="5239" XPMax="5763" CPValue="1" ApoResourceMin="0" ApoResourceMax="0" CombatIntensity="0" />
    <StatsAtLevel Level="76" HealthMin="10767" HealthMax="11844" DmgMin="6184" DmgMax="6802" XPMin="5433" XPMax="5976" CPValue="1" ApoResourceMin="0" ApoResourceMax="0" CombatIntensity="0" />
    <StatsAtLevel Level="77" HealthMin="11036" HealthMax="12140" DmgMin="6394" DmgMax="7033" XPMin="5633" XPMax="6196" CPValue="1" ApoResourceMin="0" ApoResourceMax="0" CombatIntensity="0" />
    <StatsAtLevel Level="78" HealthMin="11311" HealthMax="12442" DmgMin="6610" DmgMax="7271" XPMin="5839" XPMax="6423" CPValue="1" ApoResourceMin="0" ApoResourceMax="0" CombatIntensity="0" />
    <StatsAtLevel Level="79" HealthMin="11592" HealthMax="12751" DmgMin="6832" DmgMax="7515" XPMin="6051" XPMax="6656" CPValue="1" ApoResourceMin="0" ApoResourceMax="0" CombatIntensity="0" />
    <StatsAtLevel Level="80" HealthMin="11879" HealthMax="13067" DmgMin="7060" DmgMax="7766" XPMin="6269" XPMax="6896" CPValue="1" ApoResourceMin="0" ApoResourceMax="0" CombatIntensity="0" />
    <StatsAtLevel Level="81" HealthMin="12173" HealthMax="13390" DmgMin="7295" DmgMax="8025" XPMin="6494" XPMax="7143" CPValue="1" ApoResourceMin="0" ApoResourceMax="0" CombatIntensity="0" />
    <StatsAtLevel Level="82" HealthMin="12473" HealthMax="13720" DmgMin="7536" DmgMax="8290" XPMin="6725" XPMax="7398" CPValue="1" ApoResourceMin="0" ApoResourceMax="0" CombatIntensity="0" />
    <StatsAtLevel Level="83" HealthMin="12779" HealthMax="14057" DmgMin="7783" DmgMax="8561" XPMin="6962" XPMax="7658" CPValue="1" ApoResourceMin="0" ApoResourceMax="0" CombatIntensity="0" />
    <StatsAtLevel Level="84" HealthMin="13092" HealthMax="14401" DmgMin="8037" DmgMax="8841" XPMin="7206" XPMax="7927" CPValue="1" ApoResourceMin="0" ApoResourceMax="0" CombatIntensity="0" />
    <StatsAtLevel Level="85" HealthMin="13412" HealthMax="14753" DmgMin="8298" DmgMax="9128" XPMin="7457" XPMax="8203" CPValue="1" ApoResourceMin="0" ApoResourceMax="0" CombatIntensity="0" />
    <StatsAtLevel Level="86" HealthMin="13739" HealthMax="15113" DmgMin="8566" DmgMax="9423" XPMin="7715" XPMax="8487" CPValue="1" ApoResourceMin="0" ApoResourceMax="0" CombatIntensity="0" />
    <StatsAtLevel Level="87" HealthMin="14072" HealthMax="15479" DmgMin="8840" DmgMax="9724" XPMin="7979" XPMax="8777" CPValue="1" ApoResourceMin="0" ApoResourceMax="0" CombatIntensity="0" />
    <StatsAtLevel Level="88" HealthMin="14413" HealthMax="15854" DmgMin="9122" DmgMax="10034" XPMin="8251" XPMax="9076" CPValue="1" ApoResourceMin="0" ApoResourceMax="0" CombatIntensity="0" />
    <StatsAtLevel Level="89" HealthMin="14761" HealthMax="16237" DmgMin="9411" DmgMax="10352" XPMin="8530" XPMax="9383" CPValue="1" ApoResourceMin="0" ApoResourceMax="0" CombatIntensity="0" />
    <StatsAtLevel Level="90" HealthMin="15116" HealthMax="16628" DmgMin="9707" DmgMax="10678" XPMin="8816" XPMax="9698" CPValue="1" ApoResourceMin="0" ApoResourceMax="0" CombatIntensity="0" />
    <StatsAtLevel Level="91" HealthMin="15479" HealthMax="17027" DmgMin="10011" DmgMax="11012" XPMin="9110" XPMax="10021" CPValue="1" ApoResourceMin="0" ApoResourceMax="0" CombatIntensity="0" />
    <StatsAtLevel Level="92" HealthMin="15849" HealthMax="17434" DmgMin="10322" DmgMax="11354" XPMin="9411" XPMax="10352" CPValue="1" ApoResourceMin="0" ApoResourceMax="0" CombatIntensity="0" />
    <StatsAtLevel Level="93" HealthMin="16227" HealthMax="17850" DmgMin="10641" DmgMax="11705" XPMin="9720" XPMax="10692" CPValue="1" ApoResourceMin="0" ApoResourceMax="0" CombatIntensity="0" />
    <StatsAtLevel Level="94" HealthMin="16613" HealthMax="18274" DmgMin="10968" DmgMax="12065" XPMin="10037" XPMax="11041" CPValue="1" ApoResourceMin="0" ApoResourceMax="0" CombatIntensity="0" />
    <StatsAtLevel Level="95" HealthMin="17007" HealthMax="18708" DmgMin="11303" DmgMax="12433" XPMin="10362" XPMax="11398" CPValue="1" ApoResourceMin="0" ApoResourceMax="0" CombatIntensity="0" />
    <StatsAtLevel Level="96" HealthMin="17409" HealthMax="19150" DmgMin="11646" DmgMax="12811" XPMin="10695" XPMax="11765" CPValue="1" ApoResourceMin="0" ApoResourceMax="0" CombatIntensity="0" />
    <StatsAtLevel Level="97" HealthMin="17819" HealthMax="19601" DmgMin="11997" DmgMax="13197" XPMin="11036" XPMax="12140" CPValue="1" ApoResourceMin="0" ApoResourceMax="0" CombatIntensity="0" />
    <StatsAtLevel Level="98" HealthMin="18237" HealthMax="20061" DmgMin="12356" DmgMax="13592" XPMin="11385" XPMax="12524" CPValue="1" ApoResourceMin="0" ApoResourceMax="0" CombatIntensity="0" />
    <StatsAtLevel Level="99" HealthMin="18664" HealthMax="20530" DmgMin="12724" DmgMax="13996" XPMin="11743" XPMax="12917" CPValue="1" ApoResourceMin="0" ApoResourceMax="0" CombatIntensity="0" />
    <StatsAtLevel Level="100" HealthMin="19100" HealthMax="21010" DmgMin="13101" DmgMax="14411" XPMin="12110" XPMax="13321" CPValue="1" ApoResourceMin="0" ApoResourceMax="0" CombatIntensity="0" />
    <StatsAtLevel Level="101" HealthMin="19544" HealthMax="21498" DmgMin="13486" DmgMax="14835" XPMin="12485" XPMax="13734" CPValue="1" ApoResourceMin="0" ApoResourceMax="0" CombatIntensity="0" />
    <StatsAtLevel Level="102" HealthMin="19998" HealthMax="21998" DmgMin="13881" DmgMax="15269" XPMin="12870" XPMax="14157" CPValue="1" ApoResourceMin="0" ApoResourceMax="0" CombatIntensity="0" />
    <StatsAtLevel Level="103" HealthMin="20460" HealthMax="22506" DmgMin="14284" DmgMax="15712" XPMin="13263" XPMax="14589" CPValue="1" ApoResourceMin="0" ApoResourceMax="0" CombatIntensity="0" />
    <StatsAtLevel Level="104" HealthMin="20931" HealthMax="23024" DmgMin="14696" DmgMax="16166" XPMin="13665" XPMax="15032" CPValue="1" ApoResourceMin="0" ApoResourceMax="0" CombatIntensity="0" />
    <StatsAtLevel Level="105" HealthMin="21412" HealthMax="23553" DmgMin="15118" DmgMax="16630" XPMin="14077" XPMax="15485" CPValue="1" ApoResourceMin="0" ApoResourceMax="0" CombatIntensity="0" />
    <StatsAtLevel Level="106" HealthMin="21902" HealthMax="24092" DmgMin="15549" DmgMax="17104" XPMin="14498" XPMax="15948" CPValue="1" ApoResourceMin="0" ApoResourceMax="0" CombatIntensity="0" />
    <StatsAtLevel Level="107" HealthMin="22402" HealthMax="24642" DmgMin="15990" DmgMax="17589" XPMin="14929" XPMax="16422" CPValue="1" ApoResourceMin="0" ApoResourceMax="0" CombatIntensity="0" />
    <StatsAtLevel Level="108" HealthMin="22911" HealthMax="25202" DmgMin="16440" DmgMax="18084" XPMin="15369" XPMax="16906" CPValue="1" ApoResourceMin="0" ApoResourceMax="0" CombatIntensity="0" />
    <StatsAtLevel Level="109" HealthMin="23430" HealthMax="25773" DmgMin="16900" DmgMax="18590" XPMin="15819" XPMax="17401" CPValue="1" ApoResourceMin="0" ApoResourceMax="0" CombatIntensity="0" />
    <StatsAtLevel Level="110" HealthMin="23960" HealthMax="26356" DmgMin="17371" DmgMax="19108" XPMin="16280" XPMax="17908" CPValue="1" ApoResourceMin="0" ApoResourceMax="0" CombatIntensity="0" />
    <StatsAtLevel Level="111" HealthMin="24499" HealthMax="26949" DmgMin="17851" DmgMax="19636" XPMin="16750" XPMax="18425" CPValue="1" ApoResourceMin="0" ApoResourceMax="0" CombatIntensity="0" />
    <StatsAtLevel Level="112" HealthMin="25048" HealthMax="27553" DmgMin="18341" DmgMax="20175" XPMin="17230" XPMax="18953" CPValue="1" ApoResourceMin="0" ApoResourceMax="0" CombatIntensity="0" />
    <StatsAtLevel Level="113" HealthMin="25608" HealthMax="28169" DmgMin="18842" DmgMax="20726" XPMin="17721" XPMax="19493" CPValue="1" ApoResourceMin="0" ApoResourceMax="0" CombatIntensity="0" />
    <StatsAtLevel Level="114" HealthMin="26179" HealthMax="28797" DmgMin="19354" DmgMax="21289" XPMin="18223" XPMax="20045" CPValue="1" ApoResourceMin="0" ApoResourceMax="0" CombatIntensity="0" />
    <StatsAtLevel Level="115" HealthMin="26760" HealthMax="29436" DmgMin="19876" DmgMax="21864" XPMin="18735" XPMax="20609" CPValue="1" ApoResourceMin="0" ApoResourceMax="0" CombatIntensity="0" />
    <StatsAtLevel Level="116" HealthMin="27351" HealthMax="30086" DmgMin="20408" DmgMax="22449" XPMin="19257" XPMax="21183" CPValue="1" ApoResourceMin="0" ApoResourceMax="0" CombatIntensity="0" />
    <StatsAtLevel Level="117" HealthMin="27954" HealthMax="30749" DmgMin="20952" DmgMax="23047" XPMin="19791" XPMax="21770" CPValue="1" ApoResourceMin="0" ApoResourceMax="0" CombatIntensity="0" />
    <StatsAtLevel Level="118" HealthMin="28568" HealthMax="31425" DmgMin="21507" DmgMax="23658" XPMin="20336" XPMax="22370" CPValue="1" ApoResourceMin="0" ApoResourceMax="0" CombatIntensity="0" />
    <StatsAtLevel Level="119" HealthMin="29193" HealthMax="32112" DmgMin="22073" DmgMax="24280" XPMin="20892" XPMax="22981" CPValue="1" ApoResourceMin="0" ApoResourceMax="0" CombatIntensity="0" />
    <StatsAtLevel Level="120" HealthMin="29829" HealthMax="32812" DmgMin="22650" DmgMax="24915" XPMin="21459" XPMax="23605" CPValue="1" ApoResourceMin="0" ApoResourceMax="0" CombatIntensity="0" />
  </Archetype>
</MetaData>