<MetaData>
  <Archetype Name="archetype_trash_strong" PotionChargeOnKill="1">
    <StatsAtLevel Level="1" HealthMin="17" HealthMax="20" DmgMin="14" DmgMax="17" XPMin="6" XPMax="7" CPValue="4" ApoResourceMin="0" ApoResourceMax="0" CombatIntensity="0" />
    <StatsAtLevel Level="2" HealthMin="20" HealthMax="24" DmgMin="28" DmgMax="35" XPMin="10" XPMax="12" CPValue="4" ApoResourceMin="0" ApoResourceMax="0" CombatIntensity="0" />
    <StatsAtLevel Level="3" HealthMin="22" HealthMax="28" DmgMin="57" DmgMax="69" XPMin="15" XPMax="19" CPValue="4" ApoResourceMin="0" ApoResourceMax="0" CombatIntensity="0" />
    <StatsAtLevel Level="4" HealthMin="25" HealthMax="31" DmgMin="85" DmgMax="104" XPMin="20" XPMax="24" CPValue="4" ApoResourceMin="0" ApoResourceMax="0" CombatIntensity="0" />
    <StatsAtLevel Level="5" HealthMin="28" HealthMax="34" DmgMin="113" DmgMax="139" XPMin="25" XPMax="31" CPValue="4" ApoResourceMin="0" ApoResourceMax="0" CombatIntensity="0" />
    <StatsAtLevel Level="6" HealthMin="31" HealthMax="36" DmgMin="142" DmgMax="173" XPMin="30" XPMax="36" CPValue="4" ApoResourceMin="0" ApoResourceMax="0" CombatIntensity="0" />
    <StatsAtLevel Level="7" HealthMin="34" HealthMax="42" DmgMin="170" DmgMax="208" XPMin="35" XPMax="43" CPValue="4" ApoResourceMin="0" ApoResourceMax="0" CombatIntensity="0" />
    <StatsAtLevel Level="8" HealthMin="38" HealthMax="46" DmgMin="198" DmgMax="243" XPMin="40" XPMax="48" CPValue="4" ApoResourceMin="0" ApoResourceMax="0" CombatIntensity="0" />
    <StatsAtLevel Level="9" HealthMin="41" HealthMax="49" DmgMin="227" DmgMax="277" XPMin="45" XPMax="55" CPValue="4" ApoResourceMin="0" ApoResourceMax="0" CombatIntensity="0" />
    <StatsAtLevel Level="10" HealthMin="45" HealthMax="55" DmgMin="255" DmgMax="312" XPMin="50" XPMax="61" CPValue="4" ApoResourceMin="0" ApoResourceMax="0" CombatIntensity="0" />
    <StatsAtLevel Level="11" HealthMin="48" HealthMax="59" DmgMin="284" DmgMax="347" XPMin="55" XPMax="67" CPValue="4" ApoResourceMin="0" ApoResourceMax="0" CombatIntensity="0" />
    <StatsAtLevel Level="12" HealthMin="52" HealthMax="63" DmgMin="312" DmgMax="381" XPMin="59" XPMax="73" CPValue="4" ApoResourceMin="0" ApoResourceMax="0" CombatIntensity="0" />
    <StatsAtLevel Level="13" HealthMin="56" HealthMax="67" DmgMin="340" DmgMax="416" XPMin="65" XPMax="79" CPValue="4" ApoResourceMin="0" ApoResourceMax="0" CombatIntensity="0" />
    <StatsAtLevel Level="14" HealthMin="60" HealthMax="74" DmgMin="369" DmgMax="450" XPMin="69" XPMax="85" CPValue="4" ApoResourceMin="0" ApoResourceMax="0" CombatIntensity="0" />
    <StatsAtLevel Level="15" HealthMin="66" HealthMax="80" DmgMin="397" DmgMax="485" XPMin="75" XPMax="91" CPValue="4" ApoResourceMin="0" ApoResourceMax="0" CombatIntensity="0" />
    <StatsAtLevel Level="16" HealthMin="70" HealthMax="85" DmgMin="425" DmgMax="520" XPMin="79" XPMax="97" CPValue="4" ApoResourceMin="0" ApoResourceMax="0" CombatIntensity="0" />
    <StatsAtLevel Level="17" HealthMin="70" HealthMax="85" DmgMin="454" DmgMax="554" XPMin="85" XPMax="103" CPValue="4" ApoResourceMin="0" ApoResourceMax="0" CombatIntensity="0" />
    <StatsAtLevel Level="18" HealthMin="76" HealthMax="92" DmgMin="482" DmgMax="589" XPMin="89" XPMax="109" CPValue="4" ApoResourceMin="0" ApoResourceMax="0" CombatIntensity="0" />
    <StatsAtLevel Level="19" HealthMin="81" HealthMax="98" DmgMin="510" DmgMax="624" XPMin="95" XPMax="116" CPValue="4" ApoResourceMin="0" ApoResourceMax="0" CombatIntensity="0" />
    <StatsAtLevel Level="20" HealthMin="87" HealthMax="106" DmgMin="539" DmgMax="658" XPMin="99" XPMax="121" CPValue="4" ApoResourceMin="0" ApoResourceMax="0" CombatIntensity="0" />
    <StatsAtLevel Level="21" HealthMin="91" HealthMax="111" DmgMin="567" DmgMax="693" XPMin="105" XPMax="128" CPValue="4" ApoResourceMin="0" ApoResourceMax="0" CombatIntensity="0" />
    <StatsAtLevel Level="22" HealthMin="95" HealthMax="116" DmgMin="595" DmgMax="728" XPMin="109" XPMax="133" CPValue="4" ApoResourceMin="0" ApoResourceMax="0" CombatIntensity="0" />
    <StatsAtLevel Level="23" HealthMin="98" HealthMax="120" DmgMin="624" DmgMax="762" XPMin="114" XPMax="140" CPValue="4" ApoResourceMin="0" ApoResourceMax="0" CombatIntensity="0" />
    <StatsAtLevel Level="24" HealthMin="101" HealthMax="123" DmgMin="652" DmgMax="797" XPMin="119" XPMax="145" CPValue="4" ApoResourceMin="0" ApoResourceMax="0" CombatIntensity="0" />
    <StatsAtLevel Level="25" HealthMin="105" HealthMax="127" DmgMin="680" DmgMax="832" XPMin="124" XPMax="152" CPValue="4" ApoResourceMin="0" ApoResourceMax="0" CombatIntensity="0" />
    <StatsAtLevel Level="26" HealthMin="108" HealthMax="133" DmgMin="709" DmgMax="866" XPMin="129" XPMax="157" CPValue="4" ApoResourceMin="0" ApoResourceMax="0" CombatIntensity="0" />
    <StatsAtLevel Level="27" HealthMin="111" HealthMax="136" DmgMin="737" DmgMax="901" XPMin="134" XPMax="164" CPValue="4" ApoResourceMin="0" ApoResourceMax="0" CombatIntensity="0" />
    <StatsAtLevel Level="28" HealthMin="115" HealthMax="140" DmgMin="765" DmgMax="936" XPMin="139" XPMax="169" CPValue="4" ApoResourceMin="0" ApoResourceMax="0" CombatIntensity="0" />
    <StatsAtLevel Level="29" HealthMin="119" HealthMax="144" DmgMin="794" DmgMax="970" XPMin="144" XPMax="176" CPValue="4" ApoResourceMin="0" ApoResourceMax="0" CombatIntensity="0" />
    <StatsAtLevel Level="30" HealthMin="122" HealthMax="150" DmgMin="822" DmgMax="1005" XPMin="149" XPMax="182" CPValue="4" ApoResourceMin="0" ApoResourceMax="0" CombatIntensity="0" />
    <StatsAtLevel Level="31" HealthMin="125" HealthMax="153" DmgMin="851" DmgMax="1040" XPMin="154" XPMax="188" CPValue="4" ApoResourceMin="0" ApoResourceMax="0" CombatIntensity="0" />
    <StatsAtLevel Level="32" HealthMin="129" HealthMax="157" DmgMin="879" DmgMax="1074" XPMin="158" XPMax="194" CPValue="4" ApoResourceMin="0" ApoResourceMax="0" CombatIntensity="0" />
    <StatsAtLevel Level="33" HealthMin="133" HealthMax="162" DmgMin="907" DmgMax="1109" XPMin="164" XPMax="200" CPValue="4" ApoResourceMin="0" ApoResourceMax="0" CombatIntensity="0" />
    <StatsAtLevel Level="34" HealthMin="134" HealthMax="165" DmgMin="936" DmgMax="1143" XPMin="168" XPMax="206" CPValue="4" ApoResourceMin="0" ApoResourceMax="0" CombatIntensity="0" />
    <StatsAtLevel Level="35" HealthMin="139" HealthMax="169" DmgMin="964" DmgMax="1178" XPMin="174" XPMax="212" CPValue="4" ApoResourceMin="0" ApoResourceMax="0" CombatIntensity="0" />
    <StatsAtLevel Level="36" HealthMin="143" HealthMax="174" DmgMin="992" DmgMax="1213" XPMin="178" XPMax="218" CPValue="4" ApoResourceMin="0" ApoResourceMax="0" CombatIntensity="0" />
    <StatsAtLevel Level="37" HealthMin="146" HealthMax="179" DmgMin="1021" DmgMax="1247" XPMin="184" XPMax="224" CPValue="4" ApoResourceMin="0" ApoResourceMax="0" CombatIntensity="0" />
    <StatsAtLevel Level="38" HealthMin="148" HealthMax="182" DmgMin="1049" DmgMax="1282" XPMin="188" XPMax="230" CPValue="4" ApoResourceMin="0" ApoResourceMax="0" CombatIntensity="0" />
    <StatsAtLevel Level="39" HealthMin="153" HealthMax="186" DmgMin="1077" DmgMax="1317" XPMin="194" XPMax="237" CPValue="4" ApoResourceMin="0" ApoResourceMax="0" CombatIntensity="0" />
    <StatsAtLevel Level="40" HealthMin="157" HealthMax="190" DmgMin="1106" DmgMax="1351" XPMin="198" XPMax="242" CPValue="4" ApoResourceMin="0" ApoResourceMax="0" CombatIntensity="0" />
    <StatsAtLevel Level="41" HealthMin="158" HealthMax="195" DmgMin="1134" DmgMax="1386" XPMin="204" XPMax="249" CPValue="4" ApoResourceMin="0" ApoResourceMax="0" CombatIntensity="0" />
    <StatsAtLevel Level="42" HealthMin="162" HealthMax="199" DmgMin="1162" DmgMax="1421" XPMin="208" XPMax="254" CPValue="4" ApoResourceMin="0" ApoResourceMax="0" CombatIntensity="0" />
    <StatsAtLevel Level="43" HealthMin="167" HealthMax="203" DmgMin="1191" DmgMax="1455" XPMin="213" XPMax="261" CPValue="4" ApoResourceMin="0" ApoResourceMax="0" CombatIntensity="0" />
    <StatsAtLevel Level="44" HealthMin="171" HealthMax="209" DmgMin="1219" DmgMax="1490" XPMin="218" XPMax="266" CPValue="4" ApoResourceMin="0" ApoResourceMax="0" CombatIntensity="0" />
    <StatsAtLevel Level="45" HealthMin="172" HealthMax="211" DmgMin="1247" DmgMax="1525" XPMin="223" XPMax="273" CPValue="4" ApoResourceMin="0" ApoResourceMax="0" CombatIntensity="0" />
    <StatsAtLevel Level="46" HealthMin="176" HealthMax="216" DmgMin="1276" DmgMax="1559" XPMin="228" XPMax="278" CPValue="4" ApoResourceMin="0" ApoResourceMax="0" CombatIntensity="0" />
    <StatsAtLevel Level="47" HealthMin="181" HealthMax="220" DmgMin="1304" DmgMax="1594" XPMin="233" XPMax="285" CPValue="4" ApoResourceMin="0" ApoResourceMax="0" CombatIntensity="0" />
    <StatsAtLevel Level="48" HealthMin="183" HealthMax="225" DmgMin="1332" DmgMax="1629" XPMin="238" XPMax="290" CPValue="4" ApoResourceMin="0" ApoResourceMax="0" CombatIntensity="0" />
    <StatsAtLevel Level="49" HealthMin="186" HealthMax="228" DmgMin="1361" DmgMax="1663" XPMin="243" XPMax="297" CPValue="4" ApoResourceMin="0" ApoResourceMax="0" CombatIntensity="0" />
    <StatsAtLevel Level="50" HealthMin="190" HealthMax="232" DmgMin="1389" DmgMax="1698" XPMin="248" XPMax="303" CPValue="4" ApoResourceMin="0" ApoResourceMax="0" CombatIntensity="0" />
    <StatsAtLevel Level="51" HealthMin="195" HealthMax="237" DmgMin="1418" DmgMax="1733" XPMin="253" XPMax="309" CPValue="4" ApoResourceMin="0" ApoResourceMax="0" CombatIntensity="0" />
    <StatsAtLevel Level="52" HealthMin="196" HealthMax="241" DmgMin="1446" DmgMax="1767" XPMin="257" XPMax="315" CPValue="4" ApoResourceMin="0" ApoResourceMax="0" CombatIntensity="0" />
    <StatsAtLevel Level="53" HealthMin="200" HealthMax="245" DmgMin="1474" DmgMax="1802" XPMin="263" XPMax="321" CPValue="4" ApoResourceMin="0" ApoResourceMax="0" CombatIntensity="0" />
    <StatsAtLevel Level="54" HealthMin="204" HealthMax="249" DmgMin="1503" DmgMax="1836" XPMin="267" XPMax="327" CPValue="4" ApoResourceMin="0" ApoResourceMax="0" CombatIntensity="0" />
    <StatsAtLevel Level="55" HealthMin="209" HealthMax="255" DmgMin="1531" DmgMax="1871" XPMin="273" XPMax="333" CPValue="4" ApoResourceMin="0" ApoResourceMax="0" CombatIntensity="0" />
    <StatsAtLevel Level="56" HealthMin="210" HealthMax="258" DmgMin="1559" DmgMax="1906" XPMin="277" XPMax="339" CPValue="4" ApoResourceMin="0" ApoResourceMax="0" CombatIntensity="0" />
    <StatsAtLevel Level="57" HealthMin="210" HealthMax="258" DmgMin="1559" DmgMax="1906" XPMin="277" XPMax="339" CPValue="4" ApoResourceMin="0" ApoResourceMax="0" CombatIntensity="0" />
    <StatsAtLevel Level="58" HealthMin="214" HealthMax="262" DmgMin="1588" DmgMax="1940" XPMin="283" XPMax="345" CPValue="4" ApoResourceMin="0" ApoResourceMax="0" CombatIntensity="0" />
    <StatsAtLevel Level="59" HealthMin="218" HealthMax="266" DmgMin="1616" DmgMax="1975" XPMin="287" XPMax="351" CPValue="4" ApoResourceMin="0" ApoResourceMax="0" CombatIntensity="0" />
    <StatsAtLevel Level="60" HealthMin="221" HealthMax="270" DmgMin="1635" DmgMax="1998" XPMin="293" XPMax="358" CPValue="4" ApoResourceMin="0" ApoResourceMax="0" CombatIntensity="0" />
  </Archetype>
</MetaData>