<MetaData>
  <Archetype Name="SkullCrusher">
    <StatsAtLevel Level="1" HealthMin="136" HealthMax="160" DmgMin="17" DmgMax="21" XPMin="27" XPMax="33" CPValue="1" ApoResourceMin="0" ApoResourceMax="0" CombatIntensity="0" />
    <StatsAtLevel Level="2" HealthMin="160" HealthMax="192" DmgMin="35" DmgMax="43" XPMin="45" XPMax="54" CPValue="1" ApoResourceMin="0" ApoResourceMax="0" CombatIntensity="0" />
    <StatsAtLevel Level="3" HealthMin="176" HealthMax="224" DmgMin="71" DmgMax="86" XPMin="69" XPMax="87" CPValue="1" ApoResourceMin="0" ApoResourceMax="0" CombatIntensity="0" />
    <StatsAtLevel Level="4" HealthMin="200" HealthMax="248" DmgMin="105" DmgMax="129" XPMin="90" XPMax="108" CPValue="1" ApoResourceMin="0" ApoResourceMax="0" CombatIntensity="0" />
    <StatsAtLevel Level="5" HealthMin="224" HealthMax="272" DmgMin="140" DmgMax="172" XPMin="114" XPMax="141" CPValue="1" ApoResourceMin="0" ApoResourceMax="0" CombatIntensity="0" />
    <StatsAtLevel Level="6" HealthMin="248" HealthMax="288" DmgMin="176" DmgMax="215" XPMin="135" XPMax="162" CPValue="1" ApoResourceMin="0" ApoResourceMax="0" CombatIntensity="0" />
    <StatsAtLevel Level="7" HealthMin="272" HealthMax="336" DmgMin="211" DmgMax="258" XPMin="159" XPMax="195" CPValue="1" ApoResourceMin="0" ApoResourceMax="0" CombatIntensity="0" />
    <StatsAtLevel Level="8" HealthMin="304" HealthMax="368" DmgMin="246" DmgMax="301" XPMin="180" XPMax="216" CPValue="1" ApoResourceMin="0" ApoResourceMax="0" CombatIntensity="0" />
    <StatsAtLevel Level="9" HealthMin="328" HealthMax="392" DmgMin="281" DmgMax="343" XPMin="204" XPMax="249" CPValue="1" ApoResourceMin="0" ApoResourceMax="0" CombatIntensity="0" />
    <StatsAtLevel Level="10" HealthMin="360" HealthMax="440" DmgMin="316" DmgMax="387" XPMin="225" XPMax="276" CPValue="1" ApoResourceMin="0" ApoResourceMax="0" CombatIntensity="0" />
    <StatsAtLevel Level="11" HealthMin="384" HealthMax="472" DmgMin="352" DmgMax="430" XPMin="249" XPMax="303" CPValue="1" ApoResourceMin="0" ApoResourceMax="0" CombatIntensity="0" />
    <StatsAtLevel Level="12" HealthMin="416" HealthMax="504" DmgMin="387" DmgMax="472" XPMin="267" XPMax="330" CPValue="1" ApoResourceMin="0" ApoResourceMax="0" CombatIntensity="0" />
    <StatsAtLevel Level="13" HealthMin="448" HealthMax="536" DmgMin="422" DmgMax="516" XPMin="294" XPMax="357" CPValue="1" ApoResourceMin="0" ApoResourceMax="0" CombatIntensity="0" />
    <StatsAtLevel Level="14" HealthMin="480" HealthMax="592" DmgMin="458" DmgMax="558" XPMin="312" XPMax="384" CPValue="1" ApoResourceMin="0" ApoResourceMax="0" CombatIntensity="0" />
    <StatsAtLevel Level="15" HealthMin="528" HealthMax="640" DmgMin="492" DmgMax="601" XPMin="339" XPMax="411" CPValue="1" ApoResourceMin="0" ApoResourceMax="0" CombatIntensity="0" />
    <StatsAtLevel Level="16" HealthMin="560" HealthMax="680" DmgMin="527" DmgMax="645" XPMin="357" XPMax="438" CPValue="1" ApoResourceMin="0" ApoResourceMax="0" CombatIntensity="0" />
    <StatsAtLevel Level="17" HealthMin="560" HealthMax="680" DmgMin="563" DmgMax="687" XPMin="384" XPMax="465" CPValue="1" ApoResourceMin="0" ApoResourceMax="0" CombatIntensity="0" />
    <StatsAtLevel Level="18" HealthMin="608" HealthMax="736" DmgMin="598" DmgMax="730" XPMin="402" XPMax="492" CPValue="1" ApoResourceMin="0" ApoResourceMax="0" CombatIntensity="0" />
    <StatsAtLevel Level="19" HealthMin="648" HealthMax="784" DmgMin="632" DmgMax="774" XPMin="429" XPMax="522" CPValue="1" ApoResourceMin="0" ApoResourceMax="0" CombatIntensity="0" />
    <StatsAtLevel Level="20" HealthMin="696" HealthMax="848" DmgMin="668" DmgMax="816" XPMin="447" XPMax="546" CPValue="1" ApoResourceMin="0" ApoResourceMax="0" CombatIntensity="0" />
    <StatsAtLevel Level="21" HealthMin="728" HealthMax="888" DmgMin="703" DmgMax="859" XPMin="474" XPMax="576" CPValue="1" ApoResourceMin="0" ApoResourceMax="0" CombatIntensity="0" />
    <StatsAtLevel Level="22" HealthMin="760" HealthMax="928" DmgMin="738" DmgMax="903" XPMin="492" XPMax="600" CPValue="1" ApoResourceMin="0" ApoResourceMax="0" CombatIntensity="0" />
    <StatsAtLevel Level="23" HealthMin="784" HealthMax="960" DmgMin="774" DmgMax="945" XPMin="513" XPMax="630" CPValue="1" ApoResourceMin="0" ApoResourceMax="0" CombatIntensity="0" />
    <StatsAtLevel Level="24" HealthMin="808" HealthMax="984" DmgMin="808" DmgMax="988" XPMin="537" XPMax="654" CPValue="1" ApoResourceMin="0" ApoResourceMax="0" CombatIntensity="0" />
    <StatsAtLevel Level="25" HealthMin="840" HealthMax="1016" DmgMin="843" DmgMax="1032" XPMin="558" XPMax="684" CPValue="1" ApoResourceMin="0" ApoResourceMax="0" CombatIntensity="0" />
    <StatsAtLevel Level="26" HealthMin="864" HealthMax="1064" DmgMin="879" DmgMax="1074" XPMin="582" XPMax="708" CPValue="1" ApoResourceMin="0" ApoResourceMax="0" CombatIntensity="0" />
    <StatsAtLevel Level="27" HealthMin="888" HealthMax="1088" DmgMin="914" DmgMax="1117" XPMin="603" XPMax="738" CPValue="1" ApoResourceMin="0" ApoResourceMax="0" CombatIntensity="0" />
    <StatsAtLevel Level="28" HealthMin="920" HealthMax="1120" DmgMin="949" DmgMax="1161" XPMin="627" XPMax="762" CPValue="1" ApoResourceMin="0" ApoResourceMax="0" CombatIntensity="0" />
    <StatsAtLevel Level="29" HealthMin="952" HealthMax="1152" DmgMin="985" DmgMax="1203" XPMin="648" XPMax="792" CPValue="1" ApoResourceMin="0" ApoResourceMax="0" CombatIntensity="0" />
    <StatsAtLevel Level="30" HealthMin="976" HealthMax="1200" DmgMin="1019" DmgMax="1246" XPMin="672" XPMax="819" CPValue="1" ApoResourceMin="0" ApoResourceMax="0" CombatIntensity="0" />
    <StatsAtLevel Level="31" HealthMin="1000" HealthMax="1224" DmgMin="1055" DmgMax="1290" XPMin="693" XPMax="846" CPValue="1" ApoResourceMin="0" ApoResourceMax="0" CombatIntensity="0" />
    <StatsAtLevel Level="32" HealthMin="1032" HealthMax="1256" DmgMin="1090" DmgMax="1332" XPMin="711" XPMax="873" CPValue="1" ApoResourceMin="0" ApoResourceMax="0" CombatIntensity="0" />
    <StatsAtLevel Level="33" HealthMin="1064" HealthMax="1296" DmgMin="1125" DmgMax="1375" XPMin="738" XPMax="900" CPValue="1" ApoResourceMin="0" ApoResourceMax="0" CombatIntensity="0" />
    <StatsAtLevel Level="34" HealthMin="1072" HealthMax="1320" DmgMin="1161" DmgMax="1417" XPMin="756" XPMax="927" CPValue="1" ApoResourceMin="0" ApoResourceMax="0" CombatIntensity="0" />
    <StatsAtLevel Level="35" HealthMin="1112" HealthMax="1352" DmgMin="1195" DmgMax="1461" XPMin="783" XPMax="954" CPValue="1" ApoResourceMin="0" ApoResourceMax="0" CombatIntensity="0" />
    <StatsAtLevel Level="36" HealthMin="1144" HealthMax="1392" DmgMin="1230" DmgMax="1504" XPMin="801" XPMax="981" CPValue="1" ApoResourceMin="0" ApoResourceMax="0" CombatIntensity="0" />
    <StatsAtLevel Level="37" HealthMin="1168" HealthMax="1432" DmgMin="1266" DmgMax="1546" XPMin="828" XPMax="1008" CPValue="1" ApoResourceMin="0" ApoResourceMax="0" CombatIntensity="0" />
    <StatsAtLevel Level="38" HealthMin="1184" HealthMax="1456" DmgMin="1301" DmgMax="1590" XPMin="846" XPMax="1035" CPValue="1" ApoResourceMin="0" ApoResourceMax="0" CombatIntensity="0" />
    <StatsAtLevel Level="39" HealthMin="1224" HealthMax="1488" DmgMin="1335" DmgMax="1633" XPMin="873" XPMax="1068" CPValue="1" ApoResourceMin="0" ApoResourceMax="0" CombatIntensity="0" />
    <StatsAtLevel Level="40" HealthMin="1256" HealthMax="1520" DmgMin="1371" DmgMax="1675" XPMin="891" XPMax="1089" CPValue="1" ApoResourceMin="0" ApoResourceMax="0" CombatIntensity="0" />
    <StatsAtLevel Level="41" HealthMin="1264" HealthMax="1560" DmgMin="1406" DmgMax="1719" XPMin="918" XPMax="1122" CPValue="1" ApoResourceMin="0" ApoResourceMax="0" CombatIntensity="0" />
    <StatsAtLevel Level="42" HealthMin="1296" HealthMax="1592" DmgMin="1441" DmgMax="1762" XPMin="936" XPMax="1143" CPValue="1" ApoResourceMin="0" ApoResourceMax="0" CombatIntensity="0" />
    <StatsAtLevel Level="43" HealthMin="1336" HealthMax="1624" DmgMin="1477" DmgMax="1804" XPMin="960" XPMax="1176" CPValue="1" ApoResourceMin="0" ApoResourceMax="0" CombatIntensity="0" />
    <StatsAtLevel Level="44" HealthMin="1368" HealthMax="1672" DmgMin="1512" DmgMax="1848" XPMin="981" XPMax="1197" CPValue="1" ApoResourceMin="0" ApoResourceMax="0" CombatIntensity="0" />
    <StatsAtLevel Level="45" HealthMin="1376" HealthMax="1688" DmgMin="1546" DmgMax="1891" XPMin="1005" XPMax="1230" CPValue="1" ApoResourceMin="0" ApoResourceMax="0" CombatIntensity="0" />
    <StatsAtLevel Level="46" HealthMin="1408" HealthMax="1728" DmgMin="1582" DmgMax="1933" XPMin="1026" XPMax="1251" CPValue="1" ApoResourceMin="0" ApoResourceMax="0" CombatIntensity="0" />
    <StatsAtLevel Level="47" HealthMin="1448" HealthMax="1760" DmgMin="1617" DmgMax="1977" XPMin="1050" XPMax="1284" CPValue="1" ApoResourceMin="0" ApoResourceMax="0" CombatIntensity="0" />
    <StatsAtLevel Level="48" HealthMin="1464" HealthMax="1800" DmgMin="1652" DmgMax="2020" XPMin="1071" XPMax="1305" CPValue="1" ApoResourceMin="0" ApoResourceMax="0" CombatIntensity="0" />
    <StatsAtLevel Level="49" HealthMin="1488" HealthMax="1824" DmgMin="1688" DmgMax="2062" XPMin="1095" XPMax="1338" CPValue="1" ApoResourceMin="0" ApoResourceMax="0" CombatIntensity="0" />
    <StatsAtLevel Level="50" HealthMin="1520" HealthMax="1856" DmgMin="1722" DmgMax="2106" XPMin="1116" XPMax="1365" CPValue="1" ApoResourceMin="0" ApoResourceMax="0" CombatIntensity="0" />
    <StatsAtLevel Level="51" HealthMin="1560" HealthMax="1896" DmgMin="1758" DmgMax="2149" XPMin="1140" XPMax="1392" CPValue="1" ApoResourceMin="0" ApoResourceMax="0" CombatIntensity="0" />
    <StatsAtLevel Level="52" HealthMin="1568" HealthMax="1928" DmgMin="1793" DmgMax="2191" XPMin="1158" XPMax="1419" CPValue="1" ApoResourceMin="0" ApoResourceMax="0" CombatIntensity="0" />
    <StatsAtLevel Level="53" HealthMin="1600" HealthMax="1960" DmgMin="1828" DmgMax="2234" XPMin="1185" XPMax="1446" CPValue="1" ApoResourceMin="0" ApoResourceMax="0" CombatIntensity="0" />
    <StatsAtLevel Level="54" HealthMin="1632" HealthMax="1992" DmgMin="1864" DmgMax="2277" XPMin="1203" XPMax="1473" CPValue="1" ApoResourceMin="0" ApoResourceMax="0" CombatIntensity="0" />
    <StatsAtLevel Level="55" HealthMin="1672" HealthMax="2040" DmgMin="1898" DmgMax="2320" XPMin="1230" XPMax="1500" CPValue="1" ApoResourceMin="0" ApoResourceMax="0" CombatIntensity="0" />
    <StatsAtLevel Level="56" HealthMin="1680" HealthMax="2064" DmgMin="1933" DmgMax="2363" XPMin="1248" XPMax="1527" CPValue="1" ApoResourceMin="0" ApoResourceMax="0" CombatIntensity="0" />
    <StatsAtLevel Level="57" HealthMin="1680" HealthMax="2064" DmgMin="1933" DmgMax="2363" XPMin="1248" XPMax="1527" CPValue="1" ApoResourceMin="0" ApoResourceMax="0" CombatIntensity="0" />
    <StatsAtLevel Level="58" HealthMin="1712" HealthMax="2096" DmgMin="1969" DmgMax="2406" XPMin="1275" XPMax="1554" CPValue="1" ApoResourceMin="0" ApoResourceMax="0" CombatIntensity="0" />
    <StatsAtLevel Level="59" HealthMin="1744" HealthMax="2128" DmgMin="2004" DmgMax="2449" XPMin="1293" XPMax="1581" CPValue="1" ApoResourceMin="0" ApoResourceMax="0" CombatIntensity="0" />
    <StatsAtLevel Level="60" HealthMin="1768" HealthMax="2160" DmgMin="2027" DmgMax="2478" XPMin="1320" XPMax="1611" CPValue="1" ApoResourceMin="0" ApoResourceMax="0" CombatIntensity="0" />
  </Archetype>
</MetaData>