<MetaData>
  <Archetype Name="archetype_trash_weak" PotionChargeOnKill="1">
    <StatsAtLevel Level="1" HealthMin="8" HealthMax="10" DmgMin="12" DmgMax="14" XPMin="4" XPMax="5" CPValue="1" ApoResourceMin="0" ApoResourceMax="0" CombatIntensity="0" />
    <StatsAtLevel Level="2" HealthMin="10" HealthMax="12" DmgMin="24" DmgMax="30" XPMin="7" XPMax="9" CPValue="1" ApoResourceMin="0" ApoResourceMax="0" CombatIntensity="0" />
    <StatsAtLevel Level="3" HealthMin="11" HealthMax="14" DmgMin="49" DmgMax="59" XPMin="11" XPMax="14" CPValue="1" ApoResourceMin="0" ApoResourceMax="0" CombatIntensity="0" />
    <StatsAtLevel Level="4" HealthMin="13" HealthMax="15" DmgMin="73" DmgMax="89" XPMin="14" XPMax="18" CPValue="1" ApoResourceMin="0" ApoResourceMax="0" CombatIntensity="0" />
    <StatsAtLevel Level="5" HealthMin="14" HealthMax="17" DmgMin="97" DmgMax="119" XPMin="18" XPMax="22" CPValue="1" ApoResourceMin="0" ApoResourceMax="0" CombatIntensity="0" />
    <StatsAtLevel Level="6" HealthMin="15" HealthMax="18" DmgMin="122" DmgMax="149" XPMin="22" XPMax="26" CPValue="1" ApoResourceMin="0" ApoResourceMax="0" CombatIntensity="0" />
    <StatsAtLevel Level="7" HealthMin="17" HealthMax="21" DmgMin="146" DmgMax="178" XPMin="26" XPMax="31" CPValue="1" ApoResourceMin="0" ApoResourceMax="0" CombatIntensity="0" />
    <StatsAtLevel Level="8" HealthMin="19" HealthMax="23" DmgMin="170" DmgMax="208" XPMin="29" XPMax="35" CPValue="1" ApoResourceMin="0" ApoResourceMax="0" CombatIntensity="0" />
    <StatsAtLevel Level="9" HealthMin="20" HealthMax="25" DmgMin="194" DmgMax="238" XPMin="33" XPMax="40" CPValue="1" ApoResourceMin="0" ApoResourceMax="0" CombatIntensity="0" />
    <StatsAtLevel Level="10" HealthMin="22" HealthMax="27" DmgMin="219" DmgMax="267" XPMin="36" XPMax="44" CPValue="1" ApoResourceMin="0" ApoResourceMax="0" CombatIntensity="0" />
    <StatsAtLevel Level="11" HealthMin="24" HealthMax="29" DmgMin="243" DmgMax="297" XPMin="40" XPMax="49" CPValue="1" ApoResourceMin="0" ApoResourceMax="0" CombatIntensity="0" />
    <StatsAtLevel Level="12" HealthMin="26" HealthMax="32" DmgMin="267" DmgMax="327" XPMin="43" XPMax="53" CPValue="1" ApoResourceMin="0" ApoResourceMax="0" CombatIntensity="0" />
    <StatsAtLevel Level="13" HealthMin="28" HealthMax="34" DmgMin="292" DmgMax="356" XPMin="47" XPMax="58" CPValue="1" ApoResourceMin="0" ApoResourceMax="0" CombatIntensity="0" />
    <StatsAtLevel Level="14" HealthMin="30" HealthMax="37" DmgMin="316" DmgMax="386" XPMin="50" XPMax="62" CPValue="1" ApoResourceMin="0" ApoResourceMax="0" CombatIntensity="0" />
    <StatsAtLevel Level="15" HealthMin="33" HealthMax="40" DmgMin="340" DmgMax="416" XPMin="54" XPMax="66" CPValue="1" ApoResourceMin="0" ApoResourceMax="0" CombatIntensity="0" />
    <StatsAtLevel Level="16" HealthMin="35" HealthMax="43" DmgMin="365" DmgMax="446" XPMin="58" XPMax="70" CPValue="1" ApoResourceMin="0" ApoResourceMax="0" CombatIntensity="0" />
    <StatsAtLevel Level="17" HealthMin="35" HealthMax="43" DmgMin="389" DmgMax="475" XPMin="62" XPMax="75" CPValue="1" ApoResourceMin="0" ApoResourceMax="0" CombatIntensity="0" />
    <StatsAtLevel Level="18" HealthMin="38" HealthMax="46" DmgMin="413" DmgMax="505" XPMin="65" XPMax="79" CPValue="1" ApoResourceMin="0" ApoResourceMax="0" CombatIntensity="0" />
    <StatsAtLevel Level="19" HealthMin="41" HealthMax="49" DmgMin="437" DmgMax="535" XPMin="69" XPMax="84" CPValue="1" ApoResourceMin="0" ApoResourceMax="0" CombatIntensity="0" />
    <StatsAtLevel Level="20" HealthMin="43" HealthMax="53" DmgMin="462" DmgMax="564" XPMin="72" XPMax="88" CPValue="1" ApoResourceMin="0" ApoResourceMax="0" CombatIntensity="0" />
    <StatsAtLevel Level="21" HealthMin="46" HealthMax="55" DmgMin="486" DmgMax="594" XPMin="76" XPMax="93" CPValue="1" ApoResourceMin="0" ApoResourceMax="0" CombatIntensity="0" />
    <StatsAtLevel Level="22" HealthMin="48" HealthMax="58" DmgMin="510" DmgMax="624" XPMin="79" XPMax="97" CPValue="1" ApoResourceMin="0" ApoResourceMax="0" CombatIntensity="0" />
    <StatsAtLevel Level="23" HealthMin="49" HealthMax="60" DmgMin="535" DmgMax="653" XPMin="83" XPMax="102" CPValue="1" ApoResourceMin="0" ApoResourceMax="0" CombatIntensity="0" />
    <StatsAtLevel Level="24" HealthMin="50" HealthMax="62" DmgMin="559" DmgMax="683" XPMin="86" XPMax="106" CPValue="1" ApoResourceMin="0" ApoResourceMax="0" CombatIntensity="0" />
    <StatsAtLevel Level="25" HealthMin="53" HealthMax="64" DmgMin="583" DmgMax="713" XPMin="90" XPMax="110" CPValue="1" ApoResourceMin="0" ApoResourceMax="0" CombatIntensity="0" />
    <StatsAtLevel Level="26" HealthMin="54" HealthMax="67" DmgMin="608" DmgMax="743" XPMin="94" XPMax="114" CPValue="1" ApoResourceMin="0" ApoResourceMax="0" CombatIntensity="0" />
    <StatsAtLevel Level="27" HealthMin="55" HealthMax="68" DmgMin="632" DmgMax="772" XPMin="98" XPMax="119" CPValue="1" ApoResourceMin="0" ApoResourceMax="0" CombatIntensity="0" />
    <StatsAtLevel Level="28" HealthMin="57" HealthMax="70" DmgMin="656" DmgMax="802" XPMin="101" XPMax="123" CPValue="1" ApoResourceMin="0" ApoResourceMax="0" CombatIntensity="0" />
    <StatsAtLevel Level="29" HealthMin="60" HealthMax="72" DmgMin="680" DmgMax="832" XPMin="105" XPMax="128" CPValue="1" ApoResourceMin="0" ApoResourceMax="0" CombatIntensity="0" />
    <StatsAtLevel Level="30" HealthMin="61" HealthMax="75" DmgMin="705" DmgMax="861" XPMin="108" XPMax="132" CPValue="1" ApoResourceMin="0" ApoResourceMax="0" CombatIntensity="0" />
    <StatsAtLevel Level="31" HealthMin="62" HealthMax="76" DmgMin="729" DmgMax="891" XPMin="112" XPMax="137" CPValue="1" ApoResourceMin="0" ApoResourceMax="0" CombatIntensity="0" />
    <StatsAtLevel Level="32" HealthMin="64" HealthMax="78" DmgMin="753" DmgMax="921" XPMin="115" XPMax="141" CPValue="1" ApoResourceMin="0" ApoResourceMax="0" CombatIntensity="0" />
    <StatsAtLevel Level="33" HealthMin="67" HealthMax="81" DmgMin="778" DmgMax="950" XPMin="119" XPMax="146" CPValue="1" ApoResourceMin="0" ApoResourceMax="0" CombatIntensity="0" />
    <StatsAtLevel Level="34" HealthMin="67" HealthMax="83" DmgMin="802" DmgMax="980" XPMin="122" XPMax="150" CPValue="1" ApoResourceMin="0" ApoResourceMax="0" CombatIntensity="0" />
    <StatsAtLevel Level="35" HealthMin="69" HealthMax="85" DmgMin="826" DmgMax="1010" XPMin="126" XPMax="154" CPValue="1" ApoResourceMin="0" ApoResourceMax="0" CombatIntensity="0" />
    <StatsAtLevel Level="36" HealthMin="71" HealthMax="87" DmgMin="851" DmgMax="1040" XPMin="130" XPMax="158" CPValue="1" ApoResourceMin="0" ApoResourceMax="0" CombatIntensity="0" />
    <StatsAtLevel Level="37" HealthMin="73" HealthMax="90" DmgMin="875" DmgMax="1069" XPMin="134" XPMax="163" CPValue="1" ApoResourceMin="0" ApoResourceMax="0" CombatIntensity="0" />
    <StatsAtLevel Level="38" HealthMin="74" HealthMax="91" DmgMin="899" DmgMax="1099" XPMin="137" XPMax="167" CPValue="1" ApoResourceMin="0" ApoResourceMax="0" CombatIntensity="0" />
    <StatsAtLevel Level="39" HealthMin="76" HealthMax="93" DmgMin="923" DmgMax="1129" XPMin="141" XPMax="172" CPValue="1" ApoResourceMin="0" ApoResourceMax="0" CombatIntensity="0" />
    <StatsAtLevel Level="40" HealthMin="78" HealthMax="95" DmgMin="948" DmgMax="1158" XPMin="144" XPMax="176" CPValue="1" ApoResourceMin="0" ApoResourceMax="0" CombatIntensity="0" />
    <StatsAtLevel Level="41" HealthMin="79" HealthMax="97" DmgMin="972" DmgMax="1188" XPMin="148" XPMax="181" CPValue="1" ApoResourceMin="0" ApoResourceMax="0" CombatIntensity="0" />
    <StatsAtLevel Level="42" HealthMin="81" HealthMax="99" DmgMin="996" DmgMax="1218" XPMin="151" XPMax="185" CPValue="1" ApoResourceMin="0" ApoResourceMax="0" CombatIntensity="0" />
    <StatsAtLevel Level="43" HealthMin="83" HealthMax="102" DmgMin="1021" DmgMax="1247" XPMin="155" XPMax="190" CPValue="1" ApoResourceMin="0" ApoResourceMax="0" CombatIntensity="0" />
    <StatsAtLevel Level="44" HealthMin="85" HealthMax="104" DmgMin="1045" DmgMax="1277" XPMin="158" XPMax="194" CPValue="1" ApoResourceMin="0" ApoResourceMax="0" CombatIntensity="0" />
    <StatsAtLevel Level="45" HealthMin="86" HealthMax="106" DmgMin="1069" DmgMax="1307" XPMin="162" XPMax="198" CPValue="1" ApoResourceMin="0" ApoResourceMax="0" CombatIntensity="0" />
    <StatsAtLevel Level="46" HealthMin="88" HealthMax="108" DmgMin="1094" DmgMax="1337" XPMin="166" XPMax="202" CPValue="1" ApoResourceMin="0" ApoResourceMax="0" CombatIntensity="0" />
    <StatsAtLevel Level="47" HealthMin="90" HealthMax="110" DmgMin="1118" DmgMax="1366" XPMin="170" XPMax="207" CPValue="1" ApoResourceMin="0" ApoResourceMax="0" CombatIntensity="0" />
    <StatsAtLevel Level="48" HealthMin="92" HealthMax="113" DmgMin="1142" DmgMax="1396" XPMin="173" XPMax="211" CPValue="1" ApoResourceMin="0" ApoResourceMax="0" CombatIntensity="0" />
    <StatsAtLevel Level="49" HealthMin="93" HealthMax="114" DmgMin="1166" DmgMax="1426" XPMin="177" XPMax="216" CPValue="1" ApoResourceMin="0" ApoResourceMax="0" CombatIntensity="0" />
    <StatsAtLevel Level="50" HealthMin="95" HealthMax="116" DmgMin="1191" DmgMax="1455" XPMin="180" XPMax="220" CPValue="1" ApoResourceMin="0" ApoResourceMax="0" CombatIntensity="0" />
    <StatsAtLevel Level="51" HealthMin="97" HealthMax="118" DmgMin="1215" DmgMax="1485" XPMin="184" XPMax="225" CPValue="1" ApoResourceMin="0" ApoResourceMax="0" CombatIntensity="0" />
    <StatsAtLevel Level="52" HealthMin="98" HealthMax="120" DmgMin="1239" DmgMax="1515" XPMin="187" XPMax="229" CPValue="1" ApoResourceMin="0" ApoResourceMax="0" CombatIntensity="0" />
    <StatsAtLevel Level="53" HealthMin="100" HealthMax="123" DmgMin="1264" DmgMax="1544" XPMin="191" XPMax="234" CPValue="1" ApoResourceMin="0" ApoResourceMax="0" CombatIntensity="0" />
    <StatsAtLevel Level="54" HealthMin="102" HealthMax="125" DmgMin="1288" DmgMax="1574" XPMin="194" XPMax="238" CPValue="1" ApoResourceMin="0" ApoResourceMax="0" CombatIntensity="0" />
    <StatsAtLevel Level="55" HealthMin="104" HealthMax="127" DmgMin="1312" DmgMax="1604" XPMin="198" XPMax="242" CPValue="1" ApoResourceMin="0" ApoResourceMax="0" CombatIntensity="0" />
    <StatsAtLevel Level="56" HealthMin="105" HealthMax="129" DmgMin="1337" DmgMax="1634" XPMin="202" XPMax="246" CPValue="1" ApoResourceMin="0" ApoResourceMax="0" CombatIntensity="0" />
    <StatsAtLevel Level="57" HealthMin="105" HealthMax="129" DmgMin="1337" DmgMax="1634" XPMin="202" XPMax="246" CPValue="1" ApoResourceMin="0" ApoResourceMax="0" CombatIntensity="0" />
    <StatsAtLevel Level="58" HealthMin="107" HealthMax="131" DmgMin="1361" DmgMax="1663" XPMin="206" XPMax="251" CPValue="1" ApoResourceMin="0" ApoResourceMax="0" CombatIntensity="0" />
    <StatsAtLevel Level="59" HealthMin="109" HealthMax="133" DmgMin="1385" DmgMax="1693" XPMin="209" XPMax="255" CPValue="1" ApoResourceMin="0" ApoResourceMax="0" CombatIntensity="0" />
    <StatsAtLevel Level="60" HealthMin="111" HealthMax="135" DmgMin="1401" DmgMax="1713" XPMin="213" XPMax="260" CPValue="1" ApoResourceMin="0" ApoResourceMax="0" CombatIntensity="0" />
  </Archetype>
</MetaData>