<MetaData>
  <Archetype Name="archetype_souffredouleur">
    <StatsAtLevel Level="1" HealthMin="100000000" HealthMax="100000000" DmgMin="0" DmgMax="0" XPMin="0" XPMax="0" CPValue="1" ApoResourceMin="0" ApoResourceMax="0" CombatIntensity="0" />
    <StatsAtLevel Level="2" HealthMin="100000000" HealthMax="100000000" DmgMin="0" DmgMax="0" XPMin="0" XPMax="0" CPValue="1" ApoResourceMin="0" ApoResourceMax="0" CombatIntensity="0" />
    <StatsAtLevel Level="3" HealthMin="100000000" HealthMax="100000000" DmgMin="0" DmgMax="0" XPMin="0" XPMax="0" CPValue="1" ApoResourceMin="0" ApoResourceMax="0" CombatIntensity="0" />
    <StatsAtLevel Level="4" HealthMin="100000000" HealthMax="100000000" DmgMin="0" DmgMax="0" XPMin="0" XPMax="0" CPValue="1" ApoResourceMin="0" ApoResourceMax="0" CombatIntensity="0" />
    <StatsAtLevel Level="5" HealthMin="100000000" HealthMax="100000000" DmgMin="0" DmgMax="0" XPMin="0" XPMax="0" CPValue="1" ApoResourceMin="0" ApoResourceMax="0" CombatIntensity="0" />
    <StatsAtLevel Level="6" HealthMin="100000000" HealthMax="100000000" DmgMin="0" DmgMax="0" XPMin="0" XPMax="0" CPValue="1" ApoResourceMin="0" ApoResourceMax="0" CombatIntensity="0" />
    <StatsAtLevel Level="7" HealthMin="100000000" HealthMax="100000000" DmgMin="0" DmgMax="0" XPMin="0" XPMax="0" CPValue="1" ApoResourceMin="0" ApoResourceMax="0" CombatIntensity="0" />
    <StatsAtLevel Level="8" HealthMin="100000000" HealthMax="100000000" DmgMin="0" DmgMax="0" XPMin="0" XPMax="0" CPValue="1" ApoResourceMin="0" ApoResourceMax="0" CombatIntensity="0" />
    <StatsAtLevel Level="9" HealthMin="100000000" HealthMax="100000000" DmgMin="0" DmgMax="0" XPMin="0" XPMax="0" CPValue="1" ApoResourceMin="0" ApoResourceMax="0" CombatIntensity="0" />
    <StatsAtLevel Level="10" HealthMin="100000000" HealthMax="100000000" DmgMin="0" DmgMax="0" XPMin="0" XPMax="0" CPValue="1" ApoResourceMin="0" ApoResourceMax="0" CombatIntensity="0" />
    <StatsAtLevel Level="11" HealthMin="100000000" HealthMax="100000000" DmgMin="0" DmgMax="0" XPMin="0" XPMax="0" CPValue="1" ApoResourceMin="0" ApoResourceMax="0" CombatIntensity="0" />
    <StatsAtLevel Level="12" HealthMin="100000000" HealthMax="100000000" DmgMin="0" DmgMax="0" XPMin="0" XPMax="0" CPValue="1" ApoResourceMin="0" ApoResourceMax="0" CombatIntensity="0" />
    <StatsAtLevel Level="13" HealthMin="100000000" HealthMax="100000000" DmgMin="0" DmgMax="0" XPMin="0" XPMax="0" CPValue="1" ApoResourceMin="0" ApoResourceMax="0" CombatIntensity="0" />
    <StatsAtLevel Level="14" HealthMin="100000000" HealthMax="100000000" DmgMin="0" DmgMax="0" XPMin="0" XPMax="0" CPValue="1" ApoResourceMin="0" ApoResourceMax="0" CombatIntensity="0" />
    <StatsAtLevel Level="15" HealthMin="100000000" HealthMax="100000000" DmgMin="0" DmgMax="0" XPMin="0" XPMax="0" CPValue="1" ApoResourceMin="0" ApoResourceMax="0" CombatIntensity="0" />
    <StatsAtLevel Level="16" HealthMin="100000000" HealthMax="100000000" DmgMin="0" DmgMax="0" XPMin="0" XPMax="0" CPValue="1" ApoResourceMin="0" ApoResourceMax="0" CombatIntensity="0" />
    <StatsAtLevel Level="17" HealthMin="100000000" HealthMax="100000000" DmgMin="0" DmgMax="0" XPMin="0" XPMax="0" CPValue="1" ApoResourceMin="0" ApoResourceMax="0" CombatIntensity="0" />
    <StatsAtLevel Level="18" HealthMin="100000000" HealthMax="100000000" DmgMin="0" DmgMax="0" XPMin="0" XPMax="0" CPValue="1" ApoResourceMin="0" ApoResourceMax="0" CombatIntensity="0" />
    <StatsAtLevel Level="19" HealthMin="100000000" HealthMax="100000000" DmgMin="0" DmgMax="0" XPMin="0" XPMax="0" CPValue="1" ApoResourceMin="0" ApoResourceMax="0" CombatIntensity="0" />
    <StatsAtLevel Level="20" HealthMin="100000000" HealthMax="100000000" DmgMin="0" DmgMax="0" XPMin="0" XPMax="0" CPValue="1" ApoResourceMin="0" ApoResourceMax="0" CombatIntensity="0" />
    <StatsAtLevel Level="21" HealthMin="100000000" HealthMax="100000000" DmgMin="0" DmgMax="0" XPMin="0" XPMax="0" CPValue="1" ApoResourceMin="0" ApoResourceMax="0" CombatIntensity="0" />
    <StatsAtLevel Level="22" HealthMin="100000000" HealthMax="100000000" DmgMin="0" DmgMax="0" XPMin="0" XPMax="0" CPValue="1" ApoResourceMin="0" ApoResourceMax="0" CombatIntensity="0" />
    <StatsAtLevel Level="23" HealthMin="100000000" HealthMax="100000000" DmgMin="0" DmgMax="0" XPMin="0" XPMax="0" CPValue="1" ApoResourceMin="0" ApoResourceMax="0" CombatIntensity="0" />
    <StatsAtLevel Level="24" HealthMin="100000000" HealthMax="100000000" DmgMin="0" DmgMax="0" XPMin="0" XPMax="0" CPValue="1" ApoResourceMin="0" ApoResourceMax="0" CombatIntensity="0" />
    <StatsAtLevel Level="25" HealthMin="100000000" HealthMax="100000000" DmgMin="0" DmgMax="0" XPMin="0" XPMax="0" CPValue="1" ApoResourceMin="0" ApoResourceMax="0" CombatIntensity="0" />
    <StatsAtLevel Level="26" HealthMin="100000000" HealthMax="100000000" DmgMin="0" DmgMax="0" XPMin="0" XPMax="0" CPValue="1" ApoResourceMin="0" ApoResourceMax="0" CombatIntensity="0" />
    <StatsAtLevel Level="27" HealthMin="100000000" HealthMax="100000000" DmgMin="0" DmgMax="0" XPMin="0" XPMax="0" CPValue="1" ApoResourceMin="0" ApoResourceMax="0" CombatIntensity="0" />
    <StatsAtLevel Level="28" HealthMin="100000000" HealthMax="100000000" DmgMin="0" DmgMax="0" XPMin="0" XPMax="0" CPValue="1" ApoResourceMin="0" ApoResourceMax="0" CombatIntensity="0" />
    <StatsAtLevel Level="29" HealthMin="100000000" HealthMax="100000000" DmgMin="0" DmgMax="0" XPMin="0" XPMax="0" CPValue="1" ApoResourceMin="0" ApoResourceMax="0" CombatIntensity="0" />
    <StatsAtLevel Level="30" HealthMin="100000000" HealthMax="100000000" DmgMin="0" DmgMax="0" XPMin="0" XPMax="0" CPValue="1" ApoResourceMin="0" ApoResourceMax="0" CombatIntensity="0" />
    <StatsAtLevel Level="31" HealthMin="100000000" HealthMax="100000000" DmgMin="0" DmgMax="0" XPMin="0" XPMax="0" CPValue="1" ApoResourceMin="0" ApoResourceMax="0" CombatIntensity="0" />
    <StatsAtLevel Level="32" HealthMin="100000000" HealthMax="100000000" DmgMin="0" DmgMax="0" XPMin="0" XPMax="0" CPValue="1" ApoResourceMin="0" ApoResourceMax="0" CombatIntensity="0" />
    <StatsAtLevel Level="33" HealthMin="100000000" HealthMax="100000000" DmgMin="0" DmgMax="0" XPMin="0" XPMax="0" CPValue="1" ApoResourceMin="0" ApoResourceMax="0" CombatIntensity="0" />
    <StatsAtLevel Level="34" HealthMin="100000000" HealthMax="100000000" DmgMin="0" DmgMax="0" XPMin="0" XPMax="0" CPValue="1" ApoResourceMin="0" ApoResourceMax="0" CombatIntensity="0" />
    <StatsAtLevel Level="35" HealthMin="100000000" HealthMax="100000000" DmgMin="0" DmgMax="0" XPMin="0" XPMax="0" CPValue="1" ApoResourceMin="0" ApoResourceMax="0" CombatIntensity="0" />
    <StatsAtLevel Level="36" HealthMin="100000000" HealthMax="100000000" DmgMin="0" DmgMax="0" XPMin="0" XPMax="0" CPValue="1" ApoResourceMin="0" ApoResourceMax="0" CombatIntensity="0" />
    <StatsAtLevel Level="37" HealthMin="100000000" HealthMax="100000000" DmgMin="0" DmgMax="0" XPMin="0" XPMax="0" CPValue="1" ApoResourceMin="0" ApoResourceMax="0" CombatIntensity="0" />
    <StatsAtLevel Level="38" HealthMin="100000000" HealthMax="100000000" DmgMin="0" DmgMax="0" XPMin="0" XPMax="0" CPValue="1" ApoResourceMin="0" ApoResourceMax="0" CombatIntensity="0" />
    <StatsAtLevel Level="39" HealthMin="100000000" HealthMax="100000000" DmgMin="0" DmgMax="0" XPMin="0" XPMax="0" CPValue="1" ApoResourceMin="0" ApoResourceMax="0" CombatIntensity="0" />
    <StatsAtLevel Level="40" HealthMin="100000000" HealthMax="100000000" DmgMin="0" DmgMax="0" XPMin="0" XPMax="0" CPValue="1" ApoResourceMin="0" ApoResourceMax="0" CombatIntensity="0" />
    <StatsAtLevel Level="41" HealthMin="100000000" HealthMax="100000000" DmgMin="0" DmgMax="0" XPMin="0" XPMax="0" CPValue="1" ApoResourceMin="0" ApoResourceMax="0" CombatIntensity="0" />
    <StatsAtLevel Level="42" HealthMin="100000000" HealthMax="100000000" DmgMin="0" DmgMax="0" XPMin="0" XPMax="0" CPValue="1" ApoResourceMin="0" ApoResourceMax="0" CombatIntensity="0" />
    <StatsAtLevel Level="43" HealthMin="100000000" HealthMax="100000000" DmgMin="0" DmgMax="0" XPMin="0" XPMax="0" CPValue="1" ApoResourceMin="0" ApoResourceMax="0" CombatIntensity="0" />
    <StatsAtLevel Level="44" HealthMin="100000000" HealthMax="100000000" DmgMin="0" DmgMax="0" XPMin="0" XPMax="0" CPValue="1" ApoResourceMin="0" ApoResourceMax="0" CombatIntensity="0" />
    <StatsAtLevel Level="45" HealthMin="100000000" HealthMax="100000000" DmgMin="0" DmgMax="0" XPMin="0" XPMax="0" CPValue="1" ApoResourceMin="0" ApoResourceMax="0" CombatIntensity="0" />
    <StatsAtLevel Level="46" HealthMin="100000000" HealthMax="100000000" DmgMin="0" DmgMax="0" XPMin="0" XPMax="0" CPValue="1" ApoResourceMin="0" ApoResourceMax="0" CombatIntensity="0" />
    <StatsAtLevel Level="47" HealthMin="100000000" HealthMax="100000000" DmgMin="0" DmgMax="0" XPMin="0" XPMax="0" CPValue="1" ApoResourceMin="0" ApoResourceMax="0" CombatIntensity="0" />
    <StatsAtLevel Level="48" HealthMin="100000000" HealthMax="100000000" DmgMin="0" DmgMax="0" XPMin="0" XPMax="0" CPValue="1" ApoResourceMin="0" ApoResourceMax="0" CombatIntensity="0" />
    <StatsAtLevel Level="49" HealthMin="100000000" HealthMax="100000000" DmgMin="0" DmgMax="0" XPMin="0" XPMax="0" CPValue="1" ApoResourceMin="0" ApoResourceMax="0" CombatIntensity="0" />
    <StatsAtLevel Level="50" HealthMin="100000000" HealthMax="100000000" DmgMin="0" DmgMax="0" XPMin="0" XPMax="0" CPValue="1" ApoResourceMin="0" ApoResourceMax="0" CombatIntensity="0" />
    <StatsAtLevel Level="51" HealthMin="100000000" HealthMax="100000000" DmgMin="0" DmgMax="0" XPMin="0" XPMax="0" CPValue="1" ApoResourceMin="0" ApoResourceMax="0" CombatIntensity="0" />
    <StatsAtLevel Level="52" HealthMin="100000000" HealthMax="100000000" DmgMin="0" DmgMax="0" XPMin="0" XPMax="0" CPValue="1" ApoResourceMin="0" ApoResourceMax="0" CombatIntensity="0" />
    <StatsAtLevel Level="53" HealthMin="100000000" HealthMax="100000000" DmgMin="0" DmgMax="0" XPMin="0" XPMax="0" CPValue="1" ApoResourceMin="0" ApoResourceMax="0" CombatIntensity="0" />
    <StatsAtLevel Level="54" HealthMin="100000000" HealthMax="100000000" DmgMin="0" DmgMax="0" XPMin="0" XPMax="0" CPValue="1" ApoResourceMin="0" ApoResourceMax="0" CombatIntensity="0" />
    <StatsAtLevel Level="55" HealthMin="100000000" HealthMax="100000000" DmgMin="0" DmgMax="0" XPMin="0" XPMax="0" CPValue="1" ApoResourceMin="0" ApoResourceMax="0" CombatIntensity="0" />
    <StatsAtLevel Level="56" HealthMin="100000000" HealthMax="100000000" DmgMin="0" DmgMax="0" XPMin="0" XPMax="0" CPValue="1" ApoResourceMin="0" ApoResourceMax="0" CombatIntensity="0" />
    <StatsAtLevel Level="57" HealthMin="100000000" HealthMax="100000000" DmgMin="0" DmgMax="0" XPMin="0" XPMax="0" CPValue="1" ApoResourceMin="0" ApoResourceMax="0" CombatIntensity="0" />
    <StatsAtLevel Level="58" HealthMin="100000000" HealthMax="100000000" DmgMin="0" DmgMax="0" XPMin="0" XPMax="0" CPValue="1" ApoResourceMin="0" ApoResourceMax="0" CombatIntensity="0" />
    <StatsAtLevel Level="59" HealthMin="100000000" HealthMax="100000000" DmgMin="0" DmgMax="0" XPMin="0" XPMax="0" CPValue="1" ApoResourceMin="0" ApoResourceMax="0" CombatIntensity="0" />
    <StatsAtLevel Level="60" HealthMin="100000000" HealthMax="100000000" DmgMin="0" DmgMax="0" XPMin="0" XPMax="0" CPValue="1" ApoResourceMin="0" ApoResourceMax="0" CombatIntensity="0" />
  </Archetype>
</MetaData>