<MetaData>
  <Archetype Name="archetype_skullcrusher_tuto">
    <StatsAtLevel Level="1" HealthMin="170" HealthMax="170" DmgMin="10" DmgMax="10" XPMin="100" XPMax="100" CPValue="1" ApoResourceMin="0" ApoResourceMax="0" CombatIntensity="0" />
    <StatsAtLevel Level="2" HealthMin="170" HealthMax="170" DmgMin="10" DmgMax="10" XPMin="100" XPMax="100" CPValue="1" ApoResourceMin="0" ApoResourceMax="0" CombatIntensity="0" />
    <StatsAtLevel Level="3" HealthMin="170" HealthMax="170" DmgMin="10" DmgMax="10" XPMin="100" XPMax="100" CPValue="1" ApoResourceMin="0" ApoResourceMax="0" CombatIntensity="0" />
    <StatsAtLevel Level="4" HealthMin="170" HealthMax="170" DmgMin="10" DmgMax="10" XPMin="100" XPMax="100" CPValue="1" ApoResourceMin="0" ApoResourceMax="0" CombatIntensity="0" />
    <StatsAtLevel Level="5" HealthMin="170" HealthMax="170" DmgMin="10" DmgMax="10" XPMin="100" XPMax="100" CPValue="1" ApoResourceMin="0" ApoResourceMax="0" CombatIntensity="0" />
    <StatsAtLevel Level="6" HealthMin="170" HealthMax="170" DmgMin="10" DmgMax="10" XPMin="100" XPMax="100" CPValue="1" ApoResourceMin="0" ApoResourceMax="0" CombatIntensity="0" />
    <StatsAtLevel Level="7" HealthMin="170" HealthMax="170" DmgMin="10" DmgMax="10" XPMin="100" XPMax="100" CPValue="1" ApoResourceMin="0" ApoResourceMax="0" CombatIntensity="0" />
    <StatsAtLevel Level="8" HealthMin="170" HealthMax="170" DmgMin="10" DmgMax="10" XPMin="100" XPMax="100" CPValue="1" ApoResourceMin="0" ApoResourceMax="0" CombatIntensity="0" />
    <StatsAtLevel Level="9" HealthMin="170" HealthMax="170" DmgMin="10" DmgMax="10" XPMin="100" XPMax="100" CPValue="1" ApoResourceMin="0" ApoResourceMax="0" CombatIntensity="0" />
    <StatsAtLevel Level="10" HealthMin="170" HealthMax="170" DmgMin="10" DmgMax="10" XPMin="100" XPMax="100" CPValue="1" ApoResourceMin="0" ApoResourceMax="0" CombatIntensity="0" />
    <StatsAtLevel Level="11" HealthMin="170" HealthMax="170" DmgMin="10" DmgMax="10" XPMin="100" XPMax="100" CPValue="1" ApoResourceMin="0" ApoResourceMax="0" CombatIntensity="0" />
    <StatsAtLevel Level="12" HealthMin="170" HealthMax="170" DmgMin="10" DmgMax="10" XPMin="100" XPMax="100" CPValue="1" ApoResourceMin="0" ApoResourceMax="0" CombatIntensity="0" />
    <StatsAtLevel Level="13" HealthMin="170" HealthMax="170" DmgMin="10" DmgMax="10" XPMin="100" XPMax="100" CPValue="1" ApoResourceMin="0" ApoResourceMax="0" CombatIntensity="0" />
    <StatsAtLevel Level="14" HealthMin="170" HealthMax="170" DmgMin="10" DmgMax="10" XPMin="100" XPMax="100" CPValue="1" ApoResourceMin="0" ApoResourceMax="0" CombatIntensity="0" />
    <StatsAtLevel Level="15" HealthMin="170" HealthMax="170" DmgMin="10" DmgMax="10" XPMin="100" XPMax="100" CPValue="1" ApoResourceMin="0" ApoResourceMax="0" CombatIntensity="0" />
    <StatsAtLevel Level="16" HealthMin="170" HealthMax="170" DmgMin="10" DmgMax="10" XPMin="100" XPMax="100" CPValue="1" ApoResourceMin="0" ApoResourceMax="0" CombatIntensity="0" />
    <StatsAtLevel Level="17" HealthMin="170" HealthMax="170" DmgMin="10" DmgMax="10" XPMin="100" XPMax="100" CPValue="1" ApoResourceMin="0" ApoResourceMax="0" CombatIntensity="0" />
    <StatsAtLevel Level="18" HealthMin="170" HealthMax="170" DmgMin="10" DmgMax="10" XPMin="100" XPMax="100" CPValue="1" ApoResourceMin="0" ApoResourceMax="0" CombatIntensity="0" />
    <StatsAtLevel Level="19" HealthMin="170" HealthMax="170" DmgMin="10" DmgMax="10" XPMin="100" XPMax="100" CPValue="1" ApoResourceMin="0" ApoResourceMax="0" CombatIntensity="0" />
    <StatsAtLevel Level="20" HealthMin="170" HealthMax="170" DmgMin="10" DmgMax="10" XPMin="100" XPMax="100" CPValue="1" ApoResourceMin="0" ApoResourceMax="0" CombatIntensity="0" />
    <StatsAtLevel Level="21" HealthMin="170" HealthMax="170" DmgMin="10" DmgMax="10" XPMin="100" XPMax="100" CPValue="1" ApoResourceMin="0" ApoResourceMax="0" CombatIntensity="0" />
    <StatsAtLevel Level="22" HealthMin="170" HealthMax="170" DmgMin="10" DmgMax="10" XPMin="100" XPMax="100" CPValue="1" ApoResourceMin="0" ApoResourceMax="0" CombatIntensity="0" />
    <StatsAtLevel Level="23" HealthMin="170" HealthMax="170" DmgMin="10" DmgMax="10" XPMin="100" XPMax="100" CPValue="1" ApoResourceMin="0" ApoResourceMax="0" CombatIntensity="0" />
    <StatsAtLevel Level="24" HealthMin="170" HealthMax="170" DmgMin="10" DmgMax="10" XPMin="100" XPMax="100" CPValue="1" ApoResourceMin="0" ApoResourceMax="0" CombatIntensity="0" />
    <StatsAtLevel Level="25" HealthMin="170" HealthMax="170" DmgMin="10" DmgMax="10" XPMin="100" XPMax="100" CPValue="1" ApoResourceMin="0" ApoResourceMax="0" CombatIntensity="0" />
    <StatsAtLevel Level="26" HealthMin="170" HealthMax="170" DmgMin="10" DmgMax="10" XPMin="100" XPMax="100" CPValue="1" ApoResourceMin="0" ApoResourceMax="0" CombatIntensity="0" />
    <StatsAtLevel Level="27" HealthMin="170" HealthMax="170" DmgMin="10" DmgMax="10" XPMin="100" XPMax="100" CPValue="1" ApoResourceMin="0" ApoResourceMax="0" CombatIntensity="0" />
    <StatsAtLevel Level="28" HealthMin="170" HealthMax="170" DmgMin="10" DmgMax="10" XPMin="100" XPMax="100" CPValue="1" ApoResourceMin="0" ApoResourceMax="0" CombatIntensity="0" />
    <StatsAtLevel Level="29" HealthMin="170" HealthMax="170" DmgMin="10" DmgMax="10" XPMin="100" XPMax="100" CPValue="1" ApoResourceMin="0" ApoResourceMax="0" CombatIntensity="0" />
    <StatsAtLevel Level="30" HealthMin="170" HealthMax="170" DmgMin="10" DmgMax="10" XPMin="100" XPMax="100" CPValue="1" ApoResourceMin="0" ApoResourceMax="0" CombatIntensity="0" />
    <StatsAtLevel Level="31" HealthMin="170" HealthMax="170" DmgMin="10" DmgMax="10" XPMin="100" XPMax="100" CPValue="1" ApoResourceMin="0" ApoResourceMax="0" CombatIntensity="0" />
    <StatsAtLevel Level="32" HealthMin="170" HealthMax="170" DmgMin="10" DmgMax="10" XPMin="100" XPMax="100" CPValue="1" ApoResourceMin="0" ApoResourceMax="0" CombatIntensity="0" />
    <StatsAtLevel Level="33" HealthMin="170" HealthMax="170" DmgMin="10" DmgMax="10" XPMin="100" XPMax="100" CPValue="1" ApoResourceMin="0" ApoResourceMax="0" CombatIntensity="0" />
    <StatsAtLevel Level="34" HealthMin="170" HealthMax="170" DmgMin="10" DmgMax="10" XPMin="100" XPMax="100" CPValue="1" ApoResourceMin="0" ApoResourceMax="0" CombatIntensity="0" />
    <StatsAtLevel Level="35" HealthMin="170" HealthMax="170" DmgMin="10" DmgMax="10" XPMin="100" XPMax="100" CPValue="1" ApoResourceMin="0" ApoResourceMax="0" CombatIntensity="0" />
    <StatsAtLevel Level="36" HealthMin="170" HealthMax="170" DmgMin="10" DmgMax="10" XPMin="100" XPMax="100" CPValue="1" ApoResourceMin="0" ApoResourceMax="0" CombatIntensity="0" />
    <StatsAtLevel Level="37" HealthMin="170" HealthMax="170" DmgMin="10" DmgMax="10" XPMin="100" XPMax="100" CPValue="1" ApoResourceMin="0" ApoResourceMax="0" CombatIntensity="0" />
    <StatsAtLevel Level="38" HealthMin="170" HealthMax="170" DmgMin="10" DmgMax="10" XPMin="100" XPMax="100" CPValue="1" ApoResourceMin="0" ApoResourceMax="0" CombatIntensity="0" />
    <StatsAtLevel Level="39" HealthMin="170" HealthMax="170" DmgMin="10" DmgMax="10" XPMin="100" XPMax="100" CPValue="1" ApoResourceMin="0" ApoResourceMax="0" CombatIntensity="0" />
    <StatsAtLevel Level="40" HealthMin="170" HealthMax="170" DmgMin="10" DmgMax="10" XPMin="100" XPMax="100" CPValue="1" ApoResourceMin="0" ApoResourceMax="0" CombatIntensity="0" />
    <StatsAtLevel Level="41" HealthMin="170" HealthMax="170" DmgMin="10" DmgMax="10" XPMin="100" XPMax="100" CPValue="1" ApoResourceMin="0" ApoResourceMax="0" CombatIntensity="0" />
    <StatsAtLevel Level="42" HealthMin="170" HealthMax="170" DmgMin="10" DmgMax="10" XPMin="100" XPMax="100" CPValue="1" ApoResourceMin="0" ApoResourceMax="0" CombatIntensity="0" />
    <StatsAtLevel Level="43" HealthMin="170" HealthMax="170" DmgMin="10" DmgMax="10" XPMin="100" XPMax="100" CPValue="1" ApoResourceMin="0" ApoResourceMax="0" CombatIntensity="0" />
    <StatsAtLevel Level="44" HealthMin="170" HealthMax="170" DmgMin="10" DmgMax="10" XPMin="100" XPMax="100" CPValue="1" ApoResourceMin="0" ApoResourceMax="0" CombatIntensity="0" />
    <StatsAtLevel Level="45" HealthMin="170" HealthMax="170" DmgMin="10" DmgMax="10" XPMin="100" XPMax="100" CPValue="1" ApoResourceMin="0" ApoResourceMax="0" CombatIntensity="0" />
    <StatsAtLevel Level="46" HealthMin="170" HealthMax="170" DmgMin="10" DmgMax="10" XPMin="100" XPMax="100" CPValue="1" ApoResourceMin="0" ApoResourceMax="0" CombatIntensity="0" />
    <StatsAtLevel Level="47" HealthMin="170" HealthMax="170" DmgMin="10" DmgMax="10" XPMin="100" XPMax="100" CPValue="1" ApoResourceMin="0" ApoResourceMax="0" CombatIntensity="0" />
    <StatsAtLevel Level="48" HealthMin="170" HealthMax="170" DmgMin="10" DmgMax="10" XPMin="100" XPMax="100" CPValue="1" ApoResourceMin="0" ApoResourceMax="0" CombatIntensity="0" />
    <StatsAtLevel Level="49" HealthMin="170" HealthMax="170" DmgMin="10" DmgMax="10" XPMin="100" XPMax="100" CPValue="1" ApoResourceMin="0" ApoResourceMax="0" CombatIntensity="0" />
    <StatsAtLevel Level="50" HealthMin="170" HealthMax="170" DmgMin="10" DmgMax="10" XPMin="100" XPMax="100" CPValue="1" ApoResourceMin="0" ApoResourceMax="0" CombatIntensity="0" />
    <StatsAtLevel Level="51" HealthMin="170" HealthMax="170" DmgMin="10" DmgMax="10" XPMin="100" XPMax="100" CPValue="1" ApoResourceMin="0" ApoResourceMax="0" CombatIntensity="0" />
    <StatsAtLevel Level="52" HealthMin="170" HealthMax="170" DmgMin="10" DmgMax="10" XPMin="100" XPMax="100" CPValue="1" ApoResourceMin="0" ApoResourceMax="0" CombatIntensity="0" />
    <StatsAtLevel Level="53" HealthMin="170" HealthMax="170" DmgMin="10" DmgMax="10" XPMin="100" XPMax="100" CPValue="1" ApoResourceMin="0" ApoResourceMax="0" CombatIntensity="0" />
    <StatsAtLevel Level="54" HealthMin="170" HealthMax="170" DmgMin="10" DmgMax="10" XPMin="100" XPMax="100" CPValue="1" ApoResourceMin="0" ApoResourceMax="0" CombatIntensity="0" />
    <StatsAtLevel Level="55" HealthMin="170" HealthMax="170" DmgMin="10" DmgMax="10" XPMin="100" XPMax="100" CPValue="1" ApoResourceMin="0" ApoResourceMax="0" CombatIntensity="0" />
    <StatsAtLevel Level="56" HealthMin="170" HealthMax="170" DmgMin="10" DmgMax="10" XPMin="100" XPMax="100" CPValue="1" ApoResourceMin="0" ApoResourceMax="0" CombatIntensity="0" />
    <StatsAtLevel Level="57" HealthMin="170" HealthMax="170" DmgMin="10" DmgMax="10" XPMin="100" XPMax="100" CPValue="1" ApoResourceMin="0" ApoResourceMax="0" CombatIntensity="0" />
    <StatsAtLevel Level="58" HealthMin="170" HealthMax="170" DmgMin="10" DmgMax="10" XPMin="100" XPMax="100" CPValue="1" ApoResourceMin="0" ApoResourceMax="0" CombatIntensity="0" />
    <StatsAtLevel Level="59" HealthMin="170" HealthMax="170" DmgMin="10" DmgMax="10" XPMin="100" XPMax="100" CPValue="1" ApoResourceMin="0" ApoResourceMax="0" CombatIntensity="0" />
    <StatsAtLevel Level="60" HealthMin="170" HealthMax="170" DmgMin="10" DmgMax="10" XPMin="100" XPMax="100" CPValue="1" ApoResourceMin="0" ApoResourceMax="0" CombatIntensity="0" />
  </Archetype>
</MetaData>