<MetaData>
  <SpawnClassFamily Name="scf_Adv_NPC2_UncommonCC_U">
    <SpawnChoice SpawnClassName="sc_Adv_NPC2_UncommonCC_1" Weight="1" ReqPlayerLevelMax="1" />
    <SpawnChoice SpawnClassName="sc_Adv_NPC2_UncommonCC_2" Weight="1" ReqPlayerLevelMax="1" />
  </SpawnClassFamily>
  <SpawnClassFamily Name="scf_Adv_NPC2_UncommonCC_D">
    <SpawnChoice SpawnClassName="sc_Adv_NPC2_UncommonCC_3" Weight="1" ReqPlayerLevelMax="1" />
    <SpawnChoice SpawnClassName="sc_Adv_NPC2_UncommonCC_4" Weight="1" ReqPlayerLevelMax="1" />
  </SpawnClassFamily>
  <SpawnClassFamily Name="scf_Adv_NPC2_UncommonCC_S">
    <SpawnChoice SpawnClassName="sc_Adv_NPC2_UncommonCC_5" Weight="1" ReqPlayerLevelMax="1" />
    <SpawnChoice SpawnClassName="sc_Adv_NPC2_UncommonCC_6" Weight="1" ReqPlayerLevelMax="1" />
  </SpawnClassFamily>
  <SpawnClassFamily Name="scf_Adv_NPC2_UncommonCC_B">
    <SpawnChoice SpawnClassName="sc_Adv_NPC2_UncommonCC_7" Weight="1" ReqPlayerLevelMax="1" />
    <SpawnChoice SpawnClassName="sc_Adv_NPC2_UncommonCC_8" Weight="1" ReqPlayerLevelMax="1" />
  </SpawnClassFamily>
</MetaData>