<MetaData>
  <SpawnClassFamily Name="scf_Adv_NPC2_CommonCC_U">
    <SpawnChoice SpawnClassName="sc_Adv_NPC2_CommonCC_1" Weight="1" ReqPlayerLevelMax="1" />
    <SpawnChoice SpawnClassName="sc_Adv_NPC2_CommonCC_2" Weight="1" ReqPlayerLevelMax="1" />
  </SpawnClassFamily>
  <SpawnClassFamily Name="scf_Adv_NPC2_CommonCC_D">
    <SpawnChoice SpawnClassName="sc_Adv_NPC2_CommonCC_3" Weight="1" ReqPlayerLevelMax="1" />
    <SpawnChoice SpawnClassName="sc_Adv_NPC2_CommonCC_4" Weight="1" ReqPlayerLevelMax="1" />
  </SpawnClassFamily>
  <SpawnClassFamily Name="scf_Adv_NPC2_CommonCC_S">
    <SpawnChoice SpawnClassName="sc_Adv_NPC2_CommonCC_5" Weight="1" ReqPlayerLevelMax="1" />
    <SpawnChoice SpawnClassName="sc_Adv_NPC2_CommonCC_6" Weight="1" ReqPlayerLevelMax="1" />
  </SpawnClassFamily>
  <SpawnClassFamily Name="scf_Adv_NPC2_CommonCC_B">
    <SpawnChoice SpawnClassName="sc_Adv_NPC2_CommonCC_7" Weight="1" ReqPlayerLevelMax="1" />
    <SpawnChoice SpawnClassName="sc_Adv_NPC2_CommonCC_8" Weight="1" ReqPlayerLevelMax="1" />
  </SpawnClassFamily>
</MetaData>