<MetaData>
  <SpawnClassFamily Name="scf_Adv_NPC2_LegendaryCC_U">
    <SpawnChoice SpawnClassName="sc_Adv_NPC2_LegendaryCC_1" Weight="1" ReqPlayerLevelMax="1" />
    <SpawnChoice SpawnClassName="sc_Adv_NPC2_LegendaryCC_2" Weight="1" ReqPlayerLevelMax="1" />
  </SpawnClassFamily>
  <SpawnClassFamily Name="scf_Adv_NPC2_LegendaryCC_D">
    <SpawnChoice SpawnClassName="sc_Adv_NPC2_LegendaryCC_3" Weight="1" ReqPlayerLevelMax="1" />
    <SpawnChoice SpawnClassName="sc_Adv_NPC2_LegendaryCC_4" Weight="1" ReqPlayerLevelMax="1" />
  </SpawnClassFamily>
  <SpawnClassFamily Name="scf_Adv_NPC2_LegendaryCC_S">
    <SpawnChoice SpawnClassName="sc_Adv_NPC2_LegendaryCC_5" Weight="1" ReqPlayerLevelMax="1" />
    <SpawnChoice SpawnClassName="sc_Adv_NPC2_LegendaryCC_6" Weight="1" ReqPlayerLevelMax="1" />
  </SpawnClassFamily>
  <SpawnClassFamily Name="scf_Adv_NPC2_LegendaryCC_B">
    <SpawnChoice SpawnClassName="sc_Adv_NPC2_LegendaryCC_7" Weight="1" ReqPlayerLevelMax="1" />
    <SpawnChoice SpawnClassName="sc_Adv_NPC2_LegendaryCC_8" Weight="1" ReqPlayerLevelMax="1" />
  </SpawnClassFamily>
</MetaData>