<MetaData>
  <SpawnClassFamily Name="scf_Adv_NPC2_RareCC_U">
    <SpawnChoice SpawnClassName="sc_Adv_NPC2_RareCC_1" Weight="1" ReqPlayerLevelMax="1" />
    <SpawnChoice SpawnClassName="sc_Adv_NPC2_RareCC_2" Weight="1" ReqPlayerLevelMax="1" />
  </SpawnClassFamily>
  <SpawnClassFamily Name="scf_Adv_NPC2_RareCC_D">
    <SpawnChoice SpawnClassName="sc_Adv_NPC2_RareCC_3" Weight="1" ReqPlayerLevelMax="1" />
    <SpawnChoice SpawnClassName="sc_Adv_NPC2_RareCC_4" Weight="1" ReqPlayerLevelMax="1" />
  </SpawnClassFamily>
  <SpawnClassFamily Name="scf_Adv_NPC2_RareCC_S">
    <SpawnChoice SpawnClassName="sc_Adv_NPC2_RareCC_5" Weight="1" ReqPlayerLevelMax="1" />
    <SpawnChoice SpawnClassName="sc_Adv_NPC2_RareCC_6" Weight="1" ReqPlayerLevelMax="1" />
  </SpawnClassFamily>
  <SpawnClassFamily Name="scf_Adv_NPC2_RareCC_B">
    <SpawnChoice SpawnClassName="sc_Adv_NPC2_RareCC_7" Weight="1" ReqPlayerLevelMax="1" />
    <SpawnChoice SpawnClassName="sc_Adv_NPC2_RareCC_8" Weight="1" ReqPlayerLevelMax="1" />
  </SpawnClassFamily>
</MetaData>