<Factions>
  <Faction name="Boss_Event">
    <Reaction faction="Templars" reaction="friendly" damage_modifier="1" />
    <Reaction faction="Wild" reaction="friendly" damage_modifier="1" />
    <Reaction faction="ACT1_BOSS" reaction="friendly" damage_modifier="1" />
    <Reaction faction="Boss_Event" reaction="friendly" damage_modifier="1" />
    <Reaction faction="Players" reaction="hostile" damage_modifier="1" />
    <Reaction faction="SuperFriendly" reaction="friendly" damage_modifier="1" />
    <Reaction faction="PlayerVanish" reaction="hostile" damage_modifier="1" />
    <Reaction faction="Svriirs" reaction="friendly" damage_modifier="1" />
    <Reaction faction="Outlaws" reaction="friendly" damage_modifier="0" />
    <Reaction faction="CultOfSouls" reaction="friendly" damage_modifier="0" />
    <Reaction faction="CultOfFlesh" reaction="friendly" damage_modifier="0" />
    <Reaction faction="CultOfFury" reaction="friendly" damage_modifier="0" />
    <Reaction faction="Republic" reaction="friendly" damage_modifier="0" />
    <Reaction faction="Chosen" reaction="friendly" damage_modifier="1" />
    <Reaction faction="ChosenCharger" reaction="friendly" damage_modifier="1" />
    <Reaction faction="Other" reaction="friendly" damage_modifier="1" />
    <Reaction faction="PlayerFriendly" reaction="friendly" damage_modifier="1" />
    <Reaction faction="FireHazard" reaction="friendly" damage_modifier="1" />
    <Reaction faction="Primordial" reaction="friendly" damage_modifier="1" />
    <Reaction faction="ExplosiveContainer" reaction="hostile" damage_modifier="1" />
  </Faction>
  <Faction name="Templars">
    <Reaction faction="Templars" reaction="friendly" damage_modifier="1" />
    <Reaction faction="Wild" reaction="friendly" damage_modifier="1" />
    <Reaction faction="Players" reaction="hostile" damage_modifier="1" />
    <Reaction faction="ACT1_BOSS" reaction="friendly" damage_modifier="1" />
    <Reaction faction="SuperFriendly" reaction="friendly" damage_modifier="1" />
    <Reaction faction="PlayerVanish" reaction="hostile" damage_modifier="1" />
    <Reaction faction="PlayerFriendly" reaction="hostile" damage_modifier="1" />
    <Reaction faction="Svriirs" reaction="friendly" damage_modifier="1" />
    <Reaction faction="Outlaws" reaction="friendly" damage_modifier="1" />
    <Reaction faction="CultOfSouls" reaction="friendly" damage_modifier="1" />
    <Reaction faction="CultOfFlesh" reaction="friendly" damage_modifier="1" />
    <Reaction faction="CultOfFury" reaction="friendly" damage_modifier="1" />
    <Reaction faction="Republic" reaction="friendly" damage_modifier="1" />
    <Reaction faction="Chosen" reaction="friendly" damage_modifier="1" />
    <Reaction faction="ChosenCharger" reaction="friendly" damage_modifier="1" />
    <Reaction faction="Other" reaction="hostile" damage_modifier="1" />
    <Reaction faction="Primordial" reaction="friendly" damage_modifier="1" />
    <Reaction faction="FireHazard" reaction="friendly" damage_modifier="1" />
    <Reaction faction="ExplosiveContainer" reaction="hostile" damage_modifier="1" />
    <Reaction faction="Boss_Event" reaction="friendly" damage_modifier="1" />
  </Faction>
  <Faction name="Wild">
    <Reaction faction="Templars" reaction="friendly" damage_modifier="1" />
    <Reaction faction="Wild" reaction="friendly" damage_modifier="1" />
    <Reaction faction="Players" reaction="hostile" damage_modifier="1" />
    <Reaction faction="ACT1_BOSS" reaction="friendly" damage_modifier="1" />
    <Reaction faction="SuperFriendly" reaction="friendly" damage_modifier="1" />
    <Reaction faction="PlayerVanish" reaction="hostile" damage_modifier="1" />
    <Reaction faction="PlayerFriendly" reaction="hostile" damage_modifier="1" />
    <Reaction faction="Svriirs" reaction="friendly" damage_modifier="1" />
    <Reaction faction="Outlaws" reaction="friendly" damage_modifier="1" />
    <Reaction faction="CultOfSouls" reaction="friendly" damage_modifier="1" />
    <Reaction faction="CultOfFlesh" reaction="friendly" damage_modifier="1" />
    <Reaction faction="CultOfFury" reaction="friendly" damage_modifier="1" />
    <Reaction faction="Republic" reaction="friendly" damage_modifier="1" />
    <Reaction faction="Chosen" reaction="friendly" damage_modifier="1" />
    <Reaction faction="ChosenCharger" reaction="friendly" damage_modifier="1" />
    <Reaction faction="Other" reaction="hostile" damage_modifier="1" />
    <Reaction faction="Primordial" reaction="friendly" damage_modifier="1" />
    <Reaction faction="FireHazard" reaction="friendly" damage_modifier="1" />
    <Reaction faction="ExplosiveContainer" reaction="hostile" damage_modifier="1" />
    <Reaction faction="Boss_Event" reaction="friendly" damage_modifier="1" />
  </Faction>
  <Faction name="ACT1_BOSS">
    <Reaction faction="Templars" reaction="friendly" damage_modifier="1" />
    <Reaction faction="Wild" reaction="friendly" damage_modifier="1" />
    <Reaction faction="ACT1_BOSS" reaction="friendly" damage_modifier="1" />
    <Reaction faction="Players" reaction="hostile" damage_modifier="1" />
    <Reaction faction="SuperFriendly" reaction="friendly" damage_modifier="1" />
    <Reaction faction="PlayerVanish" reaction="hostile" damage_modifier="1" />
    <Reaction faction="PlayerFriendly" reaction="hostile" damage_modifier="1" />
    <Reaction faction="Svriirs" reaction="friendly" damage_modifier="1" />
    <Reaction faction="Outlaws" reaction="friendly" damage_modifier="1" />
    <Reaction faction="CultOfSouls" reaction="friendly" damage_modifier="1" />
    <Reaction faction="CultOfFlesh" reaction="friendly" damage_modifier="1" />
    <Reaction faction="CultOfFury" reaction="friendly" damage_modifier="1" />
    <Reaction faction="Republic" reaction="friendly" damage_modifier="1" />
    <Reaction faction="Chosen" reaction="friendly" damage_modifier="1" />
    <Reaction faction="ChosenCharger" reaction="friendly" damage_modifier="1" />
    <Reaction faction="Other" reaction="hostile" damage_modifier="1" />
    <Reaction faction="FireHazard" reaction="friendly" damage_modifier="1" />
    <Reaction faction="Primordial" reaction="hostile" damage_modifier="1" />
    <Reaction faction="ExplosiveContainer" reaction="hostile" damage_modifier="1" />
    <Reaction faction="Boss_Event" reaction="friendly" damage_modifier="1" />
  </Faction>
  <Faction name="Players">
    <Reaction faction="Templars" reaction="hostile" damage_modifier="1" />
    <Reaction faction="Wild" reaction="hostile" damage_modifier="1" />
    <Reaction faction="ACT1_BOSS" reaction="hostile" damage_modifier="1" />
    <Reaction faction="Players" reaction="friendly" damage_modifier="1" />
    <Reaction faction="SuperFriendly" reaction="friendly" damage_modifier="1" />
    <Reaction faction="PlayerVanish" reaction="friendly" damage_modifier="1" />
    <Reaction faction="PlayerFriendly" reaction="friendly" damage_modifier="1" />
    <Reaction faction="Svriirs" reaction="hostile" damage_modifier="1" />
    <Reaction faction="Outlaws" reaction="hostile" damage_modifier="1" />
    <Reaction faction="CultOfSouls" reaction="hostile" damage_modifier="1" />
    <Reaction faction="CultOfFlesh" reaction="hostile" damage_modifier="1" />
    <Reaction faction="CultOfFury" reaction="hostile" damage_modifier="1" />
    <Reaction faction="Republic" reaction="hostile" damage_modifier="1" />
    <Reaction faction="Chosen" reaction="hostile" damage_modifier="1" />
    <Reaction faction="ChosenCharger" reaction="hostile" damage_modifier="1" />
    <Reaction faction="Other" reaction="friendly" damage_modifier="1" />
    <Reaction faction="FireHazard" reaction="hostile" damage_modifier="1" />
    <Reaction faction="Primordial" reaction="friendly" damage_modifier="1" />
    <Reaction faction="ExplosiveContainer" reaction="hostile" damage_modifier="1" />
    <Reaction faction="Boss_Event" reaction="hostile" damage_modifier="1" />
  </Faction>
  <Faction name="SuperFriendly">
    <Reaction faction="Templars" reaction="friendly" damage_modifier="1" />
    <Reaction faction="Wild" reaction="friendly" damage_modifier="1" />
    <Reaction faction="ACT1_BOSS" reaction="friendly" damage_modifier="1" />
    <Reaction faction="Players" reaction="friendly" damage_modifier="1" />
    <Reaction faction="SuperFriendly" reaction="friendly" damage_modifier="1" />
    <Reaction faction="PlayerVanish" reaction="friendly" damage_modifier="1" />
    <Reaction faction="Svriirs" reaction="friendly" damage_modifier="1" />
    <Reaction faction="Outlaws" reaction="friendly" damage_modifier="1" />
    <Reaction faction="CultOfSouls" reaction="friendly" damage_modifier="1" />
    <Reaction faction="CultOfFlesh" reaction="friendly" damage_modifier="1" />
    <Reaction faction="CultOfFury" reaction="friendly" damage_modifier="1" />
    <Reaction faction="Republic" reaction="friendly" damage_modifier="1" />
    <Reaction faction="Chosen" reaction="friendly" damage_modifier="1" />
    <Reaction faction="ChosenCharger" reaction="friendly" damage_modifier="1" />
    <Reaction faction="Other" reaction="friendly" damage_modifier="1" />
    <Reaction faction="PlayerFriendly" reaction="friendly" damage_modifier="1" />
    <Reaction faction="FireHazard" reaction="friendly" damage_modifier="1" />
    <Reaction faction="Primordial" reaction="friendly" damage_modifier="1" />
    <Reaction faction="ExplosiveContainer" reaction="friendly" damage_modifier="1" />
    <Reaction faction="Boss_Event" reaction="friendly" damage_modifier="1" />
  </Faction>
  <Faction name="PlayerFriendly">
    <Reaction faction="Templars" reaction="hostile" damage_modifier="1" />
    <Reaction faction="Wild" reaction="hostile" damage_modifier="1" />
    <Reaction faction="ACT1_BOSS" reaction="friendly" damage_modifier="1" />
    <Reaction faction="Players" reaction="friendly" damage_modifier="1" />
    <Reaction faction="SuperFriendly" reaction="friendly" damage_modifier="1" />
    <Reaction faction="PlayerVanish" reaction="friendly" damage_modifier="1" />
    <Reaction faction="Svriirs" reaction="hostile" damage_modifier="1" />
    <Reaction faction="Outlaws" reaction="hostile" damage_modifier="1" />
    <Reaction faction="CultOfSouls" reaction="hostile" damage_modifier="1" />
    <Reaction faction="CultOfFlesh" reaction="hostile" damage_modifier="1" />
    <Reaction faction="CultOfFury" reaction="hostile" damage_modifier="1" />
    <Reaction faction="Republic" reaction="hostile" damage_modifier="1" />
    <Reaction faction="Chosen" reaction="hostile" damage_modifier="1" />
    <Reaction faction="ChosenCharger" reaction="friendly" damage_modifier="1" />
    <Reaction faction="Other" reaction="friendly" damage_modifier="1" />
    <Reaction faction="FireHazard" reaction="hostile" damage_modifier="1" />
    <Reaction faction="Primordial" reaction="friendly" damage_modifier="1" />
    <Reaction faction="ExplosiveContainer" reaction="hostile" damage_modifier="1" />
    <Reaction faction="Boss_Event" reaction="hostile" damage_modifier="1" />
  </Faction>
  <Faction name="PlayerVanish">
    <Reaction faction="Templars" reaction="hostile" damage_modifier="1" />
    <Reaction faction="Wild" reaction="hostile" damage_modifier="1" />
    <Reaction faction="ACT1_BOSS" reaction="hostile" damage_modifier="1" />
    <Reaction faction="Players" reaction="friendly" damage_modifier="1" />
    <Reaction faction="SuperFriendly" reaction="friendly" damage_modifier="1" />
    <Reaction faction="PlayerVanish" reaction="friendly" damage_modifier="1" />
    <Reaction faction="Svriirs" reaction="hostile" damage_modifier="1" />
    <Reaction faction="Outlaws" reaction="hostile" damage_modifier="1" />
    <Reaction faction="CultOfSouls" reaction="hostile" damage_modifier="1" />
    <Reaction faction="CultOfFlesh" reaction="hostile" damage_modifier="1" />
    <Reaction faction="CultOfFury" reaction="hostile" damage_modifier="1" />
    <Reaction faction="Republic" reaction="hostile" damage_modifier="1" />
    <Reaction faction="Chosen" reaction="hostile" damage_modifier="1" />
    <Reaction faction="ChosenCharger" reaction="friendly" damage_modifier="1" />
    <Reaction faction="Other" reaction="friendly" damage_modifier="1" />
    <Reaction faction="PlayerFriendly" reaction="friendly" damage_modifier="1" />
    <Reaction faction="FireHazard" reaction="hostile" damage_modifier="1" />
    <Reaction faction="Primordial" reaction="friendly" damage_modifier="1" />
    <Reaction faction="ExplosiveContainer" reaction="hostile" damage_modifier="1" />
    <Reaction faction="Boss_Event" reaction="hostile" damage_modifier="1" />
  </Faction>
  <Faction name="Svriirs">
    <Reaction faction="Templars" reaction="friendly" damage_modifier="1" />
    <Reaction faction="Wild" reaction="friendly" damage_modifier="1" />
    <Reaction faction="ACT1_BOSS" reaction="friendly" damage_modifier="1" />
    <Reaction faction="Players" reaction="hostile" damage_modifier="1" />
    <Reaction faction="SuperFriendly" reaction="friendly" damage_modifier="1" />
    <Reaction faction="PlayerVanish" reaction="hostile" damage_modifier="1" />
    <Reaction faction="Svriirs" reaction="friendly" damage_modifier="1" />
    <Reaction faction="Outlaws" reaction="friendly" damage_modifier="0" />
    <Reaction faction="CultOfSouls" reaction="friendly" damage_modifier="0" />
    <Reaction faction="CultOfFlesh" reaction="friendly" damage_modifier="0" />
    <Reaction faction="CultOfFury" reaction="friendly" damage_modifier="0" />
    <Reaction faction="Republic" reaction="friendly" damage_modifier="0" />
    <Reaction faction="Chosen" reaction="friendly" damage_modifier="1" />
    <Reaction faction="ChosenCharger" reaction="friendly" damage_modifier="1" />
    <Reaction faction="Other" reaction="hostile" damage_modifier="1" />
    <Reaction faction="PlayerFriendly" reaction="hostile" damage_modifier="1" />
    <Reaction faction="FireHazard" reaction="friendly" damage_modifier="1" />
    <Reaction faction="Primordial" reaction="hostile" damage_modifier="1" />
    <Reaction faction="ExplosiveContainer" reaction="hostile" damage_modifier="1" />
    <Reaction faction="Boss_Event" reaction="friendly" damage_modifier="1" />
  </Faction>
  <Faction name="Outlaws">
    <Reaction faction="Templars" reaction="friendly" damage_modifier="1" />
    <Reaction faction="Wild" reaction="friendly" damage_modifier="1" />
    <Reaction faction="ACT1_BOSS" reaction="friendly" damage_modifier="1" />
    <Reaction faction="Players" reaction="hostile" damage_modifier="1" />
    <Reaction faction="SuperFriendly" reaction="friendly" damage_modifier="1" />
    <Reaction faction="PlayerVanish" reaction="hostile" damage_modifier="1" />
    <Reaction faction="Svriirs" reaction="friendly" damage_modifier="0" />
    <Reaction faction="Outlaws" reaction="friendly" damage_modifier="1" />
    <Reaction faction="CultOfSouls" reaction="friendly" damage_modifier="0" />
    <Reaction faction="CultOfFlesh" reaction="friendly" damage_modifier="0" />
    <Reaction faction="CultOfFury" reaction="friendly" damage_modifier="0" />
    <Reaction faction="Republic" reaction="friendly" damage_modifier="0" />
    <Reaction faction="Chosen" reaction="friendly" damage_modifier="1" />
    <Reaction faction="ChosenCharger" reaction="friendly" damage_modifier="1" />
    <Reaction faction="Other" reaction="hostile" damage_modifier="1" />
    <Reaction faction="PlayerFriendly" reaction="hostile" damage_modifier="1" />
    <Reaction faction="FireHazard" reaction="friendly" damage_modifier="1" />
    <Reaction faction="Primordial" reaction="hostile" damage_modifier="1" />
    <Reaction faction="ExplosiveContainer" reaction="hostile" damage_modifier="1" />
    <Reaction faction="Boss_Event" reaction="friendly" damage_modifier="1" />
  </Faction>
  <Faction name="CultOfSouls">
    <Reaction faction="Templars" reaction="friendly" damage_modifier="1" />
    <Reaction faction="Wild" reaction="friendly" damage_modifier="1" />
    <Reaction faction="ACT1_BOSS" reaction="friendly" damage_modifier="1" />
    <Reaction faction="Players" reaction="hostile" damage_modifier="1" />
    <Reaction faction="SuperFriendly" reaction="friendly" damage_modifier="1" />
    <Reaction faction="PlayerVanish" reaction="hostile" damage_modifier="1" />
    <Reaction faction="Svriirs" reaction="friendly" damage_modifier="0" />
    <Reaction faction="Outlaws" reaction="friendly" damage_modifier="0" />
    <Reaction faction="CultOfSouls" reaction="friendly" damage_modifier="1" />
    <Reaction faction="CultOfFlesh" reaction="friendly" damage_modifier="1" />
    <Reaction faction="CultOfFury" reaction="friendly" damage_modifier="1" />
    <Reaction faction="Republic" reaction="friendly" damage_modifier="0" />
    <Reaction faction="Chosen" reaction="friendly" damage_modifier="1" />
    <Reaction faction="ChosenCharger" reaction="friendly" damage_modifier="1" />
    <Reaction faction="Other" reaction="hostile" damage_modifier="1" />
    <Reaction faction="PlayerFriendly" reaction="hostile" damage_modifier="1" />
    <Reaction faction="FireHazard" reaction="friendly" damage_modifier="1" />
    <Reaction faction="Primordial" reaction="hostile" damage_modifier="1" />
    <Reaction faction="ExplosiveContainer" reaction="hostile" damage_modifier="1" />
    <Reaction faction="Boss_Event" reaction="friendly" damage_modifier="1" />
  </Faction>
  <Faction name="CultOfFlesh">
    <Reaction faction="Templars" reaction="friendly" damage_modifier="1" />
    <Reaction faction="Wild" reaction="friendly" damage_modifier="1" />
    <Reaction faction="ACT1_BOSS" reaction="friendly" damage_modifier="1" />
    <Reaction faction="Players" reaction="hostile" damage_modifier="1" />
    <Reaction faction="SuperFriendly" reaction="friendly" damage_modifier="1" />
    <Reaction faction="PlayerVanish" reaction="hostile" damage_modifier="1" />
    <Reaction faction="Svriirs" reaction="friendly" damage_modifier="0" />
    <Reaction faction="Outlaws" reaction="friendly" damage_modifier="0" />
    <Reaction faction="CultOfSouls" reaction="friendly" damage_modifier="1" />
    <Reaction faction="CultOfFlesh" reaction="friendly" damage_modifier="1" />
    <Reaction faction="CultOfFury" reaction="friendly" damage_modifier="1" />
    <Reaction faction="Republic" reaction="friendly" damage_modifier="0" />
    <Reaction faction="Chosen" reaction="friendly" damage_modifier="1" />
    <Reaction faction="ChosenCharger" reaction="friendly" damage_modifier="1" />
    <Reaction faction="Other" reaction="hostile" damage_modifier="1" />
    <Reaction faction="PlayerFriendly" reaction="hostile" damage_modifier="1" />
    <Reaction faction="FireHazard" reaction="friendly" damage_modifier="1" />
    <Reaction faction="Primordial" reaction="hostile" damage_modifier="1" />
    <Reaction faction="ExplosiveContainer" reaction="hostile" damage_modifier="1" />
    <Reaction faction="Boss_Event" reaction="friendly" damage_modifier="1" />
  </Faction>
  <Faction name="CultOfFury">
    <Reaction faction="Templars" reaction="friendly" damage_modifier="1" />
    <Reaction faction="Wild" reaction="friendly" damage_modifier="1" />
    <Reaction faction="ACT1_BOSS" reaction="friendly" damage_modifier="1" />
    <Reaction faction="Players" reaction="hostile" damage_modifier="1" />
    <Reaction faction="SuperFriendly" reaction="friendly" damage_modifier="1" />
    <Reaction faction="PlayerVanish" reaction="hostile" damage_modifier="1" />
    <Reaction faction="Svriirs" reaction="friendly" damage_modifier="0" />
    <Reaction faction="Outlaws" reaction="friendly" damage_modifier="0" />
    <Reaction faction="CultOfSouls" reaction="friendly" damage_modifier="1" />
    <Reaction faction="CultOfFlesh" reaction="friendly" damage_modifier="1" />
    <Reaction faction="CultOfFury" reaction="friendly" damage_modifier="1" />
    <Reaction faction="Republic" reaction="friendly" damage_modifier="0" />
    <Reaction faction="Chosen" reaction="friendly" damage_modifier="1" />
    <Reaction faction="ChosenCharger" reaction="friendly" damage_modifier="1" />
    <Reaction faction="Other" reaction="friendly" damage_modifier="1" />
    <Reaction faction="PlayerFriendly" reaction="hostile" damage_modifier="1" />
    <Reaction faction="FireHazard" reaction="friendly" damage_modifier="1" />
    <Reaction faction="Primordial" reaction="hostile" damage_modifier="1" />
    <Reaction faction="ExplosiveContainer" reaction="hostile" damage_modifier="1" />
    <Reaction faction="Boss_Event" reaction="friendly" damage_modifier="1" />
  </Faction>
  <Faction name="Republic">
    <Reaction faction="Templars" reaction="friendly" damage_modifier="1" />
    <Reaction faction="Wild" reaction="friendly" damage_modifier="1" />
    <Reaction faction="ACT1_BOSS" reaction="friendly" damage_modifier="1" />
    <Reaction faction="Players" reaction="hostile" damage_modifier="1" />
    <Reaction faction="SuperFriendly" reaction="friendly" damage_modifier="1" />
    <Reaction faction="PlayerVanish" reaction="hostile" damage_modifier="1" />
    <Reaction faction="Svriirs" reaction="friendly" damage_modifier="0" />
    <Reaction faction="Outlaws" reaction="friendly" damage_modifier="0" />
    <Reaction faction="CultOfSouls" reaction="friendly" damage_modifier="0" />
    <Reaction faction="CultOfFlesh" reaction="friendly" damage_modifier="0" />
    <Reaction faction="CultOfFury" reaction="friendly" damage_modifier="0" />
    <Reaction faction="Republic" reaction="friendly" damage_modifier="1" />
    <Reaction faction="Chosen" reaction="friendly" damage_modifier="1" />
    <Reaction faction="ChosenCharger" reaction="friendly" damage_modifier="1" />
    <Reaction faction="Other" reaction="hostile" damage_modifier="1" />
    <Reaction faction="PlayerFriendly" reaction="hostile" damage_modifier="1" />
    <Reaction faction="FireHazard" reaction="friendly" damage_modifier="1" />
    <Reaction faction="Primordial" reaction="hostile" damage_modifier="1" />
    <Reaction faction="ExplosiveContainer" reaction="hostile" damage_modifier="1" />
    <Reaction faction="Boss_Event" reaction="friendly" damage_modifier="1" />
  </Faction>
  <Faction name="Chosen">
    <Reaction faction="Templars" reaction="friendly" damage_modifier="1" />
    <Reaction faction="Wild" reaction="friendly" damage_modifier="1" />
    <Reaction faction="ACT1_BOSS" reaction="friendly" damage_modifier="1" />
    <Reaction faction="Players" reaction="hostile" damage_modifier="1" />
    <Reaction faction="SuperFriendly" reaction="friendly" damage_modifier="1" />
    <Reaction faction="PlayerVanish" reaction="friendly" damage_modifier="1" />
    <Reaction faction="Svriirs" reaction="friendly" damage_modifier="1" />
    <Reaction faction="Outlaws" reaction="friendly" damage_modifier="1" />
    <Reaction faction="CultOfSouls" reaction="friendly" damage_modifier="1" />
    <Reaction faction="Republic" reaction="friendly" damage_modifier="1" />
    <Reaction faction="CultOfFlesh" reaction="friendly" damage_modifier="1" />
    <Reaction faction="CultOfFury" reaction="friendly" damage_modifier="1" />
    <Reaction faction="Chosen" reaction="friendly" damage_modifier="1" />
    <Reaction faction="ChosenCharger" reaction="friendly" damage_modifier="1" />
    <Reaction faction="Other" reaction="friendly" damage_modifier="1" />
    <Reaction faction="PlayerFriendly" reaction="friendly" damage_modifier="1" />
    <Reaction faction="FireHazard" reaction="friendly" damage_modifier="1" />
    <Reaction faction="Primordial" reaction="friendly" damage_modifier="1" />
    <Reaction faction="ExplosiveContainer" reaction="hostile" damage_modifier="1" />
    <Reaction faction="Boss_Event" reaction="friendly" damage_modifier="1" />
  </Faction>
  <Faction name="ChosenCharger">
    <Reaction faction="Templars" reaction="friendly" damage_modifier="1" />
    <Reaction faction="Wild" reaction="friendly" damage_modifier="1" />
    <Reaction faction="ACT1_BOSS" reaction="friendly" damage_modifier="1" />
    <Reaction faction="Players" reaction="hostile" damage_modifier="1" />
    <Reaction faction="SuperFriendly" reaction="friendly" damage_modifier="1" />
    <Reaction faction="PlayerVanish" reaction="friendly" damage_modifier="1" />
    <Reaction faction="Svriirs" reaction="friendly" damage_modifier="1" />
    <Reaction faction="Outlaws" reaction="friendly" damage_modifier="1" />
    <Reaction faction="CultOfSouls" reaction="friendly" damage_modifier="1" />
    <Reaction faction="Republic" reaction="friendly" damage_modifier="1" />
    <Reaction faction="CultOfFlesh" reaction="friendly" damage_modifier="1" />
    <Reaction faction="CultOfFury" reaction="friendly" damage_modifier="1" />
    <Reaction faction="Chosen" reaction="friendly" damage_modifier="1" />
    <Reaction faction="ChosenCharger" reaction="friendly" damage_modifier="1" />
    <Reaction faction="Other" reaction="friendly" damage_modifier="1" />
    <Reaction faction="PlayerFriendly" reaction="friendly" damage_modifier="1" />
    <Reaction faction="FireHazard" reaction="friendly" damage_modifier="1" />
    <Reaction faction="Primordial" reaction="friendly" damage_modifier="1" />
    <Reaction faction="ExplosiveContainer" reaction="hostile" damage_modifier="1" />
    <Reaction faction="Boss_Event" reaction="friendly" damage_modifier="1" />
  </Faction>
  <Faction name="Other">
    <Reaction faction="Templars" reaction="friendly" damage_modifier="1" />
    <Reaction faction="Wild" reaction="friendly" damage_modifier="1" />
    <Reaction faction="ACT1_BOSS" reaction="hostile" damage_modifier="1" />
    <Reaction faction="Players" reaction="hostile" damage_modifier="1" />
    <Reaction faction="SuperFriendly" reaction="friendly" damage_modifier="1" />
    <Reaction faction="PlayerVanish" reaction="friendly" damage_modifier="1" />
    <Reaction faction="Svriirs" reaction="hostile" damage_modifier="1" />
    <Reaction faction="Outlaws" reaction="hostile" damage_modifier="1" />
    <Reaction faction="CultOfSouls" reaction="hostile" damage_modifier="1" />
    <Reaction faction="CultOfFlesh" reaction="hostile" damage_modifier="1" />
    <Reaction faction="CultOfFury" reaction="hostile" damage_modifier="1" />
    <Reaction faction="Republic" reaction="hostile" damage_modifier="1" />
    <Reaction faction="Chosen" reaction="friendly" damage_modifier="1" />
    <Reaction faction="ChosenCharger" reaction="friendly" damage_modifier="1" />
    <Reaction faction="Other" reaction="friendly" damage_modifier="1" />
    <Reaction faction="PlayerFriendly" reaction="friendly" damage_modifier="1" />
    <Reaction faction="FireHazard" reaction="friendly" damage_modifier="1" />
    <Reaction faction="Primordial" reaction="friendly" damage_modifier="1" />
    <Reaction faction="ExplosiveContainer" reaction="hostile" damage_modifier="1" />
    <Reaction faction="Boss_Event" reaction="friendly" damage_modifier="1" />
  </Faction>
  <Faction name="FireHazard">
    <Reaction faction="Templars" reaction="friendly" damage_modifier="1" />
    <Reaction faction="Wild" reaction="friendly" damage_modifier="1" />
    <Reaction faction="ACT1_BOSS" reaction="friendly" damage_modifier="1" />
    <Reaction faction="Players" reaction="hostile" damage_modifier="1" />
    <Reaction faction="SuperFriendly" reaction="friendly" damage_modifier="1" />
    <Reaction faction="PlayerVanish" reaction="hostile" damage_modifier="1" />
    <Reaction faction="PlayerFriendly" reaction="hostile" damage_modifier="1" />
    <Reaction faction="FireHazard" reaction="friendly" damage_modifier="1" />
    <Reaction faction="Svriirs" reaction="friendly" damage_modifier="1" />
    <Reaction faction="Outlaws" reaction="friendly" damage_modifier="1" />
    <Reaction faction="CultOfSouls" reaction="friendly" damage_modifier="1" />
    <Reaction faction="CultOfFlesh" reaction="friendly" damage_modifier="1" />
    <Reaction faction="CultOfFury" reaction="friendly" damage_modifier="1" />
    <Reaction faction="Republic" reaction="friendly" damage_modifier="1" />
    <Reaction faction="Chosen" reaction="friendly" damage_modifier="1" />
    <Reaction faction="ChosenCharger" reaction="friendly" damage_modifier="1" />
    <Reaction faction="Other" reaction="friendly" damage_modifier="1" />
    <Reaction faction="Primordial" reaction="hostile" damage_modifier="1" />
    <Reaction faction="ExplosiveContainer" reaction="hostile" damage_modifier="1" />
    <Reaction faction="Boss_Event" reaction="friendly" damage_modifier="1" />
  </Faction>
  <Faction name="ExplosiveContainer">
    <Reaction faction="Templars" reaction="hostile" damage_modifier="1" />
    <Reaction faction="Wild" reaction="hostile" damage_modifier="1" />
    <Reaction faction="Players" reaction="hostile" damage_modifier="1" />
    <Reaction faction="ACT1_BOSS" reaction="hostile" damage_modifier="1" />
    <Reaction faction="SuperFriendly" reaction="friendly" damage_modifier="1" />
    <Reaction faction="PlayerVanish" reaction="hostile" damage_modifier="1" />
    <Reaction faction="PlayerFriendly" reaction="hostile" damage_modifier="1" />
    <Reaction faction="Svriirs" reaction="hostile" damage_modifier="1" />
    <Reaction faction="Outlaws" reaction="hostile" damage_modifier="1" />
    <Reaction faction="CultOfSouls" reaction="hostile" damage_modifier="1" />
    <Reaction faction="CultOfFlesh" reaction="hostile" damage_modifier="1" />
    <Reaction faction="CultOfFury" reaction="hostile" damage_modifier="1" />
    <Reaction faction="Republic" reaction="hostile" damage_modifier="1" />
    <Reaction faction="Chosen" reaction="hostile" damage_modifier="1" />
    <Reaction faction="ChosenCharger" reaction="friendly" damage_modifier="1" />
    <Reaction faction="Other" reaction="hostile" damage_modifier="1" />
    <Reaction faction="Primordial" reaction="hostile" damage_modifier="1" />
    <Reaction faction="FireHazard" reaction="hostile" damage_modifier="1" />
    <Reaction faction="ExplosiveContainer" reaction="hostile" damage_modifier="1" />
    <Reaction faction="Boss_Event" reaction="hostile" damage_modifier="1" />
  </Faction>
  <Faction name="Primordial">
    <Reaction faction="Templars" reaction="friendly" damage_modifier="1" />
    <Reaction faction="Wild" reaction="hostile" damage_modifier="1" />
    <Reaction faction="ACT1_BOSS" reaction="hostile" damage_modifier="1" />
    <Reaction faction="Players" reaction="friendly" damage_modifier="1" />
    <Reaction faction="SuperFriendly" reaction="friendly" damage_modifier="1" />
    <Reaction faction="PlayerVanish" reaction="friendly" damage_modifier="1" />
    <Reaction faction="PlayerFriendly" reaction="friendly" damage_modifier="1" />
    <Reaction faction="FireHazard" reaction="hostile" damage_modifier="1" />
    <Reaction faction="Svriirs" reaction="hostile" damage_modifier="1" />
    <Reaction faction="Outlaws" reaction="hostile" damage_modifier="1" />
    <Reaction faction="CultOfSouls" reaction="hostile" damage_modifier="1" />
    <Reaction faction="CultOfFlesh" reaction="hostile" damage_modifier="1" />
    <Reaction faction="CultOfFury" reaction="hostile" damage_modifier="1" />
    <Reaction faction="Republic" reaction="hostile" damage_modifier="1" />
    <Reaction faction="Chosen" reaction="hostile" damage_modifier="1" />
    <Reaction faction="ChosenCharger" reaction="friendly" damage_modifier="1" />
    <Reaction faction="Other" reaction="friendly" damage_modifier="1" />
    <Reaction faction="Primordial" reaction="friendly" damage_modifier="1" />
    <Reaction faction="ExplosiveContainer" reaction="hostile" damage_modifier="1" />
    <Reaction faction="Boss_Event" reaction="friendly" damage_modifier="1" />
  </Faction>
</Factions>