<MetaData>
  <SpawnClass Name="sc_svriir_T">
    <Spawn Type="Actor" ClassName="SvriirOmega" NumberMin="1" NumberMax="2" LevelMin="1" LevelMax="60" LevelOffset="0" Center="0" SpawnOverTime="1" BossProba="0" LootClassOverride="" XPBonusPercent="0" IgnoreAnimation="0" />
  </SpawnClass>
  <SpawnClass Name="sc_svriir_T6">
    <Spawn Type="Actor" ClassName="SvriirOmegaBaby" NumberMin="10" NumberMax="10" LevelMin="1" LevelMax="60" LevelOffset="0" Center="0" SpawnOverTime="1" BossProba="0" LootClassOverride="" XPBonusPercent="0" IgnoreAnimation="0" />
  </SpawnClass>
  <SpawnClass Name="sc_svriir_T2">
    <Spawn Type="Actor" ClassName="SvriirBetaSpitter" NumberMin="1" NumberMax="1" LevelMin="1" LevelMax="60" LevelOffset="0" Center="0" SpawnOverTime="1" BossProba="0" LootClassOverride="" XPBonusPercent="0" IgnoreAnimation="0" />
  </SpawnClass>
  <SpawnClass Name="sc_svriir_T3">
    <Spawn Type="Actor" ClassName="SvriirBetaScreecher" NumberMin="1" NumberMax="1" LevelMin="1" LevelMax="60" LevelOffset="0" Center="0" SpawnOverTime="1" BossProba="0" LootClassOverride="" XPBonusPercent="0" IgnoreAnimation="0" />
  </SpawnClass>
  <SpawnClass Name="sc_svriir_T4">
    <Spawn Type="Actor" ClassName="SvriirBetaSpawner" NumberMin="1" NumberMax="1" LevelMin="1" LevelMax="60" LevelOffset="0" Center="0" SpawnOverTime="1" BossProba="0" LootClassOverride="" XPBonusPercent="0" IgnoreAnimation="0" />
  </SpawnClass>
  <SpawnClass Name="sc_svriir_T5">
    <Spawn Type="Actor" ClassName="SvriirAlphaPoison" NumberMin="1" NumberMax="1" LevelMin="1" LevelMax="60" LevelOffset="0" Center="0" SpawnOverTime="0" BossProba="0" LootClassOverride="" XPBonusPercent="0" IgnoreAnimation="0" />
  </SpawnClass>
  <SpawnClass Name="sc_svriir_Tuto">
    <Spawn Type="Actor" ClassName="SvriirOmegaBaby" NumberMin="1" NumberMax="1" LevelMin="1" LevelMax="60" LevelOffset="0" Center="0" SpawnOverTime="1" BossProba="0" LootClassOverride="" XPBonusPercent="0" IgnoreAnimation="0" />
  </SpawnClass>
  <SpawnClass Name="sc_svriir_Tuto2">
    <Spawn Type="Actor" ClassName="SvriirOmega" NumberMin="1" NumberMax="1" LevelMin="1" LevelMax="60" LevelOffset="0" Center="0" SpawnOverTime="1" BossProba="0" LootClassOverride="" XPBonusPercent="0" IgnoreAnimation="0" />
  </SpawnClass>
  <SpawnClass Name="sc_svriir_T7">
    <Spawn Type="Actor" ClassName="SvriirOmegaBaby" NumberMin="3" NumberMax="5" LevelMin="1" LevelMax="60" LevelOffset="0" Center="0" SpawnOverTime="1" BossProba="0" LootClassOverride="" XPBonusPercent="0" IgnoreAnimation="0" />
    <Spawn Type="Actor" ClassName="SvriirOmega" NumberMin="1" NumberMax="2" LevelMin="1" LevelMax="60" LevelOffset="0" Center="0" SpawnOverTime="1" BossProba="0" LootClassOverride="" XPBonusPercent="0" IgnoreAnimation="0" />
    <Spawn Type="Actor" ClassName="SvriirBetaSpitter" NumberMin="1" NumberMax="1" LevelMin="1" LevelMax="60" LevelOffset="0" Center="0" SpawnOverTime="1" BossProba="0" LootClassOverride="" XPBonusPercent="0" IgnoreAnimation="0" />
  </SpawnClass>
  <SpawnClass Name="sc_svriir_T8">
    <Spawn Type="Actor" ClassName="SvriirOmegaBaby" NumberMin="10" NumberMax="10" LevelMin="1" LevelMax="60" LevelOffset="0" Center="0" SpawnOverTime="1" BossProba="0" LootClassOverride="" XPBonusPercent="0" IgnoreAnimation="0" />
    <Spawn Type="Actor" ClassName="SvriirOmega" NumberMin="1" NumberMax="2" LevelMin="1" LevelMax="60" LevelOffset="0" Center="0" SpawnOverTime="1" BossProba="0" LootClassOverride="" XPBonusPercent="0" IgnoreAnimation="0" />
  </SpawnClass>
  <SpawnClass Name="sc_svriir_T9">
    <Spawn Type="Actor" ClassName="SvriirBetaScreecher" NumberMin="1" NumberMax="2" LevelMin="1" LevelMax="60" LevelOffset="0" Center="0" SpawnOverTime="1" BossProba="0" LootClassOverride="" XPBonusPercent="0" IgnoreAnimation="0" />
    <Spawn Type="Actor" ClassName="SvriirOmega" NumberMin="2" NumberMax="4" LevelMin="1" LevelMax="60" LevelOffset="0" Center="0" SpawnOverTime="1" BossProba="0" LootClassOverride="" XPBonusPercent="0" IgnoreAnimation="0" />
  </SpawnClass>
  <SpawnClass Name="sc_svriir_T10">
    <Spawn Type="Actor" ClassName="SvriirBetaSpawner" NumberMin="1" NumberMax="1" LevelMin="1" LevelMax="60" LevelOffset="0" Center="0" SpawnOverTime="1" BossProba="0" LootClassOverride="" XPBonusPercent="0" IgnoreAnimation="0" />
    <Spawn Type="Actor" ClassName="SvriirOmega" NumberMin="4" NumberMax="8" LevelMin="1" LevelMax="60" LevelOffset="0" Center="0" SpawnOverTime="1" BossProba="0" LootClassOverride="" XPBonusPercent="0" IgnoreAnimation="0" />
  </SpawnClass>
  <SpawnClass Name="sc_svriir_T11">
    <Spawn Type="Actor" ClassName="SvriirBetaSpitter" NumberMin="1" NumberMax="2" LevelMin="1" LevelMax="60" LevelOffset="0" Center="0" SpawnOverTime="1" BossProba="0" LootClassOverride="" XPBonusPercent="0" IgnoreAnimation="0" />
    <Spawn Type="Actor" ClassName="SvriirOmega" NumberMin="2" NumberMax="4" LevelMin="1" LevelMax="60" LevelOffset="0" Center="0" SpawnOverTime="1" BossProba="0" LootClassOverride="" XPBonusPercent="0" IgnoreAnimation="0" />
  </SpawnClass>
  <SpawnClass Name="sc_svriir_T12">
    <Spawn Type="Actor" ClassName="SvriirBetaSpitter" NumberMin="1" NumberMax="2" LevelMin="1" LevelMax="60" LevelOffset="0" Center="0" SpawnOverTime="1" BossProba="0" LootClassOverride="" XPBonusPercent="0" IgnoreAnimation="0" />
    <Spawn Type="Actor" ClassName="SvriirOmega" NumberMin="2" NumberMax="4" LevelMin="1" LevelMax="60" LevelOffset="0" Center="0" SpawnOverTime="1" BossProba="0" LootClassOverride="" XPBonusPercent="0" IgnoreAnimation="0" />
    <Spawn Type="Actor" ClassName="SvriirBetaScreecher" NumberMin="1" NumberMax="2" LevelMin="1" LevelMax="60" LevelOffset="0" Center="0" SpawnOverTime="1" BossProba="0" LootClassOverride="" XPBonusPercent="0" IgnoreAnimation="0" />
    <Spawn Type="Actor" ClassName="SvriirBetaSpawner" NumberMin="1" NumberMax="1" LevelMin="1" LevelMax="60" LevelOffset="0" Center="0" SpawnOverTime="1" BossProba="0" LootClassOverride="" XPBonusPercent="0" IgnoreAnimation="0" />
  </SpawnClass>
  <SpawnClass Name="sc_svriir_T13">
    <Spawn Type="Actor" ClassName="SvriirBetaScreecher" NumberMin="2" NumberMax="4" LevelMin="1" LevelMax="60" LevelOffset="0" Center="0" SpawnOverTime="1" BossProba="0" LootClassOverride="" XPBonusPercent="0" IgnoreAnimation="0" />
    <Spawn Type="Actor" ClassName="SvriirOmega" NumberMin="3" NumberMax="5" LevelMin="1" LevelMax="60" LevelOffset="0" Center="0" SpawnOverTime="1" BossProba="0" LootClassOverride="" XPBonusPercent="0" IgnoreAnimation="0" />
  </SpawnClass>
  <SpawnClass Name="sc_svriir_T14">
    <Spawn Type="Actor" ClassName="SvriirBetaSpawner" NumberMin="2" NumberMax="2" LevelMin="1" LevelMax="60" LevelOffset="0" Center="0" SpawnOverTime="1" BossProba="0" LootClassOverride="" XPBonusPercent="0" IgnoreAnimation="0" />
    <Spawn Type="Actor" ClassName="SvriirOmega" NumberMin="8" NumberMax="12" LevelMin="1" LevelMax="60" LevelOffset="0" Center="0" SpawnOverTime="1" BossProba="0" LootClassOverride="" XPBonusPercent="0" IgnoreAnimation="0" />
  </SpawnClass>
  <SpawnClass Name="sc_svriir_T15">
    <Spawn Type="Actor" ClassName="SvriirBetaSpitter" NumberMin="2" NumberMax="4" LevelMin="1" LevelMax="60" LevelOffset="0" Center="0" SpawnOverTime="1" BossProba="0" LootClassOverride="" XPBonusPercent="0" IgnoreAnimation="0" />
    <Spawn Type="Actor" ClassName="SvriirOmega" NumberMin="3" NumberMax="5" LevelMin="1" LevelMax="60" LevelOffset="0" Center="0" SpawnOverTime="1" BossProba="0" LootClassOverride="" XPBonusPercent="0" IgnoreAnimation="0" />
  </SpawnClass>
  <SpawnClass Name="sc_svriir_T16">
    <Spawn Type="Actor" ClassName="SvriirOmega" NumberMin="10" NumberMax="15" LevelMin="1" LevelMax="60" LevelOffset="0" Center="0" SpawnOverTime="1" BossProba="0" LootClassOverride="" XPBonusPercent="0" IgnoreAnimation="0" />
  </SpawnClass>
  <SpawnClass Name="sc_svriir_T17">
    <Spawn Type="Actor" ClassName="SvriirBetaScreecher" NumberMin="2" NumberMax="4" LevelMin="1" LevelMax="60" LevelOffset="0" Center="0" SpawnOverTime="1" BossProba="0" LootClassOverride="" XPBonusPercent="0" IgnoreAnimation="0" />
    <Spawn Type="Actor" ClassName="SvriirOmega" NumberMin="3" NumberMax="5" LevelMin="1" LevelMax="60" LevelOffset="0" Center="0" SpawnOverTime="1" BossProba="0" LootClassOverride="" XPBonusPercent="0" IgnoreAnimation="0" />
  </SpawnClass>
  <SpawnClass Name="sc_svriir_T18">
    <Spawn Type="Actor" ClassName="SvriirBetaSpawner" NumberMin="2" NumberMax="2" LevelMin="1" LevelMax="60" LevelOffset="0" Center="0" SpawnOverTime="1" BossProba="0" LootClassOverride="" XPBonusPercent="0" IgnoreAnimation="0" />
    <Spawn Type="Actor" ClassName="SvriirOmega" NumberMin="8" NumberMax="12" LevelMin="1" LevelMax="60" LevelOffset="0" Center="0" SpawnOverTime="1" BossProba="0" LootClassOverride="" XPBonusPercent="0" IgnoreAnimation="0" />
  </SpawnClass>
  <SpawnClass Name="sc_svriir_T19">
    <Spawn Type="Actor" ClassName="SvriirBetaSpitter" NumberMin="2" NumberMax="4" LevelMin="1" LevelMax="60" LevelOffset="0" Center="0" SpawnOverTime="1" BossProba="0" LootClassOverride="" XPBonusPercent="0" IgnoreAnimation="0" />
    <Spawn Type="Actor" ClassName="SvriirOmega" NumberMin="3" NumberMax="5" LevelMin="1" LevelMax="60" LevelOffset="0" Center="0" SpawnOverTime="1" BossProba="0" LootClassOverride="" XPBonusPercent="0" IgnoreAnimation="0" />
  </SpawnClass>
  <SpawnClass Name="sc_svriir_T20">
    <Spawn Type="Actor" ClassName="SvriirOmega" NumberMin="20" NumberMax="30" LevelMin="1" LevelMax="60" LevelOffset="0" Center="0" SpawnOverTime="1" BossProba="0" LootClassOverride="" XPBonusPercent="0" IgnoreAnimation="0" />
  </SpawnClass>
  <SpawnClass Name="sc_svriir_T21">
    <Spawn Type="Actor" ClassName="SvriirAlphaPoison" NumberMin="1" NumberMax="1" LevelMin="1" LevelMax="60" LevelOffset="0" Center="0" SpawnOverTime="1" BossProba="0" LootClassOverride="" XPBonusPercent="0" IgnoreAnimation="0" />
  </SpawnClass>
  <SpawnClass Name="sc_svriir_T22">
    <Spawn Type="Actor" ClassName="SvriirBetaScreecher" NumberMin="2" NumberMax="4" LevelMin="1" LevelMax="60" LevelOffset="0" Center="0" SpawnOverTime="1" BossProba="0" LootClassOverride="" XPBonusPercent="0" IgnoreAnimation="0" />
    <Spawn Type="Actor" ClassName="SvriirOmega" NumberMin="3" NumberMax="5" LevelMin="1" LevelMax="60" LevelOffset="0" Center="0" SpawnOverTime="1" BossProba="0" LootClassOverride="" XPBonusPercent="0" IgnoreAnimation="0" />
    <Spawn Type="Actor" ClassName="SvriirAlphaPoison" NumberMin="1" NumberMax="1" LevelMin="1" LevelMax="60" LevelOffset="0" Center="0" SpawnOverTime="1" BossProba="0" LootClassOverride="" XPBonusPercent="0" IgnoreAnimation="0" />
  </SpawnClass>
  <SpawnClass Name="sc_svriir_T23">
    <Spawn Type="Actor" ClassName="SvriirBetaSpawner" NumberMin="2" NumberMax="2" LevelMin="1" LevelMax="60" LevelOffset="0" Center="0" SpawnOverTime="1" BossProba="0" LootClassOverride="" XPBonusPercent="0" IgnoreAnimation="0" />
    <Spawn Type="Actor" ClassName="SvriirOmega" NumberMin="8" NumberMax="12" LevelMin="1" LevelMax="60" LevelOffset="0" Center="0" SpawnOverTime="1" BossProba="0" LootClassOverride="" XPBonusPercent="0" IgnoreAnimation="0" />
    <Spawn Type="Actor" ClassName="SvriirAlphaPoison" NumberMin="1" NumberMax="1" LevelMin="1" LevelMax="60" LevelOffset="0" Center="0" SpawnOverTime="1" BossProba="0" LootClassOverride="" XPBonusPercent="0" IgnoreAnimation="0" />
  </SpawnClass>
  <SpawnClass Name="sc_svriir_T24">
    <Spawn Type="Actor" ClassName="SvriirBetaSpitter" NumberMin="2" NumberMax="4" LevelMin="1" LevelMax="60" LevelOffset="0" Center="0" SpawnOverTime="1" BossProba="0" LootClassOverride="" XPBonusPercent="0" IgnoreAnimation="0" />
    <Spawn Type="Actor" ClassName="SvriirOmega" NumberMin="3" NumberMax="5" LevelMin="1" LevelMax="60" LevelOffset="0" Center="0" SpawnOverTime="1" BossProba="0" LootClassOverride="" XPBonusPercent="0" IgnoreAnimation="0" />
    <Spawn Type="Actor" ClassName="SvriirAlphaPoison" NumberMin="1" NumberMax="1" LevelMin="1" LevelMax="60" LevelOffset="0" Center="0" SpawnOverTime="1" BossProba="0" LootClassOverride="" XPBonusPercent="0" IgnoreAnimation="0" />
  </SpawnClass>
</MetaData>