<MetaData>
  <SpawnClass Name="sc_Sty_COS_Yudai">
    <Spawn Type="Actor" ClassName="CultOfSouls_Yudai" NumberMin="1" NumberMax="1" LevelMin="1" LevelMax="60" LevelOffset="0" Center="0" SpawnOverTime="1" BossProba="0" LootClassOverride="" XPBonusPercent="0" IgnoreAnimation="0" ForceEntityName="Yudai" />
  </SpawnClass>
  <SpawnClass Name="sc_Sty_COS_TPS">
    <Spawn Type="Actor" ClassName="PrimordialsArmor" NumberMin="3" NumberMax="5" LevelMin="1" LevelMax="60" LevelOffset="0" Center="0" SpawnOverTime="1" BossProba="0" LootClassOverride="" XPBonusPercent="0" IgnoreAnimation="0" />
  </SpawnClass>
  <SpawnClass Name="sc_Sty_COS_TPS2">
    <Spawn Type="Actor" ClassName="CultOfSouls_LostSoul" NumberMin="10" NumberMax="12" LevelMin="1" LevelMax="60" LevelOffset="0" Center="0" SpawnOverTime="1" BossProba="0.01" LootClassOverride="" XPBonusPercent="0" IgnoreAnimation="0">
      <BossRank Id="2" Frequency="100" />
      <ChoiceBossModifiers Id="BossModifier_Fast" />
      <ChoiceBossModifiers Id="BossModifier_Tough" />
      <ChoiceBossModifiers Id="BossModifier_Unstoppable" />
      <ChoiceBossModifiers Id="BossModifier_FireImbued" />
      <ChoiceBossModifiers Id="BossModifier_LightningImbued" />
      <ChoiceBossModifiers Id="BossModifier_PhysicalImbued" />
      <ChoiceBossModifiers Id="BossModifier_RendImbued" />
      <ChoiceBossModifiers Id="BossModifier_SacredImbued" />
      <ChoiceBossModifiers Id="BossModifier_ShadowImbued" />
      <ChoiceBossModifiers Id="BossModifier_ToxicImbued" />
      <ChoiceBossModifiers Id="BossModifier_AetherImbued" />
      <ChoiceBossModifiers Id="BossModifier_Regeneration" />
      <ChoiceBossModifiers Id="BossModifier_Powerful" />
      <ChoiceBossModifiers Id="BossModifier_ElementalShield" />
      <ChoiceBossModifiers Id="BossModifier_MaterialShield" />
      <ChoiceBossModifiers Id="BossModifier_OccultShield" />
    </Spawn>
  </SpawnClass>
</MetaData>