<MetaData>
  <SpawnClass Name="sc_Necropolis1_M">
    <Spawn Type="Actor" ClassName="CultOfSouls_Zombie" NumberMin="1" NumberMax="2" LevelMin="1" LevelMax="60" LevelOffset="0" Center="0" SpawnOverTime="1" BossProba="0" LootClassOverride="" XPBonusPercent="0" IgnoreAnimation="0" />
  </SpawnClass>
  <SpawnClass Name="sc_Necropolis1_M2">
    <Spawn Type="Actor" ClassName="CultOfSouls_ZombieSoldier" NumberMin="1" NumberMax="2" LevelMin="1" LevelMax="60" LevelOffset="0" Center="0" SpawnOverTime="1" BossProba="0" LootClassOverride="" XPBonusPercent="0" IgnoreAnimation="0" />
  </SpawnClass>
  <SpawnClass Name="sc_Necropolis1_HB">
    <Spawn Type="Actor" ClassName="CultOfSouls_HalfBreed" NumberMin="1" NumberMax="1" LevelMin="1" LevelMax="60" LevelOffset="0" Center="0" SpawnOverTime="1" BossProba="0" LootClassOverride="" XPBonusPercent="0" IgnoreAnimation="0" />
  </SpawnClass>
  <SpawnClass Name="sc_Necropolis1_R">
    <Spawn Type="Actor" ClassName="CultOfSouls_UndeadSpiker" NumberMin="1" NumberMax="1" LevelMin="1" LevelMax="60" LevelOffset="0" Center="0" SpawnOverTime="1" BossProba="0" LootClassOverride="" XPBonusPercent="0" IgnoreAnimation="0" />
  </SpawnClass>
  <SpawnClass Name="sc_Necropolis1_TB">
    <Spawn Type="Actor" ClassName="CultOfSouls_LanternBearer" NumberMin="1" NumberMax="1" LevelMin="1" LevelMax="60" LevelOffset="0" Center="0" SpawnOverTime="1" BossProba="0" LootClassOverride="" XPBonusPercent="0" IgnoreAnimation="0" />
  </SpawnClass>
  <SpawnClass Name="sc_Necropolis1_B">
    <Spawn Type="Actor" ClassName="CultOfSouls_Butcher" NumberMin="1" NumberMax="1" LevelMin="1" LevelMax="60" LevelOffset="0" Center="0" SpawnOverTime="1" BossProba="0" LootClassOverride="" XPBonusPercent="0" IgnoreAnimation="0" />
  </SpawnClass>
  <SpawnClass Name="sc_Necropolis1_DoS">
    <Spawn Type="Actor" ClassName="CultOfSouls_DemonOfSouls" NumberMin="1" NumberMax="1" LevelMin="1" LevelMax="60" LevelOffset="0" Center="0" SpawnOverTime="1" BossProba="0" LootClassOverride="" XPBonusPercent="0" IgnoreAnimation="0" />
  </SpawnClass>
  <SpawnClass Name="sc_Necropolis1_T">
    <Spawn Type="Actor" ClassName="CultOfSouls_Zombie" NumberMin="2" NumberMax="3" LevelMin="1" LevelMax="60" LevelOffset="0" Center="0" SpawnOverTime="1" BossProba="0" LootClassOverride="" XPBonusPercent="0" IgnoreAnimation="0" />
    <Spawn Type="Actor" ClassName="CultOfSouls_ZombieSoldier" NumberMin="1" NumberMax="1" LevelMin="1" LevelMax="60" LevelOffset="0" Center="0" SpawnOverTime="1" BossProba="0" LootClassOverride="" XPBonusPercent="0" IgnoreAnimation="0" />
  </SpawnClass>
  <SpawnClass Name="sc_Necropolis1_Medium">
    <Spawn Type="Actor" ClassName="CultOfSouls_Zombie" NumberMin="4" NumberMax="8" LevelMin="1" LevelMax="60" LevelOffset="0" Center="0" SpawnOverTime="1" BossProba="0" LootClassOverride="" XPBonusPercent="0" IgnoreAnimation="0" />
    <Spawn Type="Actor" ClassName="CultOfSouls_UndeadSpiker" NumberMin="1" NumberMax="1" LevelMin="1" LevelMax="60" LevelOffset="0" Center="0" SpawnOverTime="1" BossProba="0" LootClassOverride="" XPBonusPercent="0" IgnoreAnimation="0" />
    <Spawn Type="Actor" ClassName="CultOfSouls_HalfBreed" NumberMin="1" NumberMax="1" LevelMin="1" LevelMax="60" LevelOffset="0" Center="0" SpawnOverTime="1" BossProba="0" LootClassOverride="" XPBonusPercent="0" IgnoreAnimation="0" />
  </SpawnClass>
  <SpawnClass Name="sc_Necropolis1_Medium2">
    <Spawn Type="Actor" ClassName="CultOfSouls_Zombie" NumberMin="4" NumberMax="8" LevelMin="1" LevelMax="60" LevelOffset="0" Center="0" SpawnOverTime="1" BossProba="0" LootClassOverride="" XPBonusPercent="0" IgnoreAnimation="0" />
    <Spawn Type="Actor" ClassName="CultOfSouls_LanternBearer" NumberMin="1" NumberMax="1" LevelMin="1" LevelMax="60" LevelOffset="0" Center="0" SpawnOverTime="1" BossProba="0" LootClassOverride="" XPBonusPercent="0" IgnoreAnimation="0" />
    <Spawn Type="Actor" ClassName="CultOfSouls_HalfBreed" NumberMin="1" NumberMax="1" LevelMin="1" LevelMax="60" LevelOffset="0" Center="0" SpawnOverTime="1" BossProba="0" LootClassOverride="" XPBonusPercent="0" IgnoreAnimation="0" />
  </SpawnClass>
  <SpawnClass Name="sc_Necropolis1_Medium3">
    <Spawn Type="Actor" ClassName="CultOfSouls_Zombie" NumberMin="4" NumberMax="8" LevelMin="1" LevelMax="60" LevelOffset="0" Center="0" SpawnOverTime="1" BossProba="0" LootClassOverride="" XPBonusPercent="0" IgnoreAnimation="0" />
    <Spawn Type="Actor" ClassName="CultOfSouls_UndeadSpiker" NumberMin="1" NumberMax="1" LevelMin="1" LevelMax="60" LevelOffset="0" Center="0" SpawnOverTime="1" BossProba="0" LootClassOverride="" XPBonusPercent="0" IgnoreAnimation="0" />
    <Spawn Type="Actor" ClassName="CultOfSouls_LanternBearer" NumberMin="1" NumberMax="1" LevelMin="1" LevelMax="60" LevelOffset="0" Center="0" SpawnOverTime="1" BossProba="0" LootClassOverride="" XPBonusPercent="0" IgnoreAnimation="0" />
  </SpawnClass>
  <SpawnClass Name="sc_Necropolis1_Hard">
    <Spawn Type="Actor" ClassName="CultOfSouls_Zombie" NumberMin="4" NumberMax="8" LevelMin="1" LevelMax="60" LevelOffset="0" Center="0" SpawnOverTime="1" BossProba="0" LootClassOverride="" XPBonusPercent="0" IgnoreAnimation="0" />
    <Spawn Type="Actor" ClassName="CultOfSouls_ZombieSoldier" NumberMin="2" NumberMax="5" LevelMin="1" LevelMax="60" LevelOffset="0" Center="0" SpawnOverTime="1" BossProba="0" LootClassOverride="" XPBonusPercent="0" IgnoreAnimation="0" />
    <Spawn Type="Actor" ClassName="CultOfSouls_UndeadSpiker" NumberMin="1" NumberMax="1" LevelMin="1" LevelMax="60" LevelOffset="0" Center="0" SpawnOverTime="1" BossProba="0" LootClassOverride="" XPBonusPercent="0" IgnoreAnimation="0" />
    <Spawn Type="Actor" ClassName="CultOfSouls_HalfBreed" NumberMin="1" NumberMax="1" LevelMin="1" LevelMax="60" LevelOffset="0" Center="0" SpawnOverTime="1" BossProba="0" LootClassOverride="" XPBonusPercent="0" IgnoreAnimation="0" />
  </SpawnClass>
  <SpawnClass Name="sc_Necropolis1_Hard2">
    <Spawn Type="Actor" ClassName="CultOfSouls_Zombie" NumberMin="4" NumberMax="8" LevelMin="1" LevelMax="60" LevelOffset="0" Center="0" SpawnOverTime="1" BossProba="0" LootClassOverride="" XPBonusPercent="0" IgnoreAnimation="0" />
    <Spawn Type="Actor" ClassName="CultOfSouls_ZombieSoldier" NumberMin="2" NumberMax="5" LevelMin="1" LevelMax="60" LevelOffset="0" Center="0" SpawnOverTime="1" BossProba="0" LootClassOverride="" XPBonusPercent="0" IgnoreAnimation="0" />
    <Spawn Type="Actor" ClassName="CultOfSouls_LanternBearer" NumberMin="1" NumberMax="2" LevelMin="1" LevelMax="60" LevelOffset="0" Center="0" SpawnOverTime="1" BossProba="0" LootClassOverride="" XPBonusPercent="0" IgnoreAnimation="0" />
    <Spawn Type="Actor" ClassName="CultOfSouls_HalfBreed" NumberMin="1" NumberMax="2" LevelMin="1" LevelMax="60" LevelOffset="0" Center="0" SpawnOverTime="1" BossProba="0" LootClassOverride="" XPBonusPercent="0" IgnoreAnimation="0" />
  </SpawnClass>
  <SpawnClass Name="sc_Necropolis1_Hard3">
    <Spawn Type="Actor" ClassName="CultOfSouls_Zombie" NumberMin="2" NumberMax="4" LevelMin="1" LevelMax="60" LevelOffset="0" Center="0" SpawnOverTime="1" BossProba="0" LootClassOverride="" XPBonusPercent="0" IgnoreAnimation="0" />
    <Spawn Type="Actor" ClassName="CultOfSouls_ZombieSoldier" NumberMin="1" NumberMax="3" LevelMin="1" LevelMax="60" LevelOffset="0" Center="0" SpawnOverTime="1" BossProba="0" LootClassOverride="" XPBonusPercent="0" IgnoreAnimation="0" />
    <Spawn Type="Actor" ClassName="CultOfSouls_UndeadSpiker" NumberMin="1" NumberMax="2" LevelMin="1" LevelMax="60" LevelOffset="0" Center="0" SpawnOverTime="1" BossProba="0" LootClassOverride="" XPBonusPercent="0" IgnoreAnimation="0" />
    <Spawn Type="Actor" ClassName="CultOfSouls_LanternBearer" NumberMin="1" NumberMax="1" LevelMin="1" LevelMax="60" LevelOffset="0" Center="0" SpawnOverTime="1" BossProba="0" LootClassOverride="" XPBonusPercent="0" IgnoreAnimation="0" />
  </SpawnClass>
  <SpawnClass Name="sc_Necropolis1_VeryHard">
    <Spawn Type="Actor" ClassName="CultOfSouls_Zombie" NumberMin="4" NumberMax="8" LevelMin="1" LevelMax="60" LevelOffset="0" Center="0" SpawnOverTime="1" BossProba="0" LootClassOverride="" XPBonusPercent="0" IgnoreAnimation="0" />
    <Spawn Type="Actor" ClassName="CultOfSouls_ZombieSoldier" NumberMin="3" NumberMax="6" LevelMin="1" LevelMax="60" LevelOffset="0" Center="0" SpawnOverTime="1" BossProba="0" LootClassOverride="" XPBonusPercent="0" IgnoreAnimation="0" />
    <Spawn Type="Actor" ClassName="CultOfSouls_HalfBreed" NumberMin="1" NumberMax="2" LevelMin="1" LevelMax="60" LevelOffset="0" Center="0" SpawnOverTime="1" BossProba="0" LootClassOverride="" XPBonusPercent="0" IgnoreAnimation="0" />
    <Spawn Type="Actor" ClassName="CultOfSouls_Butcher" NumberMin="1" NumberMax="1" LevelMin="1" LevelMax="60" LevelOffset="0" Center="0" SpawnOverTime="1" BossProba="0" LootClassOverride="" XPBonusPercent="0" IgnoreAnimation="0" />
    <Spawn Type="Actor" ClassName="CultOfSouls_LanternBearer" NumberMin="1" NumberMax="2" LevelMin="1" LevelMax="60" LevelOffset="0" Center="0" SpawnOverTime="1" BossProba="0" LootClassOverride="" XPBonusPercent="0" IgnoreAnimation="0" />
  </SpawnClass>
  <SpawnClass Name="sc_Necropolis1_VeryHard2">
    <Spawn Type="Actor" ClassName="CultOfSouls_Zombie" NumberMin="8" NumberMax="12" LevelMin="1" LevelMax="60" LevelOffset="0" Center="0" SpawnOverTime="1" BossProba="0" LootClassOverride="" XPBonusPercent="0" IgnoreAnimation="0" />
    <Spawn Type="Actor" ClassName="CultOfSouls_UndeadSpiker" NumberMin="2" NumberMax="3" LevelMin="1" LevelMax="60" LevelOffset="0" Center="0" SpawnOverTime="1" BossProba="0" LootClassOverride="" XPBonusPercent="0" IgnoreAnimation="0" />
    <Spawn Type="Actor" ClassName="CultOfSouls_Butcher" NumberMin="1" NumberMax="1" LevelMin="1" LevelMax="60" LevelOffset="0" Center="0" SpawnOverTime="1" BossProba="0" LootClassOverride="" XPBonusPercent="0" IgnoreAnimation="0" />
    <Spawn Type="Actor" ClassName="CultOfSouls_LanternBearer" NumberMin="1" NumberMax="2" LevelMin="1" LevelMax="60" LevelOffset="0" Center="0" SpawnOverTime="1" BossProba="0" LootClassOverride="" XPBonusPercent="0" IgnoreAnimation="0" />
  </SpawnClass>
  <SpawnClass Name="sc_Necropolis1_HB_Event">
    <Spawn Type="Actor" ClassName="CultOfSouls_HalfBreed" NumberMin="3" NumberMax="3" LevelMin="1" LevelMax="60" LevelOffset="0" Center="0" SpawnOverTime="1" BossProba="0" LootClassOverride="" XPBonusPercent="0" IgnoreAnimation="0" />
  </SpawnClass>
</MetaData>