<MetaData>
  <SpawnClass Name="Sc_A1_S_FS_O">
    <Spawn Type="Actor" ClassName="SvriirOmega" NumberMin="1" NumberMax="2" LevelMin="1" LevelMax="60" LevelOffset="0" Center="0" SpawnOverTime="1" BossProba="0" LootClassOverride="" XPBonusPercent="0" IgnoreAnimation="0" />
  </SpawnClass>
  <SpawnClass Name="Sc_A1_S_FS_Ob">
    <Spawn Type="Actor" ClassName="SvriirOmegaBaby" NumberMin="10" NumberMax="10" LevelMin="1" LevelMax="60" LevelOffset="0" Center="0" SpawnOverTime="1" BossProba="0" LootClassOverride="" XPBonusPercent="0" IgnoreAnimation="0" />
  </SpawnClass>
  <SpawnClass Name="Sc_A1_O_FS_Me1">
    <Spawn Type="Actor" ClassName="OutlawsBanditMelee01" NumberMin="2" NumberMax="3" LevelMin="1" LevelMax="60" LevelOffset="0" Center="0" SpawnOverTime="1" BossProba="0" LootClassOverride="" XPBonusPercent="0" IgnoreAnimation="0" />
  </SpawnClass>
  <SpawnClass Name="Sc_A1_O_FS_Me2">
    <Spawn Type="Actor" ClassName="OutlawsBanditMelee02" NumberMin="2" NumberMax="3" LevelMin="1" LevelMax="60" LevelOffset="0" Center="0" SpawnOverTime="1" BossProba="0" LootClassOverride="" XPBonusPercent="0" IgnoreAnimation="0" />
  </SpawnClass>
  <SpawnClass Name="Sc_A1_O_FS_Me3">
    <Spawn Type="Actor" ClassName="OutlawsBanditMelee03" NumberMin="2" NumberMax="3" LevelMin="1" LevelMax="60" LevelOffset="0" Center="0" SpawnOverTime="1" BossProba="0" LootClassOverride="" XPBonusPercent="0" IgnoreAnimation="0" />
  </SpawnClass>
  <SpawnClass Name="Sc_A1_O_FS_R">
    <Spawn Type="Actor" ClassName="OutlawsBanditRanged" NumberMin="2" NumberMax="2" LevelMin="1" LevelMax="60" LevelOffset="0" Center="0" SpawnOverTime="1" BossProba="0" LootClassOverride="" XPBonusPercent="0" IgnoreAnimation="0" />
  </SpawnClass>
  <SpawnClass Name="Sc_A1_O_FS_W">
    <Spawn Type="Actor" ClassName="OutlawsWorg01" NumberMin="2" NumberMax="3" LevelMin="1" LevelMax="60" LevelOffset="0" Center="1" SpawnOverTime="1" BossProba="0" LootClassOverride="" XPBonusPercent="0" IgnoreAnimation="0" />
  </SpawnClass>
  <SpawnClass Name="Sc_A1_S_FS_Bspi">
    <Spawn Type="Actor" ClassName="SvriirBetaSpitter" NumberMin="1" NumberMax="1" LevelMin="1" LevelMax="60" LevelOffset="0" Center="0" SpawnOverTime="1" BossProba="0" LootClassOverride="" XPBonusPercent="0" IgnoreAnimation="0" />
  </SpawnClass>
  <SpawnClass Name="Sc_A1_S_FS_Bspa">
    <Spawn Type="Actor" ClassName="SvriirBetaSpawner" NumberMin="1" NumberMax="1" LevelMin="1" LevelMax="60" LevelOffset="0" Center="0" SpawnOverTime="1" BossProba="0" LootClassOverride="" XPBonusPercent="0" IgnoreAnimation="0" />
  </SpawnClass>
  <SpawnClass Name="Sc_A1_O_FS_KM">
    <Spawn Type="Actor" ClassName="OutlawsKennelMaster" NumberMin="1" NumberMax="1" LevelMin="1" LevelMax="60" LevelOffset="0" Center="0" SpawnOverTime="1" BossProba="0" LootClassOverride="" XPBonusPercent="0" IgnoreAnimation="0" />
  </SpawnClass>
  <SpawnClass Name="Sc_A1_S_FS_Ap">
    <Spawn Type="Actor" ClassName="SvriirAlphaPoison" NumberMin="1" NumberMax="1" LevelMin="1" LevelMax="60" LevelOffset="0" Center="0" SpawnOverTime="1" BossProba="0" LootClassOverride="" XPBonusPercent="0" IgnoreAnimation="0" />
  </SpawnClass>
  <SpawnClass Name="Sc_A1_S_FS_E1">
    <Spawn Type="Actor" ClassName="SvriirOmegaBaby" NumberMin="10" NumberMax="10" LevelMin="1" LevelMax="60" LevelOffset="0" Center="0" SpawnOverTime="1" BossProba="0" LootClassOverride="" XPBonusPercent="0" IgnoreAnimation="0" />
    <Spawn Type="Actor" ClassName="SvriirOmega" NumberMin="1" NumberMax="2" LevelMin="1" LevelMax="60" LevelOffset="0" Center="0" SpawnOverTime="1" BossProba="0" LootClassOverride="" XPBonusPercent="0" IgnoreAnimation="0" />
  </SpawnClass>
  <SpawnClass Name="Sc_A1_S_FS_E2">
    <Spawn Type="Actor" ClassName="SvriirOmega" NumberMin="1" NumberMax="2" LevelMin="1" LevelMax="60" LevelOffset="0" Center="0" SpawnOverTime="1" BossProba="0" LootClassOverride="" XPBonusPercent="0" IgnoreAnimation="0" />
  </SpawnClass>
  <SpawnClass Name="Sc_A1_S_FS_E3">
    <Spawn Type="Actor" ClassName="SvriirOmega" NumberMin="1" NumberMax="2" LevelMin="1" LevelMax="60" LevelOffset="0" Center="0" SpawnOverTime="1" BossProba="0" LootClassOverride="" XPBonusPercent="0" IgnoreAnimation="0" />
  </SpawnClass>
  <SpawnClass Name="Sc_A1_O_FS_E1">
    <Spawn Type="Actor" ClassName="OutlawsBanditMelee01" NumberMin="1" NumberMax="2" LevelMin="1" LevelMax="60" LevelOffset="0" Center="0" SpawnOverTime="1" BossProba="0" LootClassOverride="" XPBonusPercent="0" IgnoreAnimation="0" />
    <Spawn Type="Actor" ClassName="OutlawsBanditMelee02" NumberMin="1" NumberMax="2" LevelMin="1" LevelMax="60" LevelOffset="0" Center="0" SpawnOverTime="1" BossProba="0" LootClassOverride="" XPBonusPercent="0" IgnoreAnimation="0" />
    <Spawn Type="Actor" ClassName="OutlawsBanditMelee03" NumberMin="1" NumberMax="2" LevelMin="1" LevelMax="60" LevelOffset="0" Center="0" SpawnOverTime="1" BossProba="0" LootClassOverride="" XPBonusPercent="0" IgnoreAnimation="0" />
    <Spawn Type="Actor" ClassName="OutlawsBanditRanged" NumberMin="1" NumberMax="2" LevelMin="1" LevelMax="60" LevelOffset="0" Center="0" SpawnOverTime="1" BossProba="0" LootClassOverride="" XPBonusPercent="0" IgnoreAnimation="0" />
  </SpawnClass>
  <SpawnClass Name="Sc_A1_O_FS_E2">
    <Spawn Type="Actor" ClassName="OutlawsWorg01" NumberMin="2" NumberMax="2" LevelMin="1" LevelMax="60" LevelOffset="0" Center="1" SpawnOverTime="1" BossProba="0" LootClassOverride="" XPBonusPercent="0" IgnoreAnimation="0" />
  </SpawnClass>
  <SpawnClass Name="Sc_A1_S_FS_M1">
    <Spawn Type="Actor" ClassName="SvriirBetaSpawner" NumberMin="1" NumberMax="1" LevelMin="1" LevelMax="60" LevelOffset="0" Center="0" SpawnOverTime="1" BossProba="0" LootClassOverride="" XPBonusPercent="0" IgnoreAnimation="0" />
    <Spawn Type="Actor" ClassName="SvriirOmega" NumberMin="2" NumberMax="4" LevelMin="1" LevelMax="60" LevelOffset="0" Center="0" SpawnOverTime="1" BossProba="0" LootClassOverride="" XPBonusPercent="0" IgnoreAnimation="0" />
  </SpawnClass>
  <SpawnClass Name="Sc_A1_S_FS_M2">
    <Spawn Type="Actor" ClassName="SvriirBetaSpitter" NumberMin="1" NumberMax="1" LevelMin="1" LevelMax="60" LevelOffset="0" Center="0" SpawnOverTime="1" BossProba="0" LootClassOverride="" XPBonusPercent="0" IgnoreAnimation="0" />
    <Spawn Type="Actor" ClassName="SvriirOmega" NumberMin="2" NumberMax="4" LevelMin="1" LevelMax="60" LevelOffset="0" Center="0" SpawnOverTime="1" BossProba="0" LootClassOverride="" XPBonusPercent="0" IgnoreAnimation="0" />
  </SpawnClass>
  <SpawnClass Name="Sc_A1_S_FS_M3">
    <Spawn Type="Actor" ClassName="SvriirOmega" NumberMin="5" NumberMax="10" LevelMin="1" LevelMax="60" LevelOffset="0" Center="0" SpawnOverTime="1" BossProba="0" LootClassOverride="" XPBonusPercent="0" IgnoreAnimation="0" />
  </SpawnClass>
  <SpawnClass Name="Sc_A1_O_FS_M1">
    <Spawn Type="Actor" ClassName="OutlawsBanditMelee01" NumberMin="1" NumberMax="2" LevelMin="1" LevelMax="60" LevelOffset="0" Center="0" SpawnOverTime="1" BossProba="0" LootClassOverride="" XPBonusPercent="0" IgnoreAnimation="0" />
    <Spawn Type="Actor" ClassName="OutlawsBanditMelee02" NumberMin="1" NumberMax="2" LevelMin="1" LevelMax="60" LevelOffset="0" Center="0" SpawnOverTime="1" BossProba="0" LootClassOverride="" XPBonusPercent="0" IgnoreAnimation="0" />
    <Spawn Type="Actor" ClassName="OutlawsBanditMelee03" NumberMin="1" NumberMax="2" LevelMin="1" LevelMax="60" LevelOffset="0" Center="0" SpawnOverTime="1" BossProba="0" LootClassOverride="" XPBonusPercent="0" IgnoreAnimation="0" />
    <Spawn Type="Actor" ClassName="OutlawsBanditRanged" NumberMin="1" NumberMax="2" LevelMin="1" LevelMax="60" LevelOffset="0" Center="0" SpawnOverTime="1" BossProba="0" LootClassOverride="" XPBonusPercent="0" IgnoreAnimation="0" />
    <Spawn Type="Actor" ClassName="OutlawsKennelMaster" NumberMin="1" NumberMax="1" LevelMin="1" LevelMax="60" LevelOffset="0" Center="0" SpawnOverTime="1" BossProba="0" LootClassOverride="" XPBonusPercent="0" IgnoreAnimation="0" />
  </SpawnClass>
  <SpawnClass Name="Sc_A1_O_FS_M2">
    <Spawn Type="Actor" ClassName="OutlawsBanditMelee01" NumberMin="1" NumberMax="3" LevelMin="1" LevelMax="60" LevelOffset="0" Center="0" SpawnOverTime="1" BossProba="0" LootClassOverride="" XPBonusPercent="0" IgnoreAnimation="0" />
    <Spawn Type="Actor" ClassName="OutlawsBanditMelee02" NumberMin="1" NumberMax="3" LevelMin="1" LevelMax="60" LevelOffset="0" Center="0" SpawnOverTime="1" BossProba="0" LootClassOverride="" XPBonusPercent="0" IgnoreAnimation="0" />
    <Spawn Type="Actor" ClassName="OutlawsBanditMelee03" NumberMin="1" NumberMax="3" LevelMin="1" LevelMax="60" LevelOffset="0" Center="0" SpawnOverTime="1" BossProba="0" LootClassOverride="" XPBonusPercent="0" IgnoreAnimation="0" />
    <Spawn Type="Actor" ClassName="OutlawsBanditRanged" NumberMin="3" NumberMax="5" LevelMin="1" LevelMax="60" LevelOffset="0" Center="0" SpawnOverTime="1" BossProba="0" LootClassOverride="" XPBonusPercent="0" IgnoreAnimation="0" />
  </SpawnClass>
  <SpawnClass Name="Sc_A1_S_FS_H1">
    <Spawn Type="Actor" ClassName="SvriirBetaSpawner" NumberMin="1" NumberMax="2" LevelMin="1" LevelMax="60" LevelOffset="0" Center="0" SpawnOverTime="1" BossProba="0" LootClassOverride="" XPBonusPercent="0" IgnoreAnimation="0" />
    <Spawn Type="Actor" ClassName="SvriirOmega" NumberMin="3" NumberMax="5" LevelMin="1" LevelMax="60" LevelOffset="0" Center="0" SpawnOverTime="1" BossProba="0" LootClassOverride="" XPBonusPercent="0" IgnoreAnimation="0" />
  </SpawnClass>
  <SpawnClass Name="Sc_A1_S_FS_H2">
    <Spawn Type="Actor" ClassName="SvriirBetaSpitter" NumberMin="1" NumberMax="2" LevelMin="1" LevelMax="60" LevelOffset="0" Center="0" SpawnOverTime="1" BossProba="0" LootClassOverride="" XPBonusPercent="0" IgnoreAnimation="0" />
    <Spawn Type="Actor" ClassName="SvriirOmega" NumberMin="3" NumberMax="5" LevelMin="1" LevelMax="60" LevelOffset="0" Center="0" SpawnOverTime="1" BossProba="0" LootClassOverride="" XPBonusPercent="0" IgnoreAnimation="0" />
  </SpawnClass>
  <SpawnClass Name="Sc_A1_S_FS_H3">
    <Spawn Type="Actor" ClassName="SvriirOmega" NumberMin="10" NumberMax="15" LevelMin="1" LevelMax="60" LevelOffset="0" Center="0" SpawnOverTime="1" BossProba="0" LootClassOverride="" XPBonusPercent="0" IgnoreAnimation="0" />
  </SpawnClass>
  <SpawnClass Name="Sc_A1_S_FS_H4">
    <Spawn Type="Actor" ClassName="SvriirBetaSpitter" NumberMin="1" NumberMax="1" LevelMin="1" LevelMax="60" LevelOffset="0" Center="0" SpawnOverTime="1" BossProba="0" LootClassOverride="" XPBonusPercent="0" IgnoreAnimation="0" />
    <Spawn Type="Actor" ClassName="SvriirOmega" NumberMin="3" NumberMax="5" LevelMin="1" LevelMax="60" LevelOffset="0" Center="0" SpawnOverTime="1" BossProba="0" LootClassOverride="" XPBonusPercent="0" IgnoreAnimation="0" />
    <Spawn Type="Actor" ClassName="SvriirBetaSpawner" NumberMin="1" NumberMax="1" LevelMin="1" LevelMax="60" LevelOffset="0" Center="0" SpawnOverTime="1" BossProba="0" LootClassOverride="" XPBonusPercent="0" IgnoreAnimation="0" />
  </SpawnClass>
  <SpawnClass Name="Sc_A1_S_FS_H5">
    <Spawn Type="Actor" ClassName="SvriirAlphaPoison" NumberMin="1" NumberMax="1" LevelMin="1" LevelMax="60" LevelOffset="0" Center="0" SpawnOverTime="1" BossProba="0" LootClassOverride="" XPBonusPercent="0" IgnoreAnimation="0" />
  </SpawnClass>
  <SpawnClass Name="Sc_A1_S_FS_VH1">
    <Spawn Type="Actor" ClassName="SvriirBetaSpitter" NumberMin="1" NumberMax="2" LevelMin="1" LevelMax="60" LevelOffset="0" Center="0" SpawnOverTime="1" BossProba="0" LootClassOverride="" XPBonusPercent="0" IgnoreAnimation="0" />
    <Spawn Type="Actor" ClassName="SvriirOmega" NumberMin="3" NumberMax="5" LevelMin="1" LevelMax="60" LevelOffset="0" Center="0" SpawnOverTime="1" BossProba="0" LootClassOverride="" XPBonusPercent="0" IgnoreAnimation="0" />
    <Spawn Type="Actor" ClassName="SvriirAlphaPoison" NumberMin="1" NumberMax="1" LevelMin="1" LevelMax="60" LevelOffset="0" Center="0" SpawnOverTime="1" BossProba="0" LootClassOverride="" XPBonusPercent="0" IgnoreAnimation="0" />
  </SpawnClass>
  <SpawnClass Name="Sc_A1_S_FS_VH2">
    <Spawn Type="Actor" ClassName="SvriirBetaSpawner" NumberMin="1" NumberMax="1" LevelMin="1" LevelMax="60" LevelOffset="0" Center="0" SpawnOverTime="1" BossProba="0" LootClassOverride="" XPBonusPercent="0" IgnoreAnimation="0" />
    <Spawn Type="Actor" ClassName="SvriirOmega" NumberMin="3" NumberMax="5" LevelMin="1" LevelMax="60" LevelOffset="0" Center="0" SpawnOverTime="1" BossProba="0" LootClassOverride="" XPBonusPercent="0" IgnoreAnimation="0" />
    <Spawn Type="Actor" ClassName="SvriirAlphaPoison" NumberMin="1" NumberMax="1" LevelMin="1" LevelMax="60" LevelOffset="0" Center="0" SpawnOverTime="1" BossProba="0" LootClassOverride="" XPBonusPercent="0" IgnoreAnimation="0" />
  </SpawnClass>
  <SpawnClass Name="Sc_A1_S_FS_VH3">
    <Spawn Type="Actor" ClassName="SvriirAlphaPoison" NumberMin="1" NumberMax="2" LevelMin="1" LevelMax="60" LevelOffset="0" Center="0" SpawnOverTime="1" BossProba="0" LootClassOverride="" XPBonusPercent="0" IgnoreAnimation="0" />
  </SpawnClass>
</MetaData>