<MetaData>
  <SpawnClass Name="CombaTest">
    <Spawn Type="Actor" ClassName="SvriirOmega" NumberMin="1" NumberMax="1" LevelMin="3" LevelMax="3" LevelOffset="0" Center="0" SpawnOverTime="0" BossProba="100" LootClassOverride="" XPBonusPercent="100" IgnoreAnimation="0">
      <BossRank Id="3" Frequency="1" />
    </Spawn>
  </SpawnClass>
  <SpawnClass Name="shot_trailer">
    <Spawn Type="Actor" ClassName="SvriirOmega" NumberMin="1" NumberMax="1" LevelMin="1" LevelMax="20" LevelOffset="0" Center="0" SpawnOverTime="0" BossProba="0" LootClassOverride="" XPBonusPercent="100" IgnoreAnimation="0" />
  </SpawnClass>
  <SpawnClass Name="ReadyHostiles">
    <Spawn Type="Actor" ClassName="SvriirOmega" NumberMin="1" NumberMax="1" LevelMin="1" LevelMax="60" LevelOffset="0" Center="0" SpawnOverTime="0" BossProba="0" LootClassOverride="" XPBonusPercent="100" IgnoreAnimation="0">
      <BossRank Id="3" Frequency="10" />
    </Spawn>
    <Spawn Type="Actor" ClassName="SvriirBetaSpitter" NumberMin="1" NumberMax="1" LevelMin="1" LevelMax="60" LevelOffset="0" Center="0" SpawnOverTime="0" BossProba="0" LootClassOverride="" XPBonusPercent="100" IgnoreAnimation="0">
      <BossRank Id="3" Frequency="10" />
    </Spawn>
    <Spawn Type="Actor" ClassName="SvriirBetaScreecher" NumberMin="1" NumberMax="1" LevelMin="1" LevelMax="60" LevelOffset="0" Center="0" SpawnOverTime="0" BossProba="0" LootClassOverride="" XPBonusPercent="100" IgnoreAnimation="0">
      <BossRank Id="3" Frequency="10" />
    </Spawn>
    <Spawn Type="Actor" ClassName="SvriirBetaSpawner" NumberMin="1" NumberMax="1" LevelMin="1" LevelMax="60" LevelOffset="0" Center="0" SpawnOverTime="0" BossProba="0" LootClassOverride="" XPBonusPercent="100" IgnoreAnimation="0">
      <BossRank Id="3" Frequency="10" />
    </Spawn>
    <Spawn Type="Actor" ClassName="SvriirAlpha" NumberMin="1" NumberMax="1" LevelMin="1" LevelMax="60" LevelOffset="0" Center="0" SpawnOverTime="0" BossProba="0" LootClassOverride="" XPBonusPercent="100" IgnoreAnimation="0">
      <BossRank Id="3" Frequency="10" />
    </Spawn>
  </SpawnClass>
</MetaData>