<MetaData>
  <SpawnClass Name="RMP_SC_BanditRanged">
    <Spawn Type="Actor" ClassName="OutlawsBanditRanged" NumberMin="1" NumberMax="1" LevelMin="1" LevelMax="60" LevelOffset="0" Center="0" SpawnOverTime="0" BossProba="0" LootClassOverride="" XPBonusPercent="100" IgnoreAnimation="0" />
  </SpawnClass>
  <SpawnClass Name="RMP_SC_SvriirOmega">
    <Spawn Type="Actor" ClassName="SvriirOmega" NumberMin="1" NumberMax="1" LevelMin="1" LevelMax="60" LevelOffset="0" Center="0" SpawnOverTime="0" BossProba="0" LootClassOverride="" XPBonusPercent="100" IgnoreAnimation="0" />
  </SpawnClass>
  <SpawnClass Name="RMP_SC_SvriirSpitter">
    <Spawn Type="Actor" ClassName="SvriirBetaSpitter" NumberMin="1" NumberMax="1" LevelMin="1" LevelMax="60" LevelOffset="0" Center="0" SpawnOverTime="0" BossProba="0" LootClassOverride="" XPBonusPercent="100" IgnoreAnimation="0" />
  </SpawnClass>
  <SpawnClass Name="RMP_SC_SvriirScreecher">
    <Spawn Type="Actor" ClassName="SvriirBetaScreecher" NumberMin="1" NumberMax="1" LevelMin="1" LevelMax="60" LevelOffset="0" Center="0" SpawnOverTime="0" BossProba="0" LootClassOverride="" XPBonusPercent="100" IgnoreAnimation="0" />
  </SpawnClass>
  <SpawnClass Name="RMP_SC_SvriirAlpha">
    <Spawn Type="Actor" ClassName="SvriirAlphaPoison" NumberMin="1" NumberMax="1" LevelMin="1" LevelMax="60" LevelOffset="0" Center="0" SpawnOverTime="0" BossProba="0" LootClassOverride="" XPBonusPercent="100" IgnoreAnimation="0" />
  </SpawnClass>
</MetaData>