<MetaData>
  <SpawnClass Name="RMP_SC_DEV_COSS_Zombie_1">
    <Spawn Type="Actor" ClassName="CultOfSouls_Zombie" NumberMin="1" NumberMax="1" LevelMin="1" LevelMax="60" LevelOffset="0" Center="0" SpawnOverTime="0" BossProba="0" LootClassOverride="" XPBonusPercent="100" IgnoreAnimation="0" />
  </SpawnClass>
  <SpawnClass Name="RMP_SC_DEV_COSS_Spiker_1">
    <Spawn Type="Actor" ClassName="CultOfSouls_UndeadSpiker" NumberMin="1" NumberMax="1" LevelMin="1" LevelMax="60" LevelOffset="0" Center="0" SpawnOverTime="0" BossProba="0" LootClassOverride="" XPBonusPercent="100" IgnoreAnimation="0" />
  </SpawnClass>
  <SpawnClass Name="RMP_SC_DEV_COSS_Halfbreed_1">
    <Spawn Type="Actor" ClassName="CultOfSouls_HalfBreed" NumberMin="1" NumberMax="1" LevelMin="1" LevelMax="60" LevelOffset="0" Center="0" SpawnOverTime="0" BossProba="0" LootClassOverride="" XPBonusPercent="100" IgnoreAnimation="0" />
  </SpawnClass>
  <SpawnClass Name="RMP_SC_DEV_COSS_DemonOfSouls_1">
    <Spawn Type="Actor" ClassName="CultOfSouls_DemonOfSouls" NumberMin="1" NumberMax="1" LevelMin="1" LevelMax="60" LevelOffset="0" Center="0" SpawnOverTime="0" BossProba="0" LootClassOverride="" XPBonusPercent="100" IgnoreAnimation="0" />
  </SpawnClass>
  <SpawnClass Name="RMP_SC_DEV_OTLW_BanditMelee_1">
    <Spawn Type="Actor" ClassName="OutlawsBanditMelee01" NumberMin="1" NumberMax="1" LevelMin="1" LevelMax="60" LevelOffset="0" Center="0" SpawnOverTime="0" BossProba="0" LootClassOverride="" XPBonusPercent="100" IgnoreAnimation="0" />
  </SpawnClass>
  <SpawnClass Name="RMP_SC_DEV_OTWL_BanditRange_1">
    <Spawn Type="Actor" ClassName="OutlawsBanditRanged" NumberMin="1" NumberMax="1" LevelMin="1" LevelMax="60" LevelOffset="0" Center="0" SpawnOverTime="0" BossProba="0" LootClassOverride="" XPBonusPercent="100" IgnoreAnimation="0" />
  </SpawnClass>
  <SpawnClass Name="RMP_SC_DEV_OTWL_Trapper_1">
    <Spawn Type="Actor" ClassName="OutlawsTrapper" NumberMin="1" NumberMax="1" LevelMin="1" LevelMax="60" LevelOffset="0" Center="0" SpawnOverTime="0" BossProba="0" LootClassOverride="" XPBonusPercent="100" IgnoreAnimation="0" />
  </SpawnClass>
  <SpawnClass Name="RMP_SC_DEV_OTWL_SadisticThug_1">
    <Spawn Type="Actor" ClassName="OutlawsSadisticThug" NumberMin="1" NumberMax="1" LevelMin="1" LevelMax="60" LevelOffset="0" Center="0" SpawnOverTime="0" BossProba="0" LootClassOverride="" XPBonusPercent="100" IgnoreAnimation="0" />
  </SpawnClass>
</MetaData>