<MetaData>
  <SpawnClass Name="sc_MapMod_Svriirs">
    <Spawn Type="Actor" ClassName="SvriirCaveOmega" NumberMin="2" NumberMax="5" LevelMin="1" LevelMax="60" LevelOffset="0" Center="0" SpawnOverTime="0" BossProba="0" LootClassOverride="NO_DROP" XPBonusPercent="0" IgnoreAnimation="0" />
  </SpawnClass>
  <SpawnClass Name="sc_MapMod_CultOfSouls">
    <Spawn Type="Actor" ClassName="CultOfSouls_LostSoul" NumberMin="2" NumberMax="5" LevelMin="1" LevelMax="60" LevelOffset="0" Center="0" SpawnOverTime="0" BossProba="0" LootClassOverride="NO_DROP" XPBonusPercent="0" IgnoreAnimation="0" />
  </SpawnClass>
  <SpawnClass Name="sc_MapMod_Outlaws">
    <Spawn Type="Actor" ClassName="OutlawsBanditMelee01" NumberMin="2" NumberMax="5" LevelMin="1" LevelMax="60" LevelOffset="0" Center="0" SpawnOverTime="0" BossProba="0" LootClassOverride="NO_DROP" XPBonusPercent="0" IgnoreAnimation="0" />
  </SpawnClass>
  <SpawnClass Name="sc_MapMod_Wild">
    <Spawn Type="Actor" ClassName="WildSpiderMelee" NumberMin="2" NumberMax="5" LevelMin="1" LevelMax="60" LevelOffset="0" Center="0" SpawnOverTime="0" BossProba="0" LootClassOverride="NO_DROP" XPBonusPercent="0" IgnoreAnimation="0" />
  </SpawnClass>
  <SpawnClass Name="sc_MapMod_CultOfFlesh">
    <Spawn Type="Actor" ClassName="CultOfFlesh_Zombie" NumberMin="2" NumberMax="5" LevelMin="1" LevelMax="60" LevelOffset="0" Center="0" SpawnOverTime="0" BossProba="0" LootClassOverride="NO_DROP" XPBonusPercent="0" IgnoreAnimation="0" />
  </SpawnClass>
  <SpawnClass Name="sc_MapMod_Templars">
    <Spawn Type="Actor" ClassName="TemplarsSquireSword" NumberMin="2" NumberMax="5" LevelMin="1" LevelMax="60" LevelOffset="0" Center="0" SpawnOverTime="0" BossProba="0" LootClassOverride="NO_DROP" XPBonusPercent="0" IgnoreAnimation="0" />
  </SpawnClass>
  <SpawnClass Name="sc_MapMod_CultOfFury">
    <Spawn Type="Actor" ClassName="CultOfFury_Fanatic" NumberMin="2" NumberMax="5" LevelMin="1" LevelMax="60" LevelOffset="0" Center="0" SpawnOverTime="0" BossProba="0" LootClassOverride="NO_DROP" XPBonusPercent="0" IgnoreAnimation="0" />
  </SpawnClass>
  <SpawnClass Name="sc_MapMod_Republic">
    <Spawn Type="Actor" ClassName="RepublicInfantrySword" NumberMin="2" NumberMax="5" LevelMin="1" LevelMax="60" LevelOffset="0" Center="0" SpawnOverTime="0" BossProba="0" LootClassOverride="NO_DROP" XPBonusPercent="0" IgnoreAnimation="0" />
  </SpawnClass>
</MetaData>