<MetaData>
  <SpawnClass Name="sc_OutlawKennelMaster">
    <Spawn Type="Actor" ClassName="OutlawsWorg01" NumberMin="1" NumberMax="1" LevelMin="1" LevelMax="60" LevelOffset="0" Center="0" SpawnOverTime="0" BossProba="0" LootClassOverride="" XPBonusPercent="100" IgnoreAnimation="0">
      <BossRank Id="3" Frequency="10" />
    </Spawn>
    <Spawn Type="Actor" ClassName="OutlawsWorg02" NumberMin="1" NumberMax="1" LevelMin="1" LevelMax="60" LevelOffset="0" Center="0" SpawnOverTime="0" BossProba="0" LootClassOverride="" XPBonusPercent="100" IgnoreAnimation="0">
      <BossRank Id="3" Frequency="10" />
    </Spawn>
  </SpawnClass>
</MetaData>