<MetaData>
  <SpawnClass Name="sc_CultOfSoulsCultist">
    <Spawn Type="Actor" ClassName="CultOfSouls_Zombie_frost" NumberMin="3" NumberMax="4" LevelMin="1" LevelMax="60" LevelOffset="0" Center="0" SpawnOverTime="0" BossProba="0" LootClassOverride="" XPBonusPercent="0" IgnoreAnimation="0" />
  </SpawnClass>
  <SpawnClass Name="sc_UniqueCultOfSoulsCultist">
    <Spawn Type="Actor" ClassName="CultOfSouls_Zombie_frost" NumberMin="1" NumberMax="1" LevelMin="1" LevelMax="60" LevelOffset="0" Center="0" SpawnOverTime="0" BossProba="0" LootClassOverride="" XPBonusPercent="0" IgnoreAnimation="0" />
  </SpawnClass>
  <SpawnClass Name="sc_CultOfFleshCultist">
    <Spawn Type="Actor" ClassName="CultOfFlesh_Zombie" NumberMin="3" NumberMax="4" LevelMin="1" LevelMax="60" LevelOffset="0" Center="0" SpawnOverTime="0" BossProba="0" LootClassOverride="" XPBonusPercent="0" IgnoreAnimation="0" />
  </SpawnClass>
  <SpawnClass Name="sc_CultOfFleshCultist_infection">
    <Spawn Type="Actor" ClassName="CultOfFlesh_Spreader" NumberMin="1" NumberMax="1" LevelMin="1" LevelMax="60" LevelOffset="0" Center="0" SpawnOverTime="0" BossProba="0" LootClassOverride="" XPBonusPercent="0" IgnoreAnimation="0" />
  </SpawnClass>
</MetaData>