<MetaData>
  <HUDColors>
    <TextColor Name="PST_white" Color="#fff6e5" />
    <TextColor Name="Loot_blue" Color="#509FFF" />
    <TextColor Name="Loot_yellow" Color="#f0f891" />
    <TextColor Name="Loot_orange" Color="#ff6600" />
    <TextColor Name="Loot_green" Color="#99FF00" />
    <TextColor Name="Loot_grey" Color="#aaaaaa" />
    <TextColor Name="Loot_greyred" Color="#c19595" />
    <TextColor Name="Loot_pink" Color="#ffcccc" />
    <TextColor Name="Loot_red" Color="#ff0000" />
    <TextColor Name="Loot_unique" Color="#BA71F0" />
    <TextColor Name="Loot_quest" Color="#E8C1AB" />
    <TextColor Name="quality_normal" Color="#FFFFFF" />
    <TextColor Name="quality_reinforced" Color="#00C7FF" />
    <TextColor Name="quality_superior" Color="#FFE100" />
    <TextColor Name="quality_exceptional" Color="#BC0000" />
    <TextColor Name="quality_epic" Color="#00FF6B" />
    <TextColor Name="WARNING_GOLD" Color="#ffefd8" />
    <TextColor Name="WARNING_RED" Color="#FF4444" />
    <TextColor Name="BONUS" Color="#63FF63" />
    <TextColor Name="MALUS" Color="#FF4444" />
    <TextColor Name="VALUEBASE" Color="#FFF3E8" />
    <TextColor Name="WHITE" Color="#FFFFFF" />
    <TextColor Name="GOLD" Color="#ffefd8" />
    <TextColor Name="Chat_Critical" Color="#ff0000" />
    <TextColor Name="Chat_System" Color="#ffff00" />
    <TextColor Name="Chat_Narration" Color="#cc9966" />
    <TextColor Name="Chat_Game" Color="#ffffff" />
    <TextColor Name="Chat_Private" Color="#ff80ff" />
    <TextColor Name="Chat_Group" Color="#aaaaff" />
    <TextColor Name="Worldmap_LevelName_Default" Color="#f1e0b2" />
    <TextColor Name="Worldmap_LevelName_Waypoint" Color="#ffffff" />
    <TextColor Name="ItemStats_ImprovedByLocalEIMs" Color="#509FFF" />
    <TextColor Name="damage_none" Color="#423e42" />
    <TextColor Name="damage_physical" Color="#d1be94" />
    <TextColor Name="damage_rend" Color="#dea790" />
    <TextColor Name="damage_toxic" Color="#288a40" />
    <TextColor Name="damage_fire" Color="#c93b14" />
    <TextColor Name="damage_frost" Color="#b7e6e8" />
    <TextColor Name="damage_lightning" Color="#579fc9" />
    <TextColor Name="damage_sacred" Color="#d5db8c" />
    <TextColor Name="damage_shadow" Color="#35227a" />
    <TextColor Name="damage_umbra" Color="#99258f" />
  </HUDColors>
</MetaData>