<MetaData>
  <BaseEntity ID="OutlawsSadisticThug" EntityName="outlaws_sadistic_thug" Scale="1.6" CanKillAllies="0" />
  <Faction Name="Outlaws" />
  <Keywords Value="outw,elite,melee,physical" />
  <SpawnClassParams SpawnLevelMin="1" SpawnLevelMax="60" SpawnWeight="1" CombatPointValueMultiplier="1.2" />
  <Attributes Archetype="archetype_elite" HealthModifier="1" DamageModifier="1.0" XPModifier="1" Protection="" />
  <Movement MovementSpeed="7" WalkSpeed="7" />
  <InterruptionParams InterruptChance="0.0" />
  <StunParams IgnoreStunChance="0" StunCooldown="8" FreezeCooldown="8" />
  <BlownAwayParams CanBeBlownAway="0" BlownAwayAnimationTag="" />
  <DefaultBossModifiers />
  <LootClass>
    <Loot Class="LC_elite" fProba="1" />
  </LootClass>
  <AliveLootPreset Name="AliveLoot_Elite" />
  <Corpses PresetName="EliteCadaverPreset" />
  <BasicAIParams ClampToNavmesh="1" MaxTurnRate="360" UseAvoidance="0" />
  <Kythera>
    <Behavior Name="Generic" />
    <BT FleeOnLowHealthChance="0.0" EngageRange="15.0" MeleeAttack="True" FallBack="True" IdleWander="False" />
    <Movement ClampToNavMesh="True" />
    <Target SticknessBias="30.0" DistanceBias="6.0" DamageBias="0.0" AggressionBias="1.0" AggressionDecay="10.0" Category="None" />
  </Kythera>
  <Skills>
    <DefaultBasicAttack />
    <Offensive>
      <Skill Name="AI_OutlawWarlord_atk_01" Orientated="BeforeCast" Interruptible="False" Enabled="True" BaseWeight="10.0">
        <Range Min="0.1" Preferred="2.0" Max="3.0" MinWeight="0.0" PreferredWeight="0.0" MaxWeight="0.0" />
      </Skill>
      <Skill Name="AI_outlaw_warlord_kick" Orientated="Always" Interruptible="False" Enabled="True" BaseWeight="0.0">
        <Range Min="1.0" Preferred="2.0" Max="3.0" MinWeight="20.0" PreferredWeight="20.0" MaxWeight="20.0" />
        <PreviousSkillWeights type="bb">
          <AI_default_leap type="bb">
            <ChainCooldown type="float" />
            <Weight type="float" />
          </AI_default_leap>
        </PreviousSkillWeights>
      </Skill>
      <Skill Name="AI_outlaw_warlord_axethrow" Orientated="BeforeCast" Interruptible="False" Enabled="True" BaseWeight="0.0">
        <Range Min="1.0" Preferred="1.0" Max="20.0" MinWeight="0.0" PreferredWeight="0.0" MaxWeight="0.0" />
        <PreviousSkillWeights type="bb">
          <AI_outlaw_warlord_kick type="bb">
            <ChainCooldown type="float" />
            <Weight type="float" />
          </AI_outlaw_warlord_kick>
        </PreviousSkillWeights>
      </Skill>
      <Skill Name="AI_default_leap" Orientated="BeforeCast" Interruptible="False" Enabled="True" BaseWeight="0.0">
        <Range Min="6.0" Preferred="15.0" Max="15.0" MinWeight="0.0" PreferredWeight="40.0" MaxWeight="40.0" />
      </Skill>
      <Skill Name="AI_outlaw_warlord_whirlwind" Orientated="BeforeCast" Interruptible="false" Enabled="True" BaseWeight="1.0">
        <Range Min="0.1" Preferred="10.0" Max="10.0" MinWeight="0.0" PreferredWeight="0.0" MaxWeight="0.0" />
      </Skill>
    </Offensive>
    <Approach>
      <Skill Name="AI_default_leap" Orientated="BeforeCast" Interruptible="False" Enabled="True" BaseWeight="10.0">
        <Range Min="4.0" Preferred="20.0" Max="20.0" MinWeight="0.0" PreferredWeight="0.0" MaxWeight="0.0" />
      </Skill>
    </Approach>
  </Skills>
  <HUD UIName="@ui_AIName_Outlaws_Thug" ZIconOffset="4.0" />
  <Spawn SpawnAnimation="rise_out_ground" TransparencyAtSpawn="0" />
  <Death UseDeathAnimation="1" DeathSkill="" />
  <GameplayParticles PresetName="size_Thug" />
  <Capsules>
    <EntityPhysics ColliderSize="0.55,0.55,0.5" />
    <MouseSelection SelectionCapsuleRadius="0.8" SelectionCapsuleHeight="1.2" SelectionCapsuleZOffset="-0.7" />
    <ProjectileCollision ProjectileCapsuleRadius="1.0" ProjectileCapsuleHeight="5.0" CanSnapOnCenterWhenColliding="0" />
  </Capsules>
  <VisualParams>
    <HitParticleParams BaseHitScale="1" DirectionalHitScale="1" CriticalHitScale="1" />
    <BloodDecals Preset="default" OverrideScale="1" />
  </VisualParams>
  <Audio SwitchSoundName="Outlaw_SadisticThug_voice" />
</MetaData>