<MetaData>
  <BaseEntity ID="OutlawsWorgAlpha" EntityName="outlaws_worg_alpha" Scale="1.2" CanKillAllies="0" />
  <Faction Name="Outlaws" />
  <Keywords Value="worg,trash,melee,physical,heavy" />
  <SpawnClassParams SpawnLevelMin="1" SpawnLevelMax="60" SpawnWeight="1" CombatPointValueMultiplier="2.0" />
  <Attributes Archetype="archetype_trash" HealthModifier="4.0" DamageModifier="1.0" XPModifier="2" Protection="" />
  <Movement MovementSpeed="8" WalkSpeed="8" />
  <InterruptionParams InterruptChance="0.05" />
  <StunParams IgnoreStunChance="0" StunCooldown="6" FreezeCooldown="6" />
  <BlownAwayParams CanBeBlownAway="1" BlownAwayAnimationTag="" />
  <DefaultBossModifiers />
  <LootClass>
    <Loot Class="LC_trash" fProba="1" />
  </LootClass>
  <AliveLootPreset Name="AliveLoot_Trash" />
  <Corpses PresetName="TrashCadaverPreset" />
  <BasicAIParams ClampToNavmesh="1" MaxTurnRate="360" UseAvoidance="1" />
  <Kythera>
    <Behavior Name="Generic" />
    <ChiefFollower type="bb">
      <AllowedChiefTypes type="bbarray">
        <ChiefType type="string" />
      </AllowedChiefTypes>
    </ChiefFollower>
    <BT FleeOnLowHealthChance="0.0" EngageRange="20.0" MeleeAttack="True" FallBack="True" IdleWander="False" />
    <Movement ClampToNavMesh="True" />
    <Target SticknessBias="30.0" DistanceBias="6.0" DamageBias="0.0" AggressionBias="1.0" AggressionDecay="10.0" Category="Melee" />
  </Kythera>
  <Skills>
    <DefaultBasicAttack>
      <Skill Name="AI_OutlawsWorgAlpha_DefaultAttack" Orientated="BeforeCast" Interruptible="False" Enabled="True" BaseWeight="1.0">
        <Range Min="0.1" Preferred="2.5" Max="4.5" MinWeight="0.0" PreferredWeight="0.0" MaxWeight="0.0" />
      </Skill>
    </DefaultBasicAttack>
    <Offensive />
    <Approach />
  </Skills>
  <HUD UIName="@ui_AIName_Outlaws_Dog2" ZIconOffset="2.0" />
  <Spawn SpawnAnimation="rise_out_ground_fast" TransparencyAtSpawn="0" />
  <Death UseDeathAnimation="0" DeathSkill="" />
  <GameplayParticles PresetName="size_Worg" />
  <Capsules>
    <EntityPhysics ColliderSize="0.8,0.8,0.5" IsPushable="0" RagdollMass="325" />
    <MouseSelection SelectionCapsuleRadius="1.3" SelectionCapsuleHeight="0.1" SelectionCapsuleZOffset="-0.5" />
    <ProjectileCollision ProjectileCapsuleRadius="0.9" ProjectileCapsuleHeight="3.0" CanSnapOnCenterWhenColliding="1" />
  </Capsules>
  <VisualParams>
    <HitParticleParams BaseHitScale="1" DirectionalHitScale="1" CriticalHitScale="1" />
    <BloodDecals Preset="default" OverrideScale="1" />
  </VisualParams>
  <Audio AllowGroupSounds="1" SwitchSoundName="Worg_voice" />
</MetaData>