<MetaData>
  <BaseEntity ID="OutlawsKennelMaster" EntityName="outlaws_kennelmaster" Scale="1.25" CanKillAllies="0" />
  <Faction Name="Outlaws" />
  <Keywords Value="outw,lieutenant,melee,summoner,physical" />
  <SpawnClassParams SpawnLevelMin="1" SpawnLevelMax="60" SpawnWeight="1" CombatPointValueMultiplier="1.1" />
  <Attributes Archetype="archetype_lieutenant" HealthModifier="1.2" DamageModifier="1" XPModifier="1" Protection="" />
  <Movement MovementSpeed="5" WalkSpeed="5" />
  <InterruptionParams InterruptChance="0.00" />
  <StunParams IgnoreStunChance="0" StunCooldown="6" FreezeCooldown="6" />
  <BlownAwayParams CanBeBlownAway="1" BlownAwayAnimationTag="" />
  <DefaultBossModifiers />
  <LootClass>
    <Loot Class="LC_Lieutenant" fProba="1" />
  </LootClass>
  <AliveLootPreset Name="AliveLoot_Lieutenant" />
  <Corpses PresetName="LieutenantCadaverPreset" />
  <BasicAIParams ClampToNavmesh="1" MaxTurnRate="360" UseAvoidance="0" />
  <Kythera>
    <Behavior Name="Chief" />
    <Chief type="bb">
      <Type type="string" />
    </Chief>
    <BT FleeOnLowHealthChance="0.0" EngageRange="15.0" MeleeAttack="True" FallBack="True" IdleWander="False" />
    <Movement ClampToNavMesh="True" />
    <Target SticknessBias="30.0" DistanceBias="6.0" DamageBias="0.0" AggressionBias="1.0" AggressionDecay="10.0" Category="None" />
  </Kythera>
  <Skills>
    <DefaultBasicAttack>
      <Skill Name="AI_OutlawsKennelMaster_DefaultAttack" Orientated="BeforeCast" Interruptible="False" Enabled="True" BaseWeight="1.0">
        <Range Min="0.1" Preferred="2.5" Max="3.0" />
      </Skill>
    </DefaultBasicAttack>
    <Other>
      <Skill Name="AI_outlaw_kennelmaster_summonwargs" Orientated="BeforeCast" Interruptible="False" Enabled="True" BaseWeight="1.0">
        <Range Min="3.0" Preferred="5.0" Max="10.0" />
      </Skill>
    </Other>
    <Heal>
      <Skill Name="AI_outlaw_kennelmaster_whiplash" Orientated="BeforeCast" MinFollowers="1" Interruptible="False" Enabled="True" BaseWeight="1.0">
        <Range Min="2.0" Preferred="3.0" Max="4.0" />
      </Skill>
    </Heal>
    <Taunt>
      <Skill Name="AI_outlaw_kennelmaster_orderwargs" Orientated="BeforeCast" MinFollowers="1" Interruptible="False" Enabled="True" BaseWeight="1.0">
        <Range Min="6.0" Preferred="8.0" Max="10.0" />
      </Skill>
    </Taunt>
    <Approach />
  </Skills>
  <HUD UIName="@ui_AIName_Outlaws_KennelMaster" ZIconOffset="3.0" />
  <Spawn SpawnAnimation="rise_out_ground" TransparencyAtSpawn="0" />
  <Death UseDeathAnimation="1" DeathSkill="" />
  <GameplayParticles PresetName="size_medium" />
  <Capsules>
    <EntityPhysics ColliderSize="0.55,0.55,0.5" />
    <MouseSelection SelectionCapsuleRadius="1.0" SelectionCapsuleHeight="0.7" SelectionCapsuleZOffset="-0.3" />
    <ProjectileCollision ProjectileCapsuleRadius="1.0" ProjectileCapsuleHeight="3.0" CanSnapOnCenterWhenColliding="0" />
  </Capsules>
  <VisualParams>
    <HitParticleParams BaseHitScale="1" DirectionalHitScale="1" CriticalHitScale="1" />
    <BloodDecals Preset="default" OverrideScale="1" />
  </VisualParams>
  <Audio AllowGroupSounds="1" SwitchSoundName="KennelMaster_voice" />
</MetaData>