<MapModifiers>
  <Modifier Preset="SoulExplosion" Chance="5" Difficulty="1" ItemRarity="25" ItemQuantity="10" />
  <Modifier Preset="RandomExplosion" Chance="5" Difficulty="1" ItemRarity="25" ItemQuantity="10" />
  <Modifier Preset="ResurectSimilar" Chance="5" Difficulty="1" ItemRarity="25" ItemQuantity="10" />
  <Modifier Preset="ExplosionOnPlayers" Chance="5" Difficulty="1" ItemRarity="25" ItemQuantity="10" />
  <Modifier Preset="MonstersSpeed" Chance="1" Difficulty="1" ItemRarity="25" ItemQuantity="10" />
  <Modifier Preset="MonstersHealth" Chance="1" Difficulty="1" ItemRarity="25" ItemQuantity="10" />
  <Modifier Preset="MonsterBossMod" Chance="1" Difficulty="1" ItemRarity="25" ItemQuantity="10" />
  <Modifier Preset="MonstersResistFire" Chance="1" Difficulty="1" ItemRarity="25" ItemQuantity="10" />
  <Modifier Preset="MonstersResistFrost" Chance="1" Difficulty="1" ItemRarity="25" ItemQuantity="10" />
  <Modifier Preset="MonstersResistLighting" Chance="1" Difficulty="1" ItemRarity="25" ItemQuantity="10" />
  <Modifier Preset="MonstersResistElemental" Chance="1" Difficulty="1" ItemRarity="25" ItemQuantity="10" />
  <Modifier Preset="MonstersResistUmbra" Chance="1" Difficulty="1" ItemRarity="25" ItemQuantity="10" />
  <Modifier Preset="MonstersResistSacred" Chance="1" Difficulty="1" ItemRarity="25" ItemQuantity="10" />
  <Modifier Preset="MonstersResistShadow" Chance="1" Difficulty="1" ItemRarity="25" ItemQuantity="10" />
  <Modifier Preset="MonstersResistOccult" Chance="1" Difficulty="1" ItemRarity="25" ItemQuantity="10" />
  <Modifier Preset="MonstersResistRend" Chance="1" Difficulty="1" ItemRarity="25" ItemQuantity="10" />
  <Modifier Preset="MonstersResistToxic" Chance="1" Difficulty="1" ItemRarity="25" ItemQuantity="10" />
  <Modifier Preset="MonstersResistPhysical" Chance="1" Difficulty="1" ItemRarity="25" ItemQuantity="10" />
  <Modifier Preset="MonstersResistMaterial" Chance="1" Difficulty="1" ItemRarity="25" ItemQuantity="10" />
  <Modifier Preset="MonstersDamageFire" Chance="1" Difficulty="1" ItemRarity="25" ItemQuantity="10" />
  <Modifier Preset="MonstersDamageFrost" Chance="1" Difficulty="1" ItemRarity="25" ItemQuantity="10" />
  <Modifier Preset="MonstersDamageLighting" Chance="1" Difficulty="1" ItemRarity="25" ItemQuantity="10" />
  <Modifier Preset="MonstersDamageUmbra" Chance="1" Difficulty="1" ItemRarity="25" ItemQuantity="10" />
  <Modifier Preset="MonstersDamageSacred" Chance="1" Difficulty="1" ItemRarity="25" ItemQuantity="10" />
  <Modifier Preset="MonstersDamageShadow" Chance="1" Difficulty="1" ItemRarity="25" ItemQuantity="10" />
  <Modifier Preset="MonstersDamageRend" Chance="1" Difficulty="1" ItemRarity="25" ItemQuantity="10" />
  <Modifier Preset="MonstersDamageToxic" Chance="1" Difficulty="1" ItemRarity="25" ItemQuantity="10" />
  <Modifier Preset="MonstersDamagePhysical" Chance="1" Difficulty="1" ItemRarity="25" ItemQuantity="10" />
  <Modifier Preset="PlayerLessUmbra" Chance="3" Difficulty="1" ItemRarity="25" ItemQuantity="10" />
  <Modifier Preset="PlayerLessStamina" Chance="3" Difficulty="1" ItemRarity="25" ItemQuantity="10" />
  <Modifier Preset="PlayerLessRage" Chance="3" Difficulty="1" ItemRarity="25" ItemQuantity="10" />
  <Modifier Preset="MonsterCriticalResistance" Chance="2" Difficulty="1" ItemRarity="25" ItemQuantity="10" />
  <Modifier Preset="MonsterDotResistance" Chance="2" Difficulty="1" ItemRarity="25" ItemQuantity="10" />
  <Modifier Preset="ProjDamageDistance" Chance="2" Difficulty="1" ItemRarity="25" ItemQuantity="10" />
  <Modifier Preset="MonstersLessCC" Chance="2" Difficulty="1" ItemRarity="25" ItemQuantity="10" />
  <Modifier Preset="MonsterBurnOnHit" Chance="1" Difficulty="1" ItemRarity="25" ItemQuantity="10" />
  <Modifier Preset="MonsterShockOnHit" Chance="1" Difficulty="1" ItemRarity="25" ItemQuantity="10" />
  <Modifier Preset="MonsterPoisonOnHit" Chance="1" Difficulty="1" ItemRarity="25" ItemQuantity="10" />
  <Modifier Preset="MonsterBleedOnHit" Chance="1" Difficulty="1" ItemRarity="25" ItemQuantity="10" />
  <Modifier Preset="MonsterWeaknessOnHit" Chance="1" Difficulty="1" ItemRarity="25" ItemQuantity="10" />
  <Modifier Preset="MonsterCurseOnHit" Chance="1" Difficulty="1" ItemRarity="25" ItemQuantity="10" />
  <Modifier Preset="MonsterStasisOnHit" Chance="1" Difficulty="1" ItemRarity="25" ItemQuantity="10" />
</MapModifiers>