<MapModifiersPresets>
  <Modifier Name="MonsterBossMod" HUDname="@ui_modifier_monsterBossMod">
    <Target Type="MobSpawner" Attribut="BossModifier" />
    <Value Type="Quantity">
      <Entry Format="Int" LowValue="1" HighValue="2" />
    </Value>
  </Modifier>
  <Modifier Name="SoulExplosion" HUDname="@ui_modifier_soulexplosion">
    <Target Type="WildSkills" Attribut="None" />
    <Value Type="Asset">
      <Entry Format="String" Value="mapmodifier_skill_soulexplosion" />
    </Value>
  </Modifier>
  <Modifier Name="RandomExplosion" HUDname="@ui_modifier_randomExplosion">
    <Target Type="WildSkills" Attribut="None" />
    <Value Type="Asset">
      <Entry Format="String" Value="mapmodifier_skill_randomexplosion" />
    </Value>
  </Modifier>
  <Modifier Name="ResurectSimilar" HUDname="@ui_modifier_resurectSimilar">
    <Target Type="WildSkills" Attribut="None" />
    <Value Type="Asset">
      <Entry Format="String" Value="mapmodifier_skill_resurectsimilar" />
    </Value>
  </Modifier>
  <Modifier Name="ExplosionOnPlayers" HUDname="@ui_modifier_explosiononplayer ">
    <Target Type="WildSkills" Attribut="None" />
    <Value Type="Asset">
      <Entry Format="String" Value="mapmodifier_skill_explodeonplayers" />
    </Value>
  </Modifier>
  <Modifier Name="MonstersResistFire" HUDname="@ui_modifier_monsterResistFire">
    <Target Type="Mobs" Attribut="None" />
    <Value Type="EIM">
      <MagicEffect Name="fire_resistance_percent">
        <LoRoll CharacteristicPercentInt="20" />
        <HiRoll CharacteristicPercentInt="25" />
      </MagicEffect>
    </Value>
  </Modifier>
  <Modifier Name="MonstersResistFrost" HUDname="@ui_modifier_monsterResistFrost">
    <Target Type="Mobs" Attribut="None" />
    <Value Type="EIM">
      <MagicEffect Name="frost_resistance_percent">
        <LoRoll CharacteristicPercentInt="20" />
        <HiRoll CharacteristicPercentInt="25" />
      </MagicEffect>
    </Value>
  </Modifier>
  <Modifier Name="MonstersResistLighting" HUDname="@ui_modifier_monsterResistLighting">
    <Target Type="Mobs" Attribut="None" />
    <Value Type="EIM">
      <MagicEffect Name="lightning_resistance_percent">
        <LoRoll CharacteristicPercentInt="20" />
        <HiRoll CharacteristicPercentInt="25" />
      </MagicEffect>
    </Value>
  </Modifier>
  <Modifier Name="MonstersResistElemental" HUDname="@ui_modifier_monsterResistElemental">
    <Target Type="Mobs" Attribut="None" />
    <Value Type="EIM">
      <MagicEffect Name="elemental_resistance_percent">
        <LoRoll CharacteristicPercentInt="10" />
        <HiRoll CharacteristicPercentInt="15" />
      </MagicEffect>
    </Value>
  </Modifier>
  <Modifier Name="MonstersResistUmbra" HUDname="@ui_modifier_monsterResistUmbra">
    <Target Type="Mobs" Attribut="None" />
    <Value Type="EIM">
      <MagicEffect Name="umbra_resistance_percent">
        <LoRoll CharacteristicPercentInt="20" />
        <HiRoll CharacteristicPercentInt="25" />
      </MagicEffect>
    </Value>
  </Modifier>
  <Modifier Name="MonstersResistSacred" HUDname="@ui_modifier_monsterResistSacred">
    <Target Type="Mobs" Attribut="None" />
    <Value Type="EIM">
      <MagicEffect Name="sacred_resistance_percent">
        <LoRoll CharacteristicPercentInt="20" />
        <HiRoll CharacteristicPercentInt="25" />
      </MagicEffect>
    </Value>
  </Modifier>
  <Modifier Name="MonstersResistShadow" HUDname="@ui_modifier_monsterResistShadow">
    <Target Type="Mobs" Attribut="None" />
    <Value Type="EIM">
      <MagicEffect Name="shadow_resistance_percent">
        <LoRoll CharacteristicPercentInt="20" />
        <HiRoll CharacteristicPercentInt="25" />
      </MagicEffect>
    </Value>
  </Modifier>
  <Modifier Name="MonstersResistOccult" HUDname="@ui_modifier_monsterResistOccult">
    <Target Type="Mobs" Attribut="None" />
    <Value Type="EIM">
      <MagicEffect Name="occult_resistance_percent">
        <LoRoll CharacteristicPercentInt="10" />
        <HiRoll CharacteristicPercentInt="15" />
      </MagicEffect>
    </Value>
  </Modifier>
  <Modifier Name="MonstersResistRend" HUDname="@ui_modifier_monsterResistRend">
    <Target Type="Mobs" Attribut="None" />
    <Value Type="EIM">
      <MagicEffect Name="rend_resistance_percent">
        <LoRoll CharacteristicPercentInt="20" />
        <HiRoll CharacteristicPercentInt="25" />
      </MagicEffect>
    </Value>
  </Modifier>
  <Modifier Name="MonstersResistToxic" HUDname="@ui_modifier_monsterResistToxic">
    <Target Type="Mobs" Attribut="None" />
    <Value Type="EIM">
      <MagicEffect Name="toxic_resistance_percent">
        <LoRoll CharacteristicPercentInt="20" />
        <HiRoll CharacteristicPercentInt="25" />
      </MagicEffect>
    </Value>
  </Modifier>
  <Modifier Name="MonstersResistPhysical" HUDname="@ui_modifier_monsterResistPhysical">
    <Target Type="Mobs" Attribut="None" />
    <Value Type="EIM">
      <MagicEffect Name="physical_resistance_percent">
        <LoRoll CharacteristicPercentInt="20" />
        <HiRoll CharacteristicPercentInt="25" />
      </MagicEffect>
    </Value>
  </Modifier>
  <Modifier Name="MonstersResistMaterial" HUDname="@ui_modifier_monsterResistMaterial">
    <Target Type="Mobs" Attribut="None" />
    <Value Type="EIM">
      <MagicEffect Name="material_resistance_percent">
        <LoRoll CharacteristicPercentInt="10" />
        <HiRoll CharacteristicPercentInt="15" />
      </MagicEffect>
    </Value>
  </Modifier>
  <Modifier Name="MonstersDamageFire" HUDname="@ui_modifier_monsterDamageFire">
    <Target Type="Mobs" Attribut="None" />
    <Value Type="EIM">
      <MagicEffect Name="damage_percent_as_fire">
        <LoRoll DamagePercentInt="10" />
        <HiRoll DamagePercentInt="20" />
      </MagicEffect>
    </Value>
  </Modifier>
  <Modifier Name="MonstersDamageFrost" HUDname="@ui_modifier_monsterDamageFrost">
    <Target Type="Mobs" Attribut="None" />
    <Value Type="EIM">
      <MagicEffect Name="damage_percent_as_frost">
        <LoRoll DamagePercentInt="10" />
        <HiRoll DamagePercentInt="20" />
      </MagicEffect>
    </Value>
  </Modifier>
  <Modifier Name="MonstersDamageLighting" HUDname="@ui_modifier_monsterDamageLighting">
    <Target Type="Mobs" Attribut="None" />
    <Value Type="EIM">
      <MagicEffect Name="damage_percent_as_lightning">
        <LoRoll DamagePercentInt="10" />
        <HiRoll DamagePercentInt="20" />
      </MagicEffect>
    </Value>
  </Modifier>
  <Modifier Name="MonstersDamageUmbra" HUDname="@ui_modifier_monsterDamageUmbra">
    <Target Type="Mobs" Attribut="None" />
    <Value Type="EIM">
      <MagicEffect Name="damage_percent_as_umbra">
        <LoRoll DamagePercentInt="10" />
        <HiRoll DamagePercentInt="20" />
      </MagicEffect>
    </Value>
  </Modifier>
  <Modifier Name="MonstersDamageSacred" HUDname="@ui_modifier_monsterDamageSacred">
    <Target Type="Mobs" Attribut="None" />
    <Value Type="EIM">
      <MagicEffect Name="damage_percent_as_sacred">
        <LoRoll DamagePercentInt="10" />
        <HiRoll DamagePercentInt="20" />
      </MagicEffect>
    </Value>
  </Modifier>
  <Modifier Name="MonstersDamageShadow" HUDname="@ui_modifier_monsterDamageShadow">
    <Target Type="Mobs" Attribut="None" />
    <Value Type="EIM">
      <MagicEffect Name="damage_percent_as_shadow">
        <LoRoll DamagePercentInt="10" />
        <HiRoll DamagePercentInt="20" />
      </MagicEffect>
    </Value>
  </Modifier>
  <Modifier Name="MonstersDamageRend" HUDname="@ui_modifier_monsterDamageRend">
    <Target Type="Mobs" Attribut="None" />
    <Value Type="EIM">
      <MagicEffect Name="damage_percent_as_rend">
        <LoRoll DamagePercentInt="10" />
        <HiRoll DamagePercentInt="20" />
      </MagicEffect>
    </Value>
  </Modifier>
  <Modifier Name="MonstersDamageToxic" HUDname="@ui_modifier_monsterDamageToxic">
    <Target Type="Mobs" Attribut="None" />
    <Value Type="EIM">
      <MagicEffect Name="damage_percent_as_toxic">
        <LoRoll DamagePercentInt="10" />
        <HiRoll DamagePercentInt="20" />
      </MagicEffect>
    </Value>
  </Modifier>
  <Modifier Name="MonstersDamagePhysical" HUDname="@ui_modifier_monsterDamagePhysical">
    <Target Type="Mobs" Attribut="None" />
    <Value Type="EIM">
      <MagicEffect Name="damage_percent_as_physical">
        <LoRoll DamagePercentInt="10" />
        <HiRoll DamagePercentInt="20" />
      </MagicEffect>
    </Value>
  </Modifier>
  <Modifier Name="PlayerLessUmbra" HUDname="@ui_modifier_lessManaRegen">
    <Target Type="Players" Attribut="None" />
    <Value Type="EIM">
      <MagicEffect Name="umbra_regen_percent">
        <LoRoll ResourcePercentFloat="-25" />
        <HiRoll ResourcePercentFloat="-35" />
      </MagicEffect>
    </Value>
  </Modifier>
  <Modifier Name="PlayerLessStamina" HUDname="@ui_modifier_lessStaminaRegen">
    <Target Type="Players" Attribut="None" />
    <Value Type="EIM">
      <MagicEffect Name="stamina_regeneration_percent">
        <LoRoll ResourcePercentFloat="-40" />
        <HiRoll ResourcePercentFloat="-50" />
      </MagicEffect>
    </Value>
  </Modifier>
  <Modifier Name="PlayerLessRage" HUDname="@ui_modifier_lessRageGen">
    <Target Type="Players" Attribut="None" />
    <Value Type="EIM">
      <MagicEffect Name="rage_per_strike_percent">
        <LoRoll ResourcePercentInt="-15" />
        <HiRoll ResourcePercentInt="-25" />
      </MagicEffect>
    </Value>
  </Modifier>
  <Modifier Name="MonsterCriticalResistance" HUDname="@ui_modifier_monsterCriticalResistance">
    <Target Type="Mobs" Attribut="None" />
    <Value Type="EIM">
      <MagicEffect Name="critical_damage_resistance_percent">
        <LoRoll DamagePercentFloat="15" />
        <HiRoll DamagePercentFloat="25" />
      </MagicEffect>
    </Value>
  </Modifier>
  <Modifier Name="MonsterDotResistance" HUDname="@ui_modifier_monsterDotResistance">
    <Target Type="Mobs" Attribut="None" />
    <Value Type="EIM">
      <MagicEffect Name="ailement_damage_resistance_percent">
        <LoRoll DamagePercentFloat="15" />
        <HiRoll DamagePercentFloat="25" />
      </MagicEffect>
    </Value>
  </Modifier>
  <Modifier Name="ProjDamageDistance" HUDname="@ui_modifier_projDamageDistance">
    <Target Type="Players" Attribut="None" />
    <Value Type="EIM">
      <MagicEffect Name="projectiles_damage_asdistance">
        <LoRoll DamagePercentFloat="-40" RangeFloat_Min="1" RangeFloat_Max="15" />
        <HiRoll DamagePercentFloat="-50" RangeFloat_Min="1" RangeFloat_Max="15" />
      </MagicEffect>
    </Value>
  </Modifier>
  <Modifier Name="MonstersSpeed" HUDname="@ui_modifier_monstersSpeed">
    <Target Type="Mobs" Attribut="None" />
    <Value Type="EIM">
      <MagicEffect Name="movespeed">
        <LoRoll SpeedPercentInt="10" />
        <HiRoll SpeedPercentInt="20" />
      </MagicEffect>
    </Value>
  </Modifier>
  <Modifier Name="MonstersHealth" HUDname="@ui_modifier_monstersHealth">
    <Target Type="Mobs" Attribut="None" />
    <Value Type="EIM">
      <MagicEffect Name="health_percent">
        <LoRoll HealthPercentInt="20" />
        <HiRoll HealthPercentInt="30" />
      </MagicEffect>
    </Value>
  </Modifier>
  <Modifier Name="MonstersLessCC" HUDname="@ui_modifier_monstersLessCC">
    <Target Type="Mobs" Attribut="None" />
    <Value Type="EIM">
      <MagicEffect Name="crowd_control_duration_percent">
        <LoRoll DurationPercentFloat="-40" />
        <HiRoll DurationPercentFloat="-50" />
      </MagicEffect>
    </Value>
  </Modifier>
  <Modifier Name="MonsterBurnOnHit" HUDname="@ui_modifier_monsterBurnOnHit">
    <Target Type="Mobs" Attribut="None" />
    <Value Type="EIM">
      <MagicEffect Name="chance_burn_on_hit">
        <LoRoll ChancePercentInt="5" />
        <HiRoll ChancePercentInt="10" />
      </MagicEffect>
    </Value>
  </Modifier>
  <Modifier Name="MonsterShockOnHit" HUDname="@ui_modifier_monsterShockOnHit">
    <Target Type="Mobs" Attribut="None" />
    <Value Type="EIM">
      <MagicEffect Name="chance_shock_on_hit">
        <LoRoll ChancePercentInt="5" />
        <HiRoll ChancePercentInt="10" />
      </MagicEffect>
    </Value>
  </Modifier>
  <Modifier Name="MonsterPoisonOnHit" HUDname="@ui_modifier_monsterPoisonOnHit">
    <Target Type="Mobs" Attribut="None" />
    <Value Type="EIM">
      <MagicEffect Name="chance_poison_on_hit">
        <LoRoll ChancePercentInt="5" />
        <HiRoll ChancePercentInt="10" />
      </MagicEffect>
    </Value>
  </Modifier>
  <Modifier Name="MonsterBleedOnHit" HUDname="@ui_modifier_monsterBleedOnHit">
    <Target Type="Mobs" Attribut="None" />
    <Value Type="EIM">
      <MagicEffect Name="chance_bleed_on_hit">
        <LoRoll ChancePercentInt="5" />
        <HiRoll ChancePercentInt="10" />
      </MagicEffect>
    </Value>
  </Modifier>
  <Modifier Name="MonsterWeaknessOnHit" HUDname="@ui_modifier_monsterWeaknessOnHit">
    <Target Type="Mobs" Attribut="None" />
    <Value Type="EIM">
      <MagicEffect Name="chance_weakness_on_hit">
        <LoRoll ChancePercentInt="5" />
        <HiRoll ChancePercentInt="10" />
      </MagicEffect>
    </Value>
  </Modifier>
  <Modifier Name="MonsterCurseOnHit" HUDname="@ui_modifier_monsterCurseOnHit">
    <Target Type="Mobs" Attribut="None" />
    <Value Type="EIM">
      <MagicEffect Name="chance_curse_on_hit">
        <LoRoll ChancePercentInt="5" />
        <HiRoll ChancePercentInt="10" />
      </MagicEffect>
    </Value>
  </Modifier>
  <Modifier Name="MonsterStasisOnHit" HUDname="@ui_modifier_monsterStasisOnHit">
    <Target Type="Mobs" Attribut="None" />
    <Value Type="EIM">
      <MagicEffect Name="chance_stasis_on_hit">
        <LoRoll ChancePercentInt="5" />
        <HiRoll ChancePercentInt="10" />
      </MagicEffect>
    </Value>
  </Modifier>
</MapModifiersPresets>