<MetaData>
  <Trigger Type="STOP_All" ID="stop_all" />
  <Trigger Type="STOP_Cutscene_Audio" ID="Stop_Cutscene_Audio" />
  <Trigger Type="PLAY_Player_Respawn" ID="Play_hero_respawn" />
  <Trigger Type="PLAY_Player_Death" ID="Play_hero_death" />
  <Trigger Type="PLAY_Player_UsePotion" ID="Play_item_potion_use" />
  <Trigger Type="PLAY_Player_LevelUp" ID="Play_UI_General_LevelUp" />
  <Trigger Type="PLAY_Player_DefaultHit" ID="Play_hero_default_damage" />
  <Trigger Type="PLAY_Player_DefaultHitLarge" ID="Play_hero_default_damage_large" />
  <Trigger Type="PLAY_Player_LowHealth" ID="Play_hero_low_health" />
  <Trigger Type="STOP_Player_LowHealth" ID="Stop_hero_low_health" />
  <Trigger Type="PLAY_Player_ResetVolumeOnRespawn" ID="Reset_Bus_Volume_all_Respawn" />
  <Trigger Type="PLAY_DOT_Bleed" ID="Play_hero_default_dot_bleed" />
  <Trigger Type="PLAY_DOT_Poison" ID="Play_hero_default_dot_poison" />
  <Trigger Type="PLAY_Arena_TimerLoop" ID="Play_Arena_timer_loop" />
  <Trigger Type="STOP_Arena_TimerLoop" ID="Stop_Arena_timer_loop" />
  <Trigger Type="PLAY_Arena_WaveStart" ID="Play_Arena_wave_start" />
  <Trigger Type="PLAY_Arena_WaveSuccessful" ID="Play_Arena_wave_successful" />
  <Trigger Type="PLAY_Arena_ChallengeSelectUI" ID="Play_Arena_lobby_challenge_menu_select" />
  <Trigger Type="PLAY_Arena_ChallengeStartUI" ID="Play_Arena_lobby_challenge_menu_start" />
  <Trigger Type="PLAY_Arena_ChallengeStart" ID="Play_Arena_challenge_Begins" />
  <Trigger Type="PLAY_Arena_ChallengeSuccessful" ID="Play_Arena_challenge_successful" />
  <Trigger Type="PLAY_Arena_ChallengeLost" ID="Play_Arena_challenge_lost" />
  <Trigger Type="PLAY_Arena_CrowdRythmLoop" ID="Play_amb_Arena_crowd_rhythm_loop" />
  <Trigger Type="STOP_Arena_CrowdRythmLoop" ID="Stop_amb_Arena_crowd_rhythm_loop" />
  <Trigger Type="PLAY_Arena_CrowdCheerMedium" ID="Play_amb_Arena_crowd_cheer_medium" />
  <Trigger Type="PLAY_Arena_CrowdCheerBig" ID="Play_amb_Arena_crowd_cheer_big" />
  <Trigger Type="PLAY_Arena_CrowdNegative" ID="Play_amb_Arena_crowd_negative" />
  <Trigger Type="PLAY_TownPortal_Start" ID="play_teleport_town_start" />
  <Trigger Type="PLAY_TownPortal_Enter" ID="play_teleport_enter" />
  <Trigger Type="PLAY_TownPortal_Exit" ID="Play_teleport_exit" />
  <Trigger Type="PLAY_TownPortal_Interrupt" ID="Play_teleport_town_interrupted" />
  <Trigger Type="STOP_TownPortal" ID="Stop_teleport_town" />
  <Trigger Type="PLAY_Waypoint_Unlock" ID="Play_waypoint_discover" />
  <Trigger Type="PLAY_Skill_DefaultWeapon_Impact" ID="Play_melee_weapon_impact" />
  <Trigger Type="PLAY_Skill_DefaultWeapon_CriticalImpact" ID="Play_melee_weapon_impact_critical" />
  <Trigger Type="PLAY_Skill_DefaultWeapon_PistolShot" ID="Play_pistol_fire" />
  <Trigger Type="PLAY_Skill_DefaultWeapon_PistolBurstShot" ID="Play_pistol_fire_big" />
  <Trigger Type="PLAY_Skill_DefaultWeapon_BowShot" ID="Play_bow_fire" />
  <Trigger Type="PLAY_Skill_DefaultWeapon_CrossbowShot" ID="Play_crossbow_shoot" />
  <Trigger Type="PLAY_Skill_DefaultWeapon_ArrowImpact" ID="Play_Arrow_Impact" />
  <Trigger Type="PLAY_Skill_DefaultWeapon_ArrowLoop" ID="Play_Arrow_Flight_Loop" />
  <Trigger Type="STOP_Skill_DefaultWeapon_ArrowLoop" ID="Stop_Arrow_Flight_Loop" />
  <Trigger Type="PLAY_Skill_DefaultWeapon_BulletImpact" ID="Play_Bullet_Impact" />
  <Trigger Type="PLAY_Skill_DefaultWeapon_StaffShot" ID="Play_Skill_Staff_Cast" />
  <Trigger Type="PLAY_Skill_DefaultWeapon_StaffProjectileImpact" ID="Play_Skill_Staff_Cast_Impact" />
  <Trigger Type="PLAY_Skill_DefaultWeapon_StaffProjectileLoop" ID="Play_Skill_Staff_Cast_Loop" />
  <Trigger Type="STOP_Skill_DefaultWeapon_StaffProjectileLoop" ID="Stop_Skill_Staff_Cast_Loop" />
  <Trigger Type="PLAY_Skill_ActiveDodge" ID="Play_dodge" />
  <Trigger Type="STOP_Skill_ActiveDodge" ID="Stop_dodge" />
  <Trigger Type="PLAY_Skill_ArrowsRain" ID="Play_Skill_ArrowsRain_Fire" />
  <Trigger Type="PLAY_Skill_Dash" ID="Play_skill_dash" />
  <Trigger Type="PLAY_Skill_Dash_Attack" ID="Play_skill_dash_attack_flash" />
  <Trigger Type="PLAY_Skill_Bladeslinger_Summon" ID="Play_Skill_BladeSlinger_Summon" />
  <Trigger Type="PLAY_Skill_Bladeslinger_Throw" ID="Play_Skill_BladeSlinger_Throw" />
  <Trigger Type="PLAY_Skill_Bladeslinger_Loop" ID="Play_Skill_BladeSlinger_Loop" />
  <Trigger Type="PLAY_Skill_Bladeslinger_Impact" ID="Play_Skill_BladeSlinger_Impact" />
  <Trigger Type="STOP_Skill_Bladeslinger_Loop" ID="Stop_Skill_BladeSlinger_Loop" />
  <Trigger Type="PLAY_Skill_ChainLightning_Cast" ID="Play_Skill_ChainLightning_Cast" />
  <Trigger Type="PLAY_Skill_ChainLightning_BuildUp" ID="Play_Skill_ChainLightning_PreCast" />
  <Trigger Type="PLAY_Skill_FrostLance_Explosion" ID="Play_Skill_FrostLance_Variant_Explosion" />
  <Trigger Type="PLAY_Skill_FrostMeteor_Summon" ID="Play_skill_meteor_frost_summon" />
  <Trigger Type="PLAY_Skill_FrostMeteor_Trail" ID="Play_skill_meteor_frost_trail" />
  <Trigger Type="PLAY_Skill_FrostMeteor_Impact" ID="Play_skill_meteor_frost_medium_impact" />
  <Trigger Type="PLAY_Skill_FrostMeteor_ImpactLarge" ID="Play_skill_meteor_frost_large_impact" />
  <Trigger Type="PLAY_Skill_FrostNova" ID="Play_skill_frost_nova" />
  <Trigger Type="PLAY_Skill_FrostNova_Impact" ID="Play_skill_frost_nova_impact" />
  <Trigger Type="PLAY_Skill_Leap_Jump" ID="Play_Skill_Leap_Jump" />
  <Trigger Type="PLAY_Skill_Leap_Impact" ID="Play_Skill_Leap_Impact" />
  <Trigger Type="PLAY_Skill_SacredGround" ID="Play_Skill_SacredGround_Start" />
  <Trigger Type="PLAY_Skill_Spreadshot_Start" ID="Play_Skill_Spreadshot_Start" />
  <Trigger Type="PLAY_Skill_Spreadshot_Shoot" ID="Play_Skill_Spreadshot_Shoot" />
  <Trigger Type="PLAY_Skill_Warcry" ID="Play_Skill_Warcry_Shout" />
  <Trigger Type="PLAY_Skill_Laser_Loop" ID="Play_disintegrate_loop" />
  <Trigger Type="STOP_Skill_Laser_Loop" ID="Stop_disintegrate_loop" />
  <Trigger Type="PLAY_Skill_Laser_ImpactLoop" ID="Play_disintegrate_impact_spark_loop" />
  <Trigger Type="STOP_Skill_Laser_ImpactLoop" ID="Stop_disintegrate_impact_spark_loop" />
  <Trigger Type="PLAY_Skill_ChainLightning_FirstImpact" ID="Play_Skill_ChainLightning_Impact_First" />
  <Trigger Type="PLAY_Skill_ChainLightning_Miss" ID="Play_Skill_ChainLightning_Impact_Miss" />
  <Trigger Type="PLAY_Skill_ChainLightning_SecondImpact" ID="Play_Skill_ChainLightning_Impact_Second" />
  <Trigger Type="PLAY_Skill_ChainLightning_ThirdImpact" ID="Play_Skill_ChainLightning_Impact_Third" />
  <Trigger Type="PLAY_Skill_ChainLightning_FourthImpact" ID="Play_Skill_ChainLightning_Impact_Fourth" />
  <Trigger Type="PLAY_Skill_BrutalStrike_Swing" ID="Play_skill_BrutalStrike_Swing" />
  <Trigger Type="PLAY_Skill_BrutalStrike_Impact" ID="Play_skill_BrutalStrike_Impact" />
  <Trigger Type="PLAY_AI_ImpactGore" ID="Play_melee_enemy_impact_gore" />
  <Trigger Type="PLAY_AI_DefaultAttack" ID="Play_Enemy_Melee_Attack_Swing" />
  <Trigger Type="PLAY_AI_DefaultBowShot" ID="Play_Enemy_Bow_Fire" />
  <Trigger Type="PLAY_AI_DefaultCrossbowShot" ID="Play_crossbow_shoot" />
  <Trigger Type="PLAY_AI_Trapper_BombStart" ID="Play_Trapper_Bomb_Start" />
  <Trigger Type="PLAY_AI_Trapper_BombThrow" ID="Play_Trapper_Bomb_Throw" />
  <Trigger Type="PLAY_AI_Trapper_BombImpact" ID="Play_Trapper_Bomb_Impact" />
  <Trigger Type="PLAY_AI_Trapper_MeleeImpact" ID="Play_Trapper_Melee_Impact" />
  <Trigger Type="PLAY_AI_SadisticThug_MeleeSwing" ID="Play_Outlaw_SadisticThug_Melee_Swing" />
  <Trigger Type="PLAY_AI_SadisticThug_MeleeImpact" ID="Play_Outlaw_SadisticThug_Melee_Impact" />
  <Trigger Type="PLAY_AI_SadisticThug_LeapJump" ID="Play_Outlaw_SadisticThug_Leap_Jump" />
  <Trigger Type="PLAY_AI_SadisticThug_LeapImpact" ID="Play_Outlaw_SadisticThug_Leap_Impact" />
  <Trigger Type="PLAY_AI_SadisticThug_WhirlwindLoop" ID="Play_Outlaw_SadisticThug_Whirlwind_Loop" />
  <Trigger Type="STOP_AI_SadisticThug_WhirlwindLoop" ID="Stop_Outlaw_SadisticThug_Whirlwind_Loop" />
  <Trigger Type="PLAY_AI_SadisticThug_WhirlwindEnd" ID="Play_Outlaw_SadisticThug_Whirlwind_End" />
  <Trigger Type="PLAY_AI_SadisticThug_AxeThrow" ID="Play_Outlaw_SadisticThug_AxeThrow" />
  <Trigger Type="PLAY_AI_SadisticThug_AxeThrowImpact" ID="Play_Outlaw_SadisticThug_AxeThrow_Impact" />
  <Trigger Type="PLAY_AI_SvriirAlpha_ClawSwipe" ID="Play_Svriir_Alpha_Claw_Swipe" />
  <Trigger Type="PLAY_AI_SvriirAlpha_FirebreathStart" ID="Play_Svriir_Alpha_Firebreath_Start" />
  <Trigger Type="PLAY_AI_SvriirAlpha_FirebreathEnd" ID="Play_Svriir_Alpha_Firebreath_End" />
  <Trigger Type="PLAY_AI_SvriirAlpha_PoisonbreathStart" ID="Play_Svriir_Alpha_Poisonbreath_Start" />
  <Trigger Type="PLAY_AI_SvriirAlpha_PoisonbreathEnd" ID="Play_Svriir_Alpha_Poisonbreath_End" />
  <Trigger Type="PLAY_AI_SvriirOmega_ClawSwipe" ID="Play_Svriir_Omega_ClawSwipe" />
  <Trigger Type="PLAY_AI_SvriirScreecher_ScreamStart" ID="Play_Svriir_Screamer_Start" />
  <Trigger Type="PLAY_AI_SvriirScreecher_ScreamEnd" ID="Play_Svriir_Screamer_Scream_End" />
  <Trigger Type="PLAY_AI_SvriirSpawner_SpawnStart" ID="Play_Svriir_Spawner_Spawn_Start" />
  <Trigger Type="PLAY_AI_SvriirSpawner_SpawnShot" ID="Play_Svriir_Spawner_Spawn_Shoot" />
  <Trigger Type="PLAY_AI_SvriirSpitter_SpitShot" ID="Play_Svriir_Spitter_Spit_Shoot" />
  <Trigger Type="PLAY_AI_SvriirSpitter_SpitShotImpact" ID="Play_Svriir_Spitter_Spit_Projectile_Impact" />
  <Trigger Type="PLAY_AI_SvriirSpitter_SpitShotLoop" ID="Play_Svriir_Spitter_Spit_Projectile_Loop" />
  <Trigger Type="STOP_AI_SvriirSpitter_SpitShotLoop" ID="Stop_Svriir_Spitter_Spit_Projectile_Loop" />
  <Trigger Type="PLAY_AI_SvriirSpitter_AcidDamage" ID="Play_Svriir_Spitter_Acid_Damage" />
  <Trigger Type="PLAY_AI_SvriirSpitter_DeathBuildUp" ID="Play_Svriir_Spitter_Death_Burst_Buildup" />
  <Trigger Type="PLAY_AI_SvriirSpitter_DeathBurst" ID="Play_Svriir_Spitter_Death_Burst" />
  <Trigger Type="PLAY_AI_Undead_Attack" ID="Play_Zombie_Attack_Impact" />
  <Trigger Type="PLAY_AI_Butcher_HookImpact" ID="Play_Butcher_ChainAttack_Impact" />
  <Trigger Type="PLAY_AI_Spiker_SpearImpact" ID="Play_Spiker_Spear_Impact" />
  <Trigger Type="PLAY_AI_Spiker_SpearLoop" ID="Play_Spiker_Spear_Projectile_Loop" />
  <Trigger Type="PLAY_UI_CharacterSheet_Attribute" ID="Play_UI_CharacterSheet_Attribute" />
  <Trigger Type="PLAY_UI_CharacterSheet_Close" ID="Play_UI_CharacterSheet_Close" />
  <Trigger Type="PLAY_UI_CharacterSheet_Confirm_Cancel" ID="Play_UI_CharacterSheet_Confirm_Cancel" />
  <Trigger Type="PLAY_UI_CharacterSheet_Open" ID="Play_UI_CharacterSheet_Open" />
  <Trigger Type="PLAY_UI_AST_LearnSpell" ID="Play_UI_General_LearnSpell" />
  <Trigger Type="PLAY_UI_AST_SkillPlacement" ID="Play_UI_ActiveSkillTree_skill_place" />
  <Trigger Type="PLAY_UI_AST_Open" ID="Play_UI_ActiveSkillTree_open" />
  <Trigger Type="PLAY_UI_AST_Close" ID="Play_UI_ActiveSkillTree_close" />
  <Trigger Type="PLAY_UI_AST_SelectSkill" ID="Play_UI_ActiveSkillTree_skill_select" />
  <Trigger Type="PLAY_UI_AST_DeactivateSkillVariant" ID="Play_UI_ActiveSkillTree_tree_variant_deactivate" />
  <Trigger Type="PLAY_UI_AST_ActivateSkillVariant" ID="Play_UI_ActiveSkillTree_tree_variant_activate" />
  <Trigger Type="PLAY_UI_Inventory_CloseStash" ID="Play_UI_inv_close_personal_chest" />
  <Trigger Type="PLAY_UI_Inventory_OpenStash" ID="Play_UI_inv_open_personal_chest" />
  <Trigger Type="PLAY_UI_Inventory_SelectItem" ID="Play_UI_inv_on_selecting_item" />
  <Trigger Type="PLAY_UI_Inventory_ReleaseItem" ID="Play_UI_inv_on_releasing_item" />
  <Trigger Type="PLAY_UI_Inventory_HoverItem" ID="Play_UI_inv_on_hover_item" />
  <Trigger Type="PLAY_UI_Inventory_Close" ID="Play_UI_inv_close_inventory" />
  <Trigger Type="PLAY_UI_Inventory_Open" ID="Play_UI_inv_open_inventory" />
  <Trigger Type="PLAY_UI_Inventory_EquipJewelry" ID="Play_UI_inv_equip_jewelry" />
  <Trigger Type="PLAY_UI_Inventory_EquipArmor" ID="Play_UI_inv_equip_armor" />
  <Trigger Type="PLAY_UI_Inventory_EquipWeapon" ID="Play_UI_inv_equip_weapon" />
  <Trigger Type="PLAY_UI_Inventory_RemoveGemFromSocket" ID="Play_UI_inv_socket_remove" />
  <Trigger Type="PLAY_UI_Inventory_InsertGemInSocket" ID="Play_UI_inv_socket_insert" />
  <Trigger Type="PLAY_UI_Archivist_Levelup" ID="Play_UI_Archivist_Levelup" />
  <Trigger Type="PLAY_UI_Archivist_Buy" ID="Play_UI_Archivist_Buy" />
  <Trigger Type="PLAY_UI_Archivist_Close" ID="Play_UI_Archivist_Close" />
  <Trigger Type="PLAY_UI_Archivist_Open" ID="Play_UI_Archivist_Open" />
  <Trigger Type="PLAY_UI_Archivist_Sell" ID="Play_UI_Archivist_Sell" />
  <Trigger Type="PLAY_UI_Merchant_Buy" ID="Play_UI_merchant_buy" />
  <Trigger Type="PLAY_UI_Merchant_Sell" ID="Play_UI_merchant_sell" />
  <Trigger Type="PLAY_UI_NPC_OpenMenu" ID="Play_UI_NPC_open_menu" />
  <Trigger Type="PLAY_UI_NPC_Interact" ID="Play_UI_NPC_interact" />
  <Trigger Type="PLAY_UI_NPC_CloseMenu" ID="Play_UI_NPC_close_menu" />
  <Trigger Type="PLAY_UI_Quest_Successful" ID="Play_UI_General_Quest_Done" />
  <Trigger Type="PLAY_UI_Quest_New" ID="Play_UI_General_Quest_New" />
  <Trigger Type="PLAY_UI_Quest_NewGoal" ID="Play_UI_General_Objective_New" />
  <Trigger Type="PLAY_UI_Quest_AcceptReward" ID="Play_UI_Archivist_Buy" />
  <Trigger Type="PLAY_UI_Quest_Exhibition_Panel_Open" ID="Play_UI_Quest_Exhibition_Panel_Open" />
  <Trigger Type="PLAY_UI_Quest_Exhibition_Accept" ID="Play_UI_Quest_Exhibition_Accept" />
  <Trigger Type="PLAY_UI_Quest_Exhibition_Decline" ID="Play_UI_Quest_Exhibition_Decline" />
  <Trigger Type="PLAY_UI_Quest_Exhibition_Select_Difficulty_Adept" ID="Play_UI_Quest_Exhibition_Select_Difficulty_Adept" />
  <Trigger Type="PLAY_UI_Quest_Exhibition_Select_Difficulty_Veteran" ID="Play_UI_Quest_Exhibition_Select_Difficulty_Veteran" />
  <Trigger Type="PLAY_UI_Quest_Exhibition_Select_Difficulty_Champion" ID="Play_UI_Quest_Exhibition_Select_Difficulty_Champion" />
  <Trigger Type="PLAY_UI_Quest_Exhibition_Select_Difficulty_Increase" ID="Play_UI_Quest_Exhibition_Select_Difficulty_Increase" />
  <Trigger Type="PLAY_UI_Quest_Exhibition_ChooseModifier_Panel_Open" ID="Play_UI_Quest_Exhibition_ChooseModifier_Panel_Open" />
  <Trigger Type="PLAY_UI_Quest_Exhibition_Modifier_Add" ID="Play_UI_Quest_Exhibition_Modifier_Add" />
  <Trigger Type="PLAY_UI_Quest_Exhibition_Modifier_Buy" ID="Play_UI_Quest_Exhibition_Modifier_Buy" />
  <Trigger Type="PLAY_UI_Quest_Exhibition_Modifier_LureUntainteds_Buy" ID="Play_UI_Quest_Exhibition_Modifier_LureUntainteds_Buy" />
  <Trigger Type="PLAY_UI_Quest_Exhibition_SoloWarning" ID="Play_UI_Quest_Exhibition_SoloWarning" />
  <Trigger Type="PLAY_UI_MainMenu_StartGame" ID="Play_UI_frontend_start" />
  <Trigger Type="PLAY_UI_Chat_Message_Group" ID="Play_UI_Chat_Message_Group" />
  <Trigger Type="PLAY_UI_Chat_Message_Private" ID="Play_UI_Chat_Message_Private" />
  <Trigger Type="PLAY_UI_Chat_Message_System" ID="Play_UI_Chat_Message_System" />
  <Trigger Type="PLAY_Loot_PickGold" ID="pick_gold" />
  <Trigger Type="PLAY_Loot_PickPistol" ID="loot_pick_gun" />
  <Trigger Type="PLAY_Loot_PickItem" ID="pick_item" />
  <Trigger Type="PLAY_Loot_PickGlobe" ID="pick_orb" />
  <Trigger Type="PLAY_Loot_DropMagic" ID="item_on_ground_blue" />
  <Trigger Type="PLAY_Loot_DropRare" ID="item_on_ground_rare" />
  <Trigger Type="PLAY_Loot_DropUnique" ID="item_on_ground_unique" />
  <Trigger Type="PLAY_Loot_DropLegendary" ID="item_on_ground_legendary" />
  <Trigger Type="PLAY_Loot_DropNormal" ID="item_on_ground_normal" />
  <Trigger Type="PLAY_Loot_DropPistol" ID="loot_on_ground_gun" />
  <Trigger Type="PLAY_Loot_DropEnneract" ID="book_on_ground" />
  <Trigger Type="PLAY_Loot_DropGold" ID="gold_on_ground" />
  <Trigger Type="PLAY_Loot_DropGlobe" ID="item_on_ground_orb" />
  <Trigger Type="PLAY_Loot_DropGlobeTrail" ID="loot_trail_orb" />
  <Trigger Type="PLAY_PST_Open" ID="Play_skill_tree_open" />
  <Trigger Type="PLAY_PST_Close" ID="Play_skill_tree_close" />
  <Trigger Type="PLAY_PST_RotateLoop" ID="Play_skill_tree_ring_rotate_loop" />
  <Trigger Type="STOP_PST_RotateLoop" ID="Stop_skill_tree_ring_rotate_loop" />
  <Trigger Type="PLAY_PST_AmbianceLoop" ID="Play_amb_skill_tree" />
  <Trigger Type="STOP_PST_AmbianceLoop" ID="Stop_amb_skill_tree" />
  <Trigger Type="PLAY_PST_SelectNode" ID="Play_skill_tree_skill_activation" />
  <Trigger Type="PLAY_PST_SelectRing" ID="Play_skill_tree_select_ring" />
  <Trigger Type="PLAY_PST_ConnectPath" ID="Play_skill_tree_path_connect" />
  <Trigger Type="PLAY_PST_Confirm" ID="Play_skill_tree_confirm" />
  <Trigger Type="PLAY_Music_Beta" ID="Play_Music_Beta" />
  <Trigger Type="STOP_Music_Beta" ID="Stop_Music_Beta" />
  <Trigger Type="PLAY_Music_MainTheme" ID="Play_Music_MainTheme" />
  <Trigger Type="STOP_Music_MainTheme" ID="Stop_Music_MainTheme" />
  <Trigger Type="PLAY_Nemesis_TurnIntoNemesis" ID="Play_UI_Gamemode_WoS_Nemesis" />
  <Trigger Type="PLAY_VictoryScreen_VictoryText" ID="Play_UI_Gamemode_VictoryScreen_VictoryText" />
  <Trigger Type="PLAY_VictoryScreen_RankSlideIn" ID="Play_UI_Gamemode_VictoryScreen_RankSlideIn" />
  <Trigger Type="PLAY_VictoryScreen_RewardsSlideIn" ID="Play_UI_Gamemode_VictoryScreen_RewardsSlideIn" />
  <Trigger Type="PLAY_VictoryScreen_NumericalStatsIncrease" ID="Play_UI_Gamemode_VictoryScreen_NumericalStatsIncrease" />
  <Trigger Type="PLAY_VictoryScreen_CardAppear" ID="Play_UI_Gamemode_VictoryScreen_CardAppear" />
  <Trigger Type="PLAY_VictoryScreen_CardAppearFirst" ID="Play_UI_Gamemode_VictoryScreen_CardAppear_First" />
  <Trigger Type="PLAY_VictoryScreen_CardAppearLast" ID="Play_UI_Gamemode_VictoryScreen_CardAppear_Last" />
  <Trigger Type="PLAY_VictoryScreen_ButtonClick" ID="Play_UI_Gamemode_VictoryScreen_ButtonClick" />
  <Trigger Type="Play_UI_Trading_Trade_Request_Sent" ID="Play_UI_Trading_Trade_Request_Sent" />
  <Trigger Type="Play_UI_Trading_Trade_Request_Received" ID="Play_UI_Trading_Trade_Request_Received" />
  <Trigger Type="Play_UI_Trading_Validated_Local" ID="Play_UI_Trading_Validated_Local" />
  <Trigger Type="Play_UI_Trading_Validated_OtherParty" ID="Play_UI_Trading_Validated_OtherParty" />
  <Trigger Type="Play_UI_Trading_Window_Open" ID="Play_UI_Trading_Window_Open" />
  <Trigger Type="Play_UI_Trading_Window_Close_Trade_Cancelled" ID="Play_UI_Trading_Window_Close_Trade_Cancelled" />
  <Trigger Type="Play_UI_Trading_Window_Close_Trade_Completed" ID="Play_UI_Trading_Window_Close_Trade_Completed" />
</MetaData>