<MapModifierAltarPresets>
  <MapModifier PresetName="MapModidifier_Altar" Weight="1" AutoTeleport="1" Geometry="Objects/props/Altar/Altar_Shrine_Map_Modifier.cgf" BlockerGeometry="objects/fx/AltarPhys/CustomSphere_Collision_10x10.cgf" BlockerOffset="0,0,0" BlockerRotation="0" BlockerScale="1.58">
    <MapModifierList>
      <Modifier Preset="SoulExplosion" Chance="5" Difficulty="0" ItemRarity="50" ItemQuantity="20" />
      <Modifier Preset="RandomExplosion" Chance="5" Difficulty="0" ItemRarity="50" ItemQuantity="20" />
      <Modifier Preset="ResurectSimilar" Chance="5" Difficulty="0" ItemRarity="50" ItemQuantity="20" />
      <Modifier Preset="MonsterBossMod" Chance="5" Difficulty="0" ItemRarity="50" ItemQuantity="20" />
      <Modifier Preset="MonstersResistFire" Chance="5" Difficulty="0" ItemRarity="50" ItemQuantity="20" />
      <Modifier Preset="MonstersResistFrost" Chance="5" Difficulty="0" ItemRarity="50" ItemQuantity="20" />
      <Modifier Preset="MonstersResistLighting" Chance="5" Difficulty="0" ItemRarity="50" ItemQuantity="20" />
      <Modifier Preset="MonstersResistElemental" Chance="5" Difficulty="0" ItemRarity="50" ItemQuantity="20" />
      <Modifier Preset="MonstersResistUmbra" Chance="5" Difficulty="0" ItemRarity="50" ItemQuantity="20" />
      <Modifier Preset="MonstersResistSacred" Chance="5" Difficulty="0" ItemRarity="50" ItemQuantity="20" />
      <Modifier Preset="MonstersResistShadow" Chance="5" Difficulty="0" ItemRarity="50" ItemQuantity="20" />
      <Modifier Preset="MonstersResistOccult" Chance="5" Difficulty="0" ItemRarity="50" ItemQuantity="20" />
      <Modifier Preset="MonstersResistRend" Chance="5" Difficulty="0" ItemRarity="50" ItemQuantity="20" />
      <Modifier Preset="MonstersResistToxic" Chance="5" Difficulty="0" ItemRarity="50" ItemQuantity="20" />
      <Modifier Preset="MonstersResistPhysical" Chance="5" Difficulty="0" ItemRarity="50" ItemQuantity="20" />
      <Modifier Preset="MonstersResistMaterial" Chance="5" Difficulty="0" ItemRarity="50" ItemQuantity="20" />
      <Modifier Preset="MonstersDamageFire" Chance="5" Difficulty="0" ItemRarity="50" ItemQuantity="20" />
      <Modifier Preset="MonstersDamageFrost" Chance="5" Difficulty="0" ItemRarity="50" ItemQuantity="20" />
      <Modifier Preset="MonstersDamageLighting" Chance="5" Difficulty="0" ItemRarity="50" ItemQuantity="20" />
      <Modifier Preset="MonstersDamageUmbra" Chance="5" Difficulty="0" ItemRarity="50" ItemQuantity="20" />
      <Modifier Preset="MonstersDamageSacred" Chance="5" Difficulty="0" ItemRarity="50" ItemQuantity="20" />
      <Modifier Preset="MonstersDamageShadow" Chance="5" Difficulty="0" ItemRarity="50" ItemQuantity="20" />
      <Modifier Preset="MonstersDamageRend" Chance="5" Difficulty="0" ItemRarity="50" ItemQuantity="20" />
      <Modifier Preset="MonstersDamageToxic" Chance="5" Difficulty="0" ItemRarity="50" ItemQuantity="20" />
      <Modifier Preset="MonstersDamagePhysical" Chance="5" Difficulty="0" ItemRarity="50" ItemQuantity="20" />
      <Modifier Preset="PlayerLessUmbra" Chance="5" Difficulty="0" ItemRarity="50" ItemQuantity="20" />
      <Modifier Preset="PlayerLessStamina" Chance="5" Difficulty="0" ItemRarity="50" ItemQuantity="20" />
      <Modifier Preset="PlayerLessRage" Chance="5" Difficulty="0" ItemRarity="50" ItemQuantity="20" />
      <Modifier Preset="MonsterCriticalResistance" Chance="5" Difficulty="0" ItemRarity="50" ItemQuantity="20" />
      <Modifier Preset="MonsterDotResistance" Chance="5" Difficulty="0" ItemRarity="50" ItemQuantity="20" />
      <Modifier Preset="ProjDamageDistance" Chance="5" Difficulty="0" ItemRarity="50" ItemQuantity="20" />
      <Modifier Preset="MonstersSpeed" Chance="5" Difficulty="0" ItemRarity="50" ItemQuantity="20" />
      <Modifier Preset="MonstersHealth" Chance="5" Difficulty="0" ItemRarity="50" ItemQuantity="20" />
      <Modifier Preset="MonstersLessCC" Chance="5" Difficulty="0" ItemRarity="50" ItemQuantity="20" />
      <Modifier Preset="MonsterBurnOnHit" Chance="5" Difficulty="0" ItemRarity="50" ItemQuantity="20" />
      <Modifier Preset="MonsterShockOnHit" Chance="5" Difficulty="0" ItemRarity="50" ItemQuantity="20" />
      <Modifier Preset="MonsterPoisonOnHit" Chance="5" Difficulty="0" ItemRarity="50" ItemQuantity="20" />
      <Modifier Preset="MonsterBleedOnHit" Chance="5" Difficulty="0" ItemRarity="50" ItemQuantity="20" />
      <Modifier Preset="MonsterWeaknessOnHit" Chance="5" Difficulty="0" ItemRarity="50" ItemQuantity="20" />
      <Modifier Preset="MonsterCurseOnHit" Chance="5" Difficulty="0" ItemRarity="50" ItemQuantity="20" />
      <Modifier Preset="MonsterStasisOnHit" Chance="5" Difficulty="0" ItemRarity="50" ItemQuantity="20" />
    </MapModifierList>
    <Particles>
      <Particle Key="Permanent" VFXName="U_CommonVFX.Altars.Altars_Map_Sphere" Direction="0,1,0" Offset="0,0,0" Scale="1" />
      <Particle Key="Permanent_Mesh" VFXName="U_CommonVFX.Altars.Altars_Aura_01" Direction="0,1,0" Offset="0,0,0" Scale="1" />
      <Particle Key="PermanentDeactivation" VFXName="U_CommonVFX.Altars.Altars_Map_Sphere_Disappear" Direction="0,0,1" Offset="0,0,0" Scale="1" />
      <Particle Key="PermanentDeactivation_Mesh" VFXName="U_CommonVFX.Altars.Altars_Finish_01_Blue" Direction="0,1,0" Offset="0,0,1.7" Scale="1" />
    </Particles>
  </MapModifier>
</MapModifierAltarPresets>