<SpawnClasses>
  <SpawnClass Name="trap_spawnclass_1">
    <SpawnChoice TrapPrefabID="RotatingFireTurret" TrapPresetID="RotatingFireTurret" iTrapLevel="1" iFrequency="10" />
    <SpawnChoice TrapPrefabID="ElectricPylon_Broken_Tuto" TrapPresetID="ElectricPylon_Broken_Tuto" iTrapLevel="1" iFrequency="10" />
  </SpawnClass>
  <SpawnClass Name="trap_spawnclass_2">
    <SpawnChoice TrapPrefabID="AimFireTurret" TrapPresetID="AimFireTurret" iTrapLevel="1" iFrequency="10" />
  </SpawnClass>
  <SpawnClass Name="trap_spawnclass_3">
    <SpawnChoice TrapPrefabID="Saw" TrapPresetID="Saw" iTrapLevel="1" iFrequency="10" />
    <SpawnChoice TrapPrefabID="Guillotine" TrapPresetID="Guillotine" iTrapLevel="1" iFrequency="10" />
    <SpawnChoice TrapPrefabID="SwingingBladeClassic" TrapPresetID="SwingingBladeClassic" iTrapLevel="1" iFrequency="10" />
  </SpawnClass>
  <SpawnClass Name="trap_corruption_1">
    <SpawnChoice TrapPrefabID="CorruptionBearTrap" TrapPresetID="CorruptionBearTrap" iTrapLevel="1" iFrequency="10" />
    <SpawnChoice TrapPrefabID="CorruptionRotatingTurret" TrapPresetID="CorruptionRotatingTurret" iTrapLevel="1" iFrequency="10" />
  </SpawnClass>
  <SpawnClass Name="trap_spawnclass_4">
    <SpawnChoice TrapPrefabID="RotatingFireTurret" TrapPresetID="RotatingFireTurret_5" iTrapLevel="1" iFrequency="10" />
  </SpawnClass>
  <SpawnClass Name="trap_spawnclass_5">
    <SpawnChoice TrapPrefabID="RotatingCorruptionTurret_90" TrapPresetID="RotatingFireTurret_10" iTrapLevel="1" iFrequency="10" />
  </SpawnClass>
  <SpawnClass Name="trap_spawnclass_6">
    <SpawnChoice TrapPrefabID="Saw" TrapPresetID="Saw" iTrapLevel="1" iFrequency="10" />
  </SpawnClass>
  <SpawnClass Name="trap_spawnclass_7">
    <SpawnChoice TrapPrefabID="SwingingBladeClassic" TrapPresetID="SwingingBladeClassic" iTrapLevel="1" iFrequency="10" />
  </SpawnClass>
  <SpawnClass Name="trap_spawnclass_8">
    <SpawnChoice TrapPrefabID="SwingingBladeClassic" TrapPresetID="SwingingBladeClassic" iTrapLevel="1" iFrequency="10" />
  </SpawnClass>
  <SpawnClass Name="trap_rotatingTurret_slow">
    <SpawnChoice TrapPrefabID="RotatingFireTurret" TrapPresetID="RotatingFireTurret_norange_slow" iTrapLevel="20" iFrequency="1" />
  </SpawnClass>
  <SpawnClass Name="trap_rotatingTurret_fast">
    <SpawnChoice TrapPrefabID="RotatingFireTurret" TrapPresetID="RotatingFireTurret_norange_fast" iTrapLevel="20" iFrequency="1" />
  </SpawnClass>
  <SpawnClass Name="AimFireTurret_standart">
    <SpawnChoice TrapPrefabID="AimFireTurret" TrapPresetID="AimFireTurret_far" iTrapLevel="20" iFrequency="1" />
  </SpawnClass>
  <SpawnClass Name="trap_RotatingFireTurret_far">
    <SpawnChoice TrapPrefabID="RotatingFlamethrowerTurret" TrapPresetID="RotatingFlamethrowerTurret" iTrapLevel="20" iFrequency="1" />
  </SpawnClass>
  <SpawnClass Name="trap_FixedFireTurret_slow">
    <SpawnChoice TrapPrefabID="AimFireTurret" TrapPresetID="FixedFireTurret" iTrapLevel="20" iFrequency="1" />
  </SpawnClass>
  <SpawnClass Name="trap_Saw">
    <SpawnChoice TrapPrefabID="Saw" TrapPresetID="Saw" iTrapLevel="20" iFrequency="1" />
  </SpawnClass>
  <SpawnClass Name="trap_Guillotine">
    <SpawnChoice TrapPrefabID="Guillotine" TrapPresetID="Guillotine" iTrapLevel="20" iFrequency="1" />
  </SpawnClass>
</SpawnClasses>