<MetaData>
  <SpawnClassFamily Name="Beta_NPC1_AdventureMode">
    <SpawnChoice SpawnClassName="sc_Adv_NPC1_COSS_1" Weight="1" ReqPlayerLevelMin="3" />
    <SpawnChoice SpawnClassName="sc_Adv_NPC1_COSS_2" Weight="1" ReqPlayerLevelMin="3" />
    <SpawnChoice SpawnClassName="sc_Adv_NPC1_COSS_3" Weight="1" ReqPlayerLevelMin="9" />
    <SpawnChoice SpawnClassName="sc_Adv_NPC1_COSS_4" Weight="1" ReqPlayerLevelMin="9" />
    <SpawnChoice SpawnClassName="sc_Adv_NPC1_COSS_5" Weight="1" ReqPlayerLevelMin="15" />
    <SpawnChoice SpawnClassName="sc_Adv_NPC1_COSS_6" Weight="1" ReqPlayerLevelMin="14" />
    <SpawnChoice SpawnClassName="sc_Adv_NPC1_COSS_7" Weight="1" ReqPlayerLevelMin="9" />
    <SpawnChoice SpawnClassName="sc_Adv_NPC1_COSS_8" Weight="1" ReqPlayerLevelMin="12" />
    <SpawnChoice SpawnClassName="sc_Adv_NPC1_COSS_9" Weight="1" ReqPlayerLevelMin="6" />
    <SpawnChoice SpawnClassName="sc_Adv_NPC1_COSS_10" Weight="1" ReqPlayerLevelMin="15" />
    <SpawnChoice SpawnClassName="sc_Adv_NPC1_Svriir_1" Weight="1" ReqPlayerLevelMin="1" />
    <SpawnChoice SpawnClassName="sc_Adv_NPC1_Svriir_2" Weight="1" ReqPlayerLevelMin="1" />
    <SpawnChoice SpawnClassName="sc_Adv_NPC1_Svriir_3" Weight="1" ReqPlayerLevelMin="11" />
    <SpawnChoice SpawnClassName="sc_Adv_NPC1_Svriir_4" Weight="1" ReqPlayerLevelMin="15" />
    <SpawnChoice SpawnClassName="sc_Adv_NPC1_Svriir_5" Weight="1" ReqPlayerLevelMin="14" />
    <SpawnChoice SpawnClassName="sc_Adv_NPC1_Outlaw_1" Weight="1" ReqPlayerLevelMin="5" />
    <SpawnChoice SpawnClassName="sc_Adv_NPC1_Outlaw_2" Weight="1" ReqPlayerLevelMin="5" />
    <SpawnChoice SpawnClassName="sc_Adv_NPC1_Outlaw_3" Weight="1" ReqPlayerLevelMin="5" />
    <SpawnChoice SpawnClassName="sc_Adv_NPC1_Outlaw_4" Weight="1" ReqPlayerLevelMin="5" />
    <SpawnChoice SpawnClassName="sc_Adv_NPC1_Outlaw_5" Weight="1" ReqPlayerLevelMin="5" />
    <SpawnChoice SpawnClassName="sc_Adv_NPC1_Outlaw_6" Weight="1" ReqPlayerLevelMin="11" />
    <SpawnChoice SpawnClassName="sc_Adv_NPC1_COSS_11" Weight="1" ReqPlayerLevelMin="15" />
    <SpawnChoice SpawnClassName="sc_Adv_NPC1_COSS_12" Weight="1" ReqPlayerLevelMin="12" />
    <SpawnChoice SpawnClassName="sc_Adv_NPC1_COSS_13" Weight="1" ReqPlayerLevelMin="5" />
    <SpawnChoice SpawnClassName="sc_Adv_NPC1_COSS_14" Weight="1" ReqPlayerLevelMin="9" />
    <SpawnChoice SpawnClassName="sc_Adv_NPC1_COSS_15" Weight="1" ReqPlayerLevelMin="6" />
    <SpawnChoice SpawnClassName="sc_Adv_NPC1_COSS_16" Weight="1" ReqPlayerLevelMin="10" />
    <SpawnChoice SpawnClassName="sc_Adv_NPC1_Svriir_6" Weight="1" ReqPlayerLevelMin="6" />
    <SpawnChoice SpawnClassName="sc_Adv_NPC1_Svriir_6_white" Weight="1" ReqPlayerLevelMin="3" />
    <SpawnChoice SpawnClassName="sc_Adv_NPC1_Svriir_7" Weight="1" ReqPlayerLevelMin="7" />
    <SpawnChoice SpawnClassName="sc_Adv_NPC1_Svriir_8" Weight="1" ReqPlayerLevelMin="10" />
    <SpawnChoice SpawnClassName="sc_Adv_NPC1_Outlaw_7" Weight="1" ReqPlayerLevelMin="6" />
    <SpawnChoice SpawnClassName="sc_Adv_NPC1_Outlaw_7_white" Weight="1" ReqPlayerLevelMin="5" />
    <SpawnChoice SpawnClassName="sc_Adv_NPC1_Outlaw_8" Weight="1" ReqPlayerLevelMin="6" />
    <SpawnChoice SpawnClassName="sc_Adv_NPC1_Outlaw_9" Weight="1" ReqPlayerLevelMin="14" />
    <SpawnChoice SpawnClassName="sc_Adv_NPC1_COSS_17" Weight="1" ReqPlayerLevelMin="7" />
    <SpawnChoice SpawnClassName="sc_Adv_NPC1_COSS_18" Weight="1" ReqPlayerLevelMin="9" />
    <SpawnChoice SpawnClassName="sc_Adv_NPC1_COSS_19" Weight="1" ReqPlayerLevelMin="13" />
    <SpawnChoice SpawnClassName="sc_Adv_NPC1_Svriir_9" Weight="1" ReqPlayerLevelMin="8" />
    <SpawnChoice SpawnClassName="sc_Adv_NPC1_Outlaw_10" Weight="1" ReqPlayerLevelMin="9" />
  </SpawnClassFamily>
</MetaData>