<Families>
  <SpawnClassFamily Name="Scf_Adv_COSS_Quest1">
    <SpawnChoice SpawnClassName="sc_Adv_COSS_Quest1" Weight="1" />
    <SpawnChoice SpawnClassName="sc_Adv_COSS_Quest1" Weight="1" />
  </SpawnClassFamily>
  <SpawnClassFamily Name="Scf_Adv_COSS_Quest2">
    <SpawnChoice SpawnClassName="sc_Adv_COSS_Quest2" Weight="1" />
  </SpawnClassFamily>
  <SpawnClassFamily Name="Scf_Adv_COSS_Quest3">
    <SpawnChoice SpawnClassName="sc_Adv_COSS_Quest3" Weight="1" />
  </SpawnClassFamily>
  <SpawnClassFamily Name="Scf_Adv_COSS_Quest4">
    <SpawnChoice SpawnClassName="sc_Adv_COSS_Quest4" Weight="1" />
  </SpawnClassFamily>
  <SpawnClassFamily Name="Scf_Adv_COSS_Quest5">
    <SpawnChoice SpawnClassName="sc_Adv_COSS_Quest5" Weight="1" />
  </SpawnClassFamily>
  <SpawnClassFamily Name="Scf_Adv_COSS_Quest6">
    <SpawnChoice SpawnClassName="sc_Adv_COSS_Quest6" Weight="1" />
  </SpawnClassFamily>
  <SpawnClassFamily Name="Scf_Adv_COSS_Quest7">
    <SpawnChoice SpawnClassName="sc_Adv_COSS_Quest7" Weight="1" />
  </SpawnClassFamily>
  <SpawnClassFamily Name="Scf_Adv_COSS_Quest8">
    <SpawnChoice SpawnClassName="sc_Adv_COSS_Quest8" Weight="1" />
  </SpawnClassFamily>
  <SpawnClassFamily Name="Scf_Adv_COSS_TutoQuest1">
    <SpawnChoice SpawnClassName="sc_Adv_COSS_TutoQuest1" Weight="1" />
  </SpawnClassFamily>
  <SpawnClassFamily Name="Scf_Adv_COSS_TutoQuest2">
    <SpawnChoice SpawnClassName="sc_Adv_COSS_TutoQuest2" Weight="1" />
  </SpawnClassFamily>
  <SpawnClassFamily Name="Scf_Adv_COSS_TutoQuest3">
    <SpawnChoice SpawnClassName="sc_Adv_COSS_TutoQuest3" Weight="1" />
  </SpawnClassFamily>
  <SpawnClassFamily Name="Scf_Adv_Outlaw_Quest1">
    <SpawnChoice SpawnClassName="sc_Adv_Outlaw_Quest1" Weight="1" />
  </SpawnClassFamily>
  <SpawnClassFamily Name="Scf_Adv_Outlaw_Quest2">
    <SpawnChoice SpawnClassName="sc_Adv_Outlaw_Quest2" Weight="1" />
  </SpawnClassFamily>
  <SpawnClassFamily Name="Scf_Adv_Outlaw_Quest3">
    <SpawnChoice SpawnClassName="sc_Adv_Outlaw_Quest3" Weight="1" />
  </SpawnClassFamily>
  <SpawnClassFamily Name="Scf_Adv_Outlaw_Quest4">
    <SpawnChoice SpawnClassName="sc_Adv_Outlaw_Quest4" Weight="1" />
  </SpawnClassFamily>
  <SpawnClassFamily Name="Scf_Adv_Outlaw_Quest5">
    <SpawnChoice SpawnClassName="sc_Adv_Outlaw_Quest5" Weight="1" />
  </SpawnClassFamily>
  <SpawnClassFamily Name="Scf_Adv_Outlaw_TutoQuest1">
    <SpawnChoice SpawnClassName="sc_Adv_Outlaw_TutoQuest1" Weight="1" />
  </SpawnClassFamily>
  <SpawnClassFamily Name="Scf_Adv_Outlaw_TutoQuest2">
    <SpawnChoice SpawnClassName="sc_Adv_Outlaw_TutoQuest2" Weight="1" />
  </SpawnClassFamily>
  <SpawnClassFamily Name="Scf_Adv_Republic_Quest1">
    <SpawnChoice SpawnClassName="sc_Adv_Republic_Quest1" Weight="1" />
  </SpawnClassFamily>
  <SpawnClassFamily Name="Scf_Adv_Republic_Quest2">
    <SpawnChoice SpawnClassName="sc_Adv_Republic_Quest2" Weight="1" />
  </SpawnClassFamily>
  <SpawnClassFamily Name="Scf_Adv_Republic_Quest3">
    <SpawnChoice SpawnClassName="sc_Adv_Republic_Quest3" Weight="1" />
  </SpawnClassFamily>
  <SpawnClassFamily Name="Scf_Adv_Svriir_Quest1">
    <SpawnChoice SpawnClassName="sc_Adv_Svriir_Quest1" Weight="1" />
  </SpawnClassFamily>
  <SpawnClassFamily Name="Scf_Adv_Svriir_Quest2">
    <SpawnChoice SpawnClassName="sc_Adv_Svriir_Quest2" Weight="1" />
  </SpawnClassFamily>
  <SpawnClassFamily Name="Scf_Adv_Svriir_Quest3">
    <SpawnChoice SpawnClassName="sc_Adv_Svriir_Quest3" Weight="1" />
  </SpawnClassFamily>
  <SpawnClassFamily Name="Scf_Adv_Svriir_Quest4">
    <SpawnChoice SpawnClassName="sc_Adv_Svriir_Quest4" Weight="1" />
  </SpawnClassFamily>
  <SpawnClassFamily Name="Scf_Adv_Svriir_Quest5">
    <SpawnChoice SpawnClassName="sc_Adv_Svriir_Quest5" Weight="1" />
  </SpawnClassFamily>
  <SpawnClassFamily Name="Scf_Adv_Svriir_Quest6">
    <SpawnChoice SpawnClassName="sc_Adv_Svriir_Quest6" Weight="1" />
  </SpawnClassFamily>
  <SpawnClassFamily Name="Scf_Adv_Svriir_TutoQuest1">
    <SpawnChoice SpawnClassName="sc_Adv_Svriir_TutoQuest1" Weight="1" />
  </SpawnClassFamily>
  <SpawnClassFamily Name="Scf_Adv_Svriir_TutoQuest2">
    <SpawnChoice SpawnClassName="sc_Adv_Svriir_TutoQuest2" Weight="1" />
  </SpawnClassFamily>
</Families>