<MetaData>
  <SpawnClassFamily Name="Beta_NPC2_AdventureMode">
    <SpawnChoice SpawnClassName="sc_Adv_NPC2_COSS_1" Weight="1" />
    <SpawnChoice SpawnClassName="sc_Adv_NPC2_COSS_2" Weight="1" />
    <SpawnChoice SpawnClassName="sc_Adv_NPC2_COSS_3" Weight="1" />
    <SpawnChoice SpawnClassName="sc_Adv_NPC2_COSS_4" Weight="1" />
    <SpawnChoice SpawnClassName="sc_Adv_NPC2_COSS_5" Weight="1" />
    <SpawnChoice SpawnClassName="sc_Adv_NPC2_COSS_6" Weight="1" />
    <SpawnChoice SpawnClassName="sc_Adv_NPC2_COSS_7" Weight="1" />
    <SpawnChoice SpawnClassName="sc_Adv_NPC2_COSS_8" Weight="1" />
    <SpawnChoice SpawnClassName="sc_Adv_NPC2_COSS_9" Weight="1" />
    <SpawnChoice SpawnClassName="sc_Adv_NPC2_COSS_10" Weight="1" />
    <SpawnChoice SpawnClassName="sc_Adv_NPC2_Svriir_1" Weight="1" />
    <SpawnChoice SpawnClassName="sc_Adv_NPC2_Svriir_2" Weight="1" />
    <SpawnChoice SpawnClassName="sc_Adv_NPC2_Svriir_3" Weight="1" />
    <SpawnChoice SpawnClassName="sc_Adv_NPC2_Svriir_4" Weight="1" />
    <SpawnChoice SpawnClassName="sc_Adv_NPC2_Svriir_5" Weight="1" />
    <SpawnChoice SpawnClassName="sc_Adv_NPC2_Outlaw_1" Weight="1" />
    <SpawnChoice SpawnClassName="sc_Adv_NPC2_Outlaw_2" Weight="1" />
    <SpawnChoice SpawnClassName="sc_Adv_NPC2_Outlaw_3" Weight="1" />
    <SpawnChoice SpawnClassName="sc_Adv_NPC2_Outlaw_4" Weight="1" />
    <SpawnChoice SpawnClassName="sc_Adv_NPC2_Outlaw_5" Weight="1" />
    <SpawnChoice SpawnClassName="sc_Adv_NPC2_Outlaw_6" Weight="1" />
    <SpawnChoice SpawnClassName="sc_Adv_NPC2_COSS_11" Weight="1" />
    <SpawnChoice SpawnClassName="sc_Adv_NPC2_COSS_12" Weight="1" />
    <SpawnChoice SpawnClassName="sc_Adv_NPC2_COSS_13" Weight="1" />
    <SpawnChoice SpawnClassName="sc_Adv_NPC2_COSS_14" Weight="1" />
    <SpawnChoice SpawnClassName="sc_Adv_NPC2_COSS_15" Weight="1" />
    <SpawnChoice SpawnClassName="sc_Adv_NPC2_COSS_16" Weight="1" />
    <SpawnChoice SpawnClassName="sc_Adv_NPC2_Svriir_6" Weight="1" />
    <SpawnChoice SpawnClassName="sc_Adv_NPC2_Svriir_7" Weight="1" />
    <SpawnChoice SpawnClassName="sc_Adv_NPC2_Svriir_8" Weight="1" />
    <SpawnChoice SpawnClassName="sc_Adv_NPC2_Outlaw_7" Weight="1" />
    <SpawnChoice SpawnClassName="sc_Adv_NPC2_Outlaw_8" Weight="1" />
    <SpawnChoice SpawnClassName="sc_Adv_NPC2_Outlaw_9" Weight="1" />
    <SpawnChoice SpawnClassName="sc_Adv_NPC2_COSS_17" Weight="1" />
    <SpawnChoice SpawnClassName="sc_Adv_NPC2_COSS_18" Weight="1" />
    <SpawnChoice SpawnClassName="sc_Adv_NPC2_COSS_19" Weight="1" />
    <SpawnChoice SpawnClassName="sc_Adv_NPC2_Svriir_9" Weight="1" />
    <SpawnChoice SpawnClassName="sc_Adv_NPC2_Outlaw_10" Weight="1" />
  </SpawnClassFamily>
</MetaData>