<MetaData>
  <SpawnClassFamily Name="Beta_NPC2_Boss_f1">
    <SpawnChoice SpawnClassName="sc_Adv_NPC2_Boss_SvriirLair_1" Weight="1" />
    <SpawnChoice SpawnClassName="sc_Adv_NPC2_Boss_SvriirLair_2" Weight="1" />
  </SpawnClassFamily>
  <SpawnClassFamily Name="Beta_NPC2_Boss_f2">
    <SpawnChoice SpawnClassName="sc_Adv_NPC2_Boss_Cave_1" Weight="1" />
    <SpawnChoice SpawnClassName="sc_Adv_NPC2_Boss_Cave_2" Weight="1" />
  </SpawnClassFamily>
  <SpawnClassFamily Name="Beta_NPC2_Boss_f3">
    <SpawnChoice SpawnClassName="sc_Adv_NPC2_Boss_Necropolis1" Weight="1" />
  </SpawnClassFamily>
  <SpawnClassFamily Name="Beta_NPC2_Boss_f4">
    <SpawnChoice SpawnClassName="sc_Adv_NPC2_Boss_Necropolis2" Weight="1" />
  </SpawnClassFamily>
  <SpawnClassFamily Name="Beta_NPC2_Boss_f5">
    <SpawnChoice SpawnClassName="sc_Adv_NPC2_Boss_TPS1" Weight="1" />
  </SpawnClassFamily>
  <SpawnClassFamily Name="Beta_NPC2_Boss_f6">
    <SpawnChoice SpawnClassName="sc_Adv_NPC2_Boss_SvriirLair_1" Weight="1" />
    <SpawnChoice SpawnClassName="sc_Adv_NPC2_Boss_SvriirLair_2" Weight="1" />
    <SpawnChoice SpawnClassName="sc_Adv_NPC2_Boss_Cave_1" Weight="1" />
    <SpawnChoice SpawnClassName="sc_Adv_NPC2_Boss_Cave_2" Weight="1" />
    <SpawnChoice SpawnClassName="sc_Adv_NPC2_Boss_Necropolis1" Weight="1" />
    <SpawnChoice SpawnClassName="sc_Adv_NPC2_Boss_Necropolis2" Weight="1" />
    <SpawnChoice SpawnClassName="sc_Adv_NPC2_Boss_TPS1" Weight="1" />
  </SpawnClassFamily>
</MetaData>