<MetaData>
  <IcySoulPreset Name="IcySoul_Edric_p2">
    <WarmUpVFX Name="U_Character.Skills.Laser_Ready_01" Direction="0,0,1" Offset="0,0,0" Scale="1" />
    <Iterations Number="0" WarmUpTime="3" Cooldown="0.0" DelayBeforeFirstIteration="0.5" />
    <SkillCast Number="3" FireRate="0.5" SkillUID="Skill_IcySoul" ProjectileRadius="1.0" ProjectileDamageTickRate="1.0" />
  </IcySoulPreset>
  <IcySoulPresetList Name="IcySoulPreset_Edric_p2" Loop="1" NewStartingPosition="0">
    <Preset Name="IcySoul_Edric_p2" />
    <Preset Name="IcySoul_Edric_p2" />
    <Preset Name="IcySoul_Edric_p2" />
    <Preset Name="IcySoul_Edric_p2" />
    <Preset Name="IcySoul_Edric_p2" />
  </IcySoulPresetList>
</MetaData>