<MetaData>
  <SpawnClass Name="Sc_MercyArena_OUTW_Round4">
    <Spawn Type="Actor" ClassName="WildBossSpiderRanged" NumberMin="1" NumberMax="1" LevelMin="1" LevelMax="10" LevelOffset="0" Center="0" SpawnOverTime="1" BossProba="0" LootClassOverride="" XPBonusPercent="0" IgnoreAnimation="0" />
  </SpawnClass>
  <SpawnClass Name="Sc_MercyArena_WILD_SmallSpider">
    <Spawn Type="Actor" ClassName="WildSpiderMeleeSmall" NumberMin="5" NumberMax="10" LevelMin="1" LevelMax="9" LevelOffset="0" Center="0" SpawnOverTime="1" BossProba="0" LootClassOverride="" XPBonusPercent="0" IgnoreAnimation="0" />
  </SpawnClass>
  <SpawnClass Name="Sc_MercyArena_OUTW_Round3">
    <Spawn Type="Actor" ClassName="Outlaws_MercyArena_Trapper" NumberMin="3" NumberMax="3" LevelMin="10" LevelMax="60" LevelOffset="0" Center="0" SpawnOverTime="1" BossProba="1" LootClassOverride="" XPBonusPercent="0" IgnoreAnimation="0">
      <BossRank Id="1" Frequency="100" />
      <ChoiceBossModifiers Id="BossModifier_Fast" />
    </Spawn>
  </SpawnClass>
  <SpawnClass Name="Sc_MercyArena_OUTW_Mercy">
    <Spawn Type="Actor" ClassName="Outlaws_MercyArena_Mercy" NumberMin="1" NumberMax="1" LevelMin="1" LevelMax="1" LevelOffset="0" Center="0" SpawnOverTime="1" LootClassOverride="" XPBonusPercent="0" IgnoreAnimation="0" BossProba="1" ForceEntityName="Mercy">
      <BossRank Id="5" Frequency="100" />
      <ChoiceBossModifiers Id="BossModifier_MultipleProjectiles" />
    </Spawn>
  </SpawnClass>
  <SpawnClass Name="sc_REPU_ForestClearing_Infantry">
    <Spawn Type="Actor" ClassName="Republic_ForestClearing_InfantrySword" NumberMin="1" NumberMax="1" LevelMin="1" LevelMax="60" LevelOffset="0" Center="0" SpawnOverTime="1" BossProba="0" LootClassOverride="" XPBonusPercent="0" IgnoreAnimation="0" />
  </SpawnClass>
  <SpawnClass Name="sc_REPU_ForestClearing_Justicar">
    <Spawn Type="Actor" ClassName="Republic_ForestClearing_Justicar" NumberMin="1" NumberMax="1" LevelMin="1" LevelMax="60" LevelOffset="0" Center="0" SpawnOverTime="1" BossProba="0" LootClassOverride="" XPBonusPercent="0" IgnoreAnimation="0" />
  </SpawnClass>
  <SpawnClass Name="sc_COFE_ForestClearing_Trashs">
    <Spawn Type="Actor" ClassName="CultOfFlesh_Zombie" NumberMin="2" NumberMax="4" LevelMin="1" LevelMax="10" LevelOffset="0" Center="0" SpawnOverTime="1" BossProba="0" LootClassOverride="" XPBonusPercent="0" IgnoreAnimation="0" />
    <Spawn Type="Actor" ClassName="CultOfFlesh_Fanatic" NumberMin="1" NumberMax="2" LevelMin="1" LevelMax="10" LevelOffset="0" Center="0" SpawnOverTime="1" BossProba="0" LootClassOverride="" XPBonusPercent="0" IgnoreAnimation="0" />
  </SpawnClass>
  <SpawnClass Name="sc_COFE_ForestClearing_Lieutenants">
    <Spawn Type="Actor" ClassName="CultOfFlesh_Cultist" NumberMin="0" NumberMax="1" LevelMin="1" LevelMax="10" LevelOffset="0" Center="0" SpawnOverTime="1" BossProba="0" LootClassOverride="" XPBonusPercent="0" IgnoreAnimation="0" />
    <Spawn Type="Actor" ClassName="CultOfFlesh_Spreader" NumberMin="1" NumberMax="1" LevelMin="1" LevelMax="10" LevelOffset="0" Center="0" SpawnOverTime="1" BossProba="0" LootClassOverride="" XPBonusPercent="0" IgnoreAnimation="0" />
    <Spawn Type="Actor" ClassName="CultOfFlesh_ColossalBreeder" NumberMin="0" NumberMax="1" LevelMin="1" LevelMax="10" LevelOffset="0" Center="0" SpawnOverTime="1" BossProba="0" LootClassOverride="" XPBonusPercent="0" IgnoreAnimation="0" />
  </SpawnClass>
</MetaData>