<MetaData>
  <SpawnClass Name="Sc_Sty_Intro_QVV1">
    <Spawn Type="Actor" ClassName="Republic_Valeria_Intro" NumberMin="1" NumberMax="1" LevelMin="1" LevelMax="60" LevelOffset="0" Center="0" SpawnOverTime="1" BossProba="0" LootClassOverride="" XPBonusPercent="0" IgnoreAnimation="1" ForceEntityName="Valeria" />
  </SpawnClass>
  <SpawnClass Name="Sc_Sty_A1_R_QVE1">
    <Spawn Type="Actor" ClassName="Republic_Edric_Friendly" NumberMin="1" NumberMax="1" LevelMin="1" LevelMax="60" LevelOffset="0" Center="0" SpawnOverTime="1" BossProba="0" LootClassOverride="" XPBonusPercent="0" IgnoreAnimation="1" ForceEntityName="Edric" />
  </SpawnClass>
  <SpawnClass Name="Sc_Sty_R_QJV1">
    <Spawn Type="Actor" ClassName="Republic_Valeria_Act1" NumberMin="1" NumberMax="1" LevelMin="1" LevelMax="60" LevelOffset="0" Center="0" SpawnOverTime="1" BossProba="0" LootClassOverride="" XPBonusPercent="0" IgnoreAnimation="1" ForceEntityName="Valeria" />
  </SpawnClass>
  <SpawnClass Name="Sc_Sty_A1_SC_SFGuard1">
    <Spawn Type="Actor" ClassName="StormfallGuardMelee" NumberMin="1" NumberMax="1" LevelMin="60" LevelMax="60" LevelOffset="0" Center="0" SpawnOverTime="1" BossProba="0" LootClassOverride="" XPBonusPercent="0" IgnoreAnimation="1" ForceEntityName="A1SFGuard1" />
  </SpawnClass>
  <SpawnClass Name="Sc_Sty_A1_SC_SFGuard2">
    <Spawn Type="Actor" ClassName="StormfallGuardMelee" NumberMin="1" NumberMax="1" LevelMin="60" LevelMax="60" LevelOffset="0" Center="0" SpawnOverTime="1" BossProba="0" LootClassOverride="" XPBonusPercent="0" IgnoreAnimation="1" ForceEntityName="A1SFGuard2" />
  </SpawnClass>
  <SpawnClass Name="Sc_Sty_A1_SC_SFGuard3">
    <Spawn Type="Actor" ClassName="StormfallGuardMelee" NumberMin="1" NumberMax="1" LevelMin="60" LevelMax="60" LevelOffset="0" Center="0" SpawnOverTime="1" BossProba="0" LootClassOverride="" XPBonusPercent="0" IgnoreAnimation="1" ForceEntityName="" />
  </SpawnClass>
  <SpawnClass Name="Sc_Sty_SF_Sandor">
    <Spawn Type="Actor" ClassName="ThunderBladeSandor" NumberMin="1" NumberMax="1" LevelMin="1" LevelMax="60" LevelOffset="0" Center="0" SpawnOverTime="1" BossProba="0" LootClassOverride="" XPBonusPercent="0" IgnoreAnimation="1" ForceEntityName="Sandor" />
  </SpawnClass>
</MetaData>