<MetaData>
  <BaseEntity ID="Worg" EntityName="worg" Scale="1" CanKillAllies="0" />
  <Faction Name="Other" />
  <Keywords Value="worg,trash,melee" />
  <SpawnClassParams SpawnLevelMin="1" SpawnLevelMax="60" SpawnWeight="1" />
  <Attributes Archetype="archetype_trash" HealthModifier="1" DamageModifier="1" XPModifier="1" Protection="" />
  <Movement MovementSpeed="5" WalkSpeed="5" />
  <InterruptionParams InterruptChance="1.00" />
  <StunParams IgnoreStunChance="0" StunCooldown="6" FreezeCooldown="6" />
  <BlownAwayParams CanBeBlownAway="1" BlownAwayAnimationTag="" />
  <DefaultBossModifiers />
  <LootClass>
    <Loot Class="LC_trash" fProba="1" />
  </LootClass>
  <AliveLootPreset Name="AliveLoot_Trash" />
  <Corpses PresetName="TrashCadaverPreset" />
  <BasicAIParams ClampToNavmesh="1" MaxTurnRate="360" UseAvoidance="0" />
  <Kythera>
    <Behavior Name="Generic" />
    <BT FleeOnLowHealthChance="0.0" EngageRange="10.0" MeleeAttack="True" FallBack="True" IdleWander="False" />
    <Movement ClampToNavMesh="True" />
    <Target SticknessBias="30.0" DistanceBias="6.0" DamageBias="0.0" AggressionBias="1.0" AggressionDecay="10.0" Category="Melee" />
  </Kythera>
  <Skills>
    <DefaultBasicAttack>
      <Skill Name="AI_OutlawsWorg_DefaultAttack" Orientated="BeforeCast" Interruptible="False" Enabled="True" BaseWeight="1.0">
        <Range Min="0.1" Preferred="2.0" Max="3.0" MinWeight="0.0" PreferredWeight="0.0" MaxWeight="0.0" />
      </Skill>
    </DefaultBasicAttack>
    <Offensive />
    <Approach />
  </Skills>
  <HUD UIName="@" ZIconOffset="2.0" />
  <Spawn SpawnAnimation="rise_out_ground_fast" TransparencyAtSpawn="0" />
  <Death UseDeathAnimation="0" DeathSkill="" />
  <GameplayParticles PresetName="size_medium" />
  <Capsules>
    <EntityPhysics ColliderSize="0.65,0.65,0.5" IsPushable="0" />
    <MouseSelection SelectionCapsuleRadius="1" SelectionCapsuleHeight="0.3" />
    <ProjectileCollision ProjectileCapsuleRadius="0.9" ProjectileCapsuleHeight="3.0" CanSnapOnCenterWhenColliding="1" />
  </Capsules>
  <VisualParams>
    <HitParticleParams BaseHitScale="1" DirectionalHitScale="1" CriticalHitScale="1" />
    <BloodDecals Preset="default" OverrideScale="1" />
  </VisualParams>
  <Audio AllowGroupSounds="1" SwitchSoundName="" />
</MetaData>