<MetaData>
  <Choice Type="GameplayArea" Name="ACT1_BanditOutpost" iWeight="1" />
  <Choice Type="GameplayArea" Name="ACT1_Farmstead" iWeight="1" />
  <Choice Type="GameplayArea" Name="ACT1_GloomValleyPart1" iWeight="1" />
  <Choice Type="GameplayArea" Name="ACT1_GloomValleyPart2" iWeight="1" />
  <Choice Type="GameplayArea" Name="ACT1_NecropolisPart1" iWeight="1" />
  <Choice Type="GameplayArea" Name="ACT1_NecropolisPart2" iWeight="1" />
  <Choice Type="GameplayArea" Name="ACT1_NecropolisPart3" iWeight="1" />
  <Choice Type="Dungeon" Name="NPC1_CaveRD_1" iWeight="1" />
  <Choice Type="Dungeon" Name="NPC1_NecropolisRD_1" iWeight="1" />
  <Choice Type="Dungeon" Name="NPC1_TaintedPrimordialSuperstructureRD_1" iWeight="1" />
  <Choice Type="Dungeon" Name="NPC1_TaintedPrimordialSuperstructureRD_2" iWeight="1" />
  <Choice Type="Dungeon" Name="NPC1_TaintedPrimordialSuperstructureRD_3" iWeight="1" />
  <Choice Type="Dungeon" Name="NPC1_SvriirLairRD_1" iWeight="1" />
  <Choice Type="Dungeon" Name="NPC1_SvriirLairRD_2" iWeight="1" />
  <Choice Type="Dungeon" Name="NPC1_NecropolisRD_2" iWeight="1" />
  <Choice Type="Dungeon" Name="NPC1_SvriirLairTutorial" iWeight="1" />
</MetaData>