<MetaData>
  <EasyMode UnlockLevel="15">
    <Slot EnemiesLevelOffset="1" MagicFindOffset="5" />
  </EasyMode>
  <IntermediateMode UnlockLevel="20">
    <Slot EnemiesLevelOffset="4" MagicFindOffset="20" />
    <Slot EnemiesLevelOffset="7" MagicFindOffset="35" />
    <Slot EnemiesLevelOffset="10" MagicFindOffset="50" />
    <Slot EnemiesLevelOffset="13" MagicFindOffset="65" />
    <Slot EnemiesLevelOffset="16" MagicFindOffset="80" />
    <Slot EnemiesLevelOffset="19" MagicFindOffset="95" />
    <Slot EnemiesLevelOffset="22" MagicFindOffset="110" />
    <Slot EnemiesLevelOffset="25" MagicFindOffset="125" />
    <Slot EnemiesLevelOffset="28" MagicFindOffset="140" />
  </IntermediateMode>
  <HardMode UnlockLevel="20">
    <Slot EnemiesLevelOffset="31" MagicFindOffset="155" />
    <Slot EnemiesLevelOffset="34" MagicFindOffset="170" />
    <Slot EnemiesLevelOffset="37" MagicFindOffset="185" />
    <Slot EnemiesLevelOffset="40" MagicFindOffset="200" />
    <Slot EnemiesLevelOffset="43" MagicFindOffset="215" />
    <Slot EnemiesLevelOffset="46" MagicFindOffset="230" />
    <Slot EnemiesLevelOffset="49" MagicFindOffset="245" />
    <Slot EnemiesLevelOffset="52" MagicFindOffset="260" />
    <Slot EnemiesLevelOffset="55" MagicFindOffset="275" />
  </HardMode>
</MetaData>