<MetaData>
  <Choice QuestName="B_A3_Q1" iWeight="1" iLevelMin="1" iLevelMax="2">
    <SupportedAreas>
      <Entry Name="NPC1_SvriirLairTutorial" />
    </SupportedAreas>
  </Choice>
  <Choice QuestName="B_A3_Q2" iWeight="1" iLevelMin="3" iLevelMax="4">
    <SupportedAreas>
      <Entry Name="ACT1_NecropolisPart1" />
    </SupportedAreas>
  </Choice>
  <Choice QuestName="B_A3_Q3" iWeight="1" iLevelMin="5" iLevelMax="5">
    <SupportedAreas>
      <Entry Name="ACT1_GloomValleyPart2" />
    </SupportedAreas>
  </Choice>
  <Choice QuestName="B_A3_Q4" iWeight="1" iLevelMin="6" iLevelMax="6">
    <SupportedAreas>
      <Entry Name="ACT1_NecropolisPart3" />
    </SupportedAreas>
  </Choice>
  <Choice QuestName="B_A3_Q5" iWeight="1" iLevelMin="7" iLevelMax="7">
    <SupportedAreas>
      <Entry Name="ACT1_Farmstead" />
    </SupportedAreas>
  </Choice>
  <Choice QuestName="B_A3_Q6" iWeight="1" iLevelMin="8" iLevelMax="8">
    <SupportedAreas>
      <Entry Name="ACT1_BanditOutpost" />
    </SupportedAreas>
  </Choice>
  <Choice QuestName="B_A_Q1" iWeight="1" iLevelMin="9">
    <SupportedAreas>
      <Entry Name="NPC1_SvriirLairRD_1" />
      <Entry Name="NPC1_SvriirLairRD_2" />
    </SupportedAreas>
  </Choice>
  <Choice QuestName="B_A_Q2" iWeight="1" iLevelMin="9">
    <SupportedAreas>
      <Entry Name="ACT1_Farmstead" />
    </SupportedAreas>
  </Choice>
  <Choice QuestName="B_A_Q2_1" iWeight="1" iLevelMin="9">
    <SupportedAreas>
      <Entry Name="ACT1_Farmstead" />
    </SupportedAreas>
  </Choice>
  <Choice QuestName="B_A_Q2_2" iWeight="1" iLevelMin="9">
    <SupportedAreas>
      <Entry Name="ACT1_Farmstead" />
    </SupportedAreas>
  </Choice>
  <Choice QuestName="B_A_Q2_3" iWeight="1" iLevelMin="9">
    <SupportedAreas>
      <Entry Name="ACT1_Farmstead" />
    </SupportedAreas>
  </Choice>
  <Choice QuestName="B_A_Q2_4" iWeight="1" iLevelMin="9">
    <SupportedAreas>
      <Entry Name="ACT1_Farmstead" />
    </SupportedAreas>
  </Choice>
  <Choice QuestName="B_A_Q3" iWeight="1" iLevelMin="9">
    <SupportedAreas>
      <Entry Name="NPC1_SvriirLairRD_1" />
      <Entry Name="NPC1_SvriirLairRD_2" />
    </SupportedAreas>
  </Choice>
  <Choice QuestName="B_A_Q3_1" iWeight="1" iLevelMin="9">
    <SupportedAreas>
      <Entry Name="NPC1_SvriirLairRD_1" />
      <Entry Name="NPC1_SvriirLairRD_2" />
    </SupportedAreas>
  </Choice>
  <Choice QuestName="B_A_Q3_2" iWeight="1" iLevelMin="9">
    <SupportedAreas>
      <Entry Name="NPC1_SvriirLairRD_1" />
      <Entry Name="NPC1_SvriirLairRD_2" />
    </SupportedAreas>
  </Choice>
  <Choice QuestName="B_A_Q3_3" iWeight="1" iLevelMin="9">
    <SupportedAreas>
      <Entry Name="NPC1_SvriirLairRD_1" />
      <Entry Name="NPC1_SvriirLairRD_2" />
    </SupportedAreas>
  </Choice>
  <Choice QuestName="B_A_Q3_4" iWeight="1" iLevelMin="9">
    <SupportedAreas>
      <Entry Name="NPC1_SvriirLairRD_1" />
      <Entry Name="NPC1_SvriirLairRD_2" />
    </SupportedAreas>
  </Choice>
  <Choice QuestName="B_A_Q4" iWeight="1" iLevelMin="9">
    <SupportedAreas>
      <Entry Name="ACT1_Farmstead" />
    </SupportedAreas>
  </Choice>
  <Choice QuestName="B_A_Q4_1" iWeight="1" iLevelMin="9">
    <SupportedAreas>
      <Entry Name="ACT1_Farmstead" />
    </SupportedAreas>
  </Choice>
  <Choice QuestName="B_A_Q4_2" iWeight="1" iLevelMin="9">
    <SupportedAreas>
      <Entry Name="ACT1_Farmstead" />
    </SupportedAreas>
  </Choice>
  <Choice QuestName="B_A_Q5" iWeight="1" iLevelMin="9">
    <SupportedAreas>
      <Entry Name="ACT1_Farmstead" />
    </SupportedAreas>
  </Choice>
  <Choice QuestName="B_A_Q5_1" iWeight="1" iLevelMin="9">
    <SupportedAreas>
      <Entry Name="ACT1_Farmstead" />
    </SupportedAreas>
  </Choice>
  <Choice QuestName="B_A_Q5_2" iWeight="1" iLevelMin="9">
    <SupportedAreas>
      <Entry Name="ACT1_Farmstead" />
    </SupportedAreas>
  </Choice>
  <Choice QuestName="B_A_Q6" iWeight="1" iLevelMin="9">
    <SupportedAreas>
      <Entry Name="NPC1_NecropolisRD_1" />
      <Entry Name="NPC1_NecropolisRD_2" />
    </SupportedAreas>
  </Choice>
  <Choice QuestName="B_A_Q7" iWeight="1" iLevelMin="9">
    <SupportedAreas>
      <Entry Name="ACT1_NecropolisPart1" />
      <Entry Name="ACT1_NecropolisPart2" />
      <Entry Name="ACT1_NecropolisPart3" />
    </SupportedAreas>
  </Choice>
  <Choice QuestName="B_A_Q7_1" iWeight="1" iLevelMin="9">
    <SupportedAreas>
      <Entry Name="ACT1_NecropolisPart1" />
      <Entry Name="ACT1_NecropolisPart2" />
      <Entry Name="ACT1_NecropolisPart3" />
    </SupportedAreas>
  </Choice>
  <Choice QuestName="B_A_Q7_2" iWeight="1" iLevelMin="9">
    <SupportedAreas>
      <Entry Name="ACT1_NecropolisPart1" />
      <Entry Name="ACT1_NecropolisPart2" />
      <Entry Name="ACT1_NecropolisPart3" />
    </SupportedAreas>
  </Choice>
  <Choice QuestName="B_A_Q7_3" iWeight="1" iLevelMin="9">
    <SupportedAreas>
      <Entry Name="ACT1_NecropolisPart1" />
      <Entry Name="ACT1_NecropolisPart2" />
      <Entry Name="ACT1_NecropolisPart3" />
    </SupportedAreas>
  </Choice>
  <Choice QuestName="B_A_Q8" iWeight="1" iLevelMin="9">
    <SupportedAreas>
      <Entry Name="NPC1_NecropolisRD_1" />
      <Entry Name="NPC1_NecropolisRD_2" />
    </SupportedAreas>
  </Choice>
  <Choice QuestName="B_A_Q8_1" iWeight="1" iLevelMin="9">
    <SupportedAreas>
      <Entry Name="NPC1_NecropolisRD_1" />
      <Entry Name="NPC1_NecropolisRD_2" />
    </SupportedAreas>
  </Choice>
  <Choice QuestName="B_A_Q8_2" iWeight="1" iLevelMin="9">
    <SupportedAreas>
      <Entry Name="NPC1_NecropolisRD_1" />
      <Entry Name="NPC1_NecropolisRD_2" />
    </SupportedAreas>
  </Choice>
  <Choice QuestName="B_A_Q8_3" iWeight="1" iLevelMin="9">
    <SupportedAreas>
      <Entry Name="NPC1_NecropolisRD_1" />
      <Entry Name="NPC1_NecropolisRD_2" />
    </SupportedAreas>
  </Choice>
  <Choice QuestName="B_A_Q9" iWeight="1" iLevelMin="9">
    <SupportedAreas>
      <Entry Name="ACT1_NecropolisPart1" />
      <Entry Name="ACT1_NecropolisPart2" />
      <Entry Name="ACT1_NecropolisPart3" />
    </SupportedAreas>
  </Choice>
  <Choice QuestName="B_A_Q9_1" iWeight="1" iLevelMin="9">
    <SupportedAreas>
      <Entry Name="ACT1_NecropolisPart1" />
      <Entry Name="ACT1_NecropolisPart2" />
      <Entry Name="ACT1_NecropolisPart3" />
    </SupportedAreas>
  </Choice>
  <Choice QuestName="B_A_Q9_2" iWeight="1" iLevelMin="9">
    <SupportedAreas>
      <Entry Name="ACT1_NecropolisPart1" />
      <Entry Name="ACT1_NecropolisPart2" />
      <Entry Name="ACT1_NecropolisPart3" />
    </SupportedAreas>
  </Choice>
  <Choice QuestName="B_A_Q9_3" iWeight="1" iLevelMin="9">
    <SupportedAreas>
      <Entry Name="ACT1_NecropolisPart1" />
      <Entry Name="ACT1_NecropolisPart2" />
      <Entry Name="ACT1_NecropolisPart3" />
    </SupportedAreas>
  </Choice>
  <Choice QuestName="B_A_Q10" iWeight="1" iLevelMin="9">
    <SupportedAreas>
      <Entry Name="ACT1_NecropolisPart1" />
      <Entry Name="ACT1_NecropolisPart2" />
      <Entry Name="ACT1_NecropolisPart3" />
    </SupportedAreas>
  </Choice>
  <Choice QuestName="B_A_Q10_1" iWeight="1" iLevelMin="9">
    <SupportedAreas>
      <Entry Name="ACT1_NecropolisPart1" />
      <Entry Name="ACT1_NecropolisPart2" />
      <Entry Name="ACT1_NecropolisPart3" />
    </SupportedAreas>
  </Choice>
  <Choice QuestName="B_A_Q10_2" iWeight="1" iLevelMin="9">
    <SupportedAreas>
      <Entry Name="ACT1_NecropolisPart1" />
      <Entry Name="ACT1_NecropolisPart2" />
      <Entry Name="ACT1_NecropolisPart3" />
    </SupportedAreas>
  </Choice>
  <Choice QuestName="B_A_Q10_3" iWeight="1" iLevelMin="9">
    <SupportedAreas>
      <Entry Name="ACT1_NecropolisPart1" />
      <Entry Name="ACT1_NecropolisPart2" />
      <Entry Name="ACT1_NecropolisPart3" />
    </SupportedAreas>
  </Choice>
  <Choice QuestName="B_A_Q11" iWeight="1" iLevelMin="9">
    <SupportedAreas>
      <Entry Name="NPC1_TaintedPrimordialSuperstructureRD_1" />
      <Entry Name="NPC1_TaintedPrimordialSuperstructureRD_2" />
      <Entry Name="NPC1_TaintedPrimordialSuperstructureRD_3" />
    </SupportedAreas>
  </Choice>
  <Choice QuestName="B_A_Q12" iWeight="1" iLevelMin="9">
    <SupportedAreas>
      <Entry Name="NPC1_TaintedPrimordialSuperstructureRD_1" />
    </SupportedAreas>
  </Choice>
  <Choice QuestName="B_A_Q12_1" iWeight="1" iLevelMin="9">
    <SupportedAreas>
      <Entry Name="NPC1_TaintedPrimordialSuperstructureRD_1" />
    </SupportedAreas>
  </Choice>
  <Choice QuestName="B_A_Q12_2" iWeight="1" iLevelMin="9">
    <SupportedAreas>
      <Entry Name="NPC1_TaintedPrimordialSuperstructureRD_1" />
    </SupportedAreas>
  </Choice>
  <Choice QuestName="B_A_Q12_3" iWeight="1" iLevelMin="9">
    <SupportedAreas>
      <Entry Name="NPC1_TaintedPrimordialSuperstructureRD_1" />
    </SupportedAreas>
  </Choice>
  <Choice QuestName="B_A_Q13" iWeight="1" iLevelMin="9">
    <SupportedAreas>
      <Entry Name="NPC1_TaintedPrimordialSuperstructureRD_1" />
      <Entry Name="NPC1_TaintedPrimordialSuperstructureRD_2" />
      <Entry Name="NPC1_TaintedPrimordialSuperstructureRD_3" />
    </SupportedAreas>
  </Choice>
  <Choice QuestName="B_A_Q13_1" iWeight="1" iLevelMin="9">
    <SupportedAreas>
      <Entry Name="NPC1_TaintedPrimordialSuperstructureRD_1" />
      <Entry Name="NPC1_TaintedPrimordialSuperstructureRD_2" />
      <Entry Name="NPC1_TaintedPrimordialSuperstructureRD_3" />
    </SupportedAreas>
  </Choice>
  <Choice QuestName="B_A_Q13_2" iWeight="1" iLevelMin="9">
    <SupportedAreas>
      <Entry Name="NPC1_TaintedPrimordialSuperstructureRD_1" />
      <Entry Name="NPC1_TaintedPrimordialSuperstructureRD_2" />
      <Entry Name="NPC1_TaintedPrimordialSuperstructureRD_3" />
    </SupportedAreas>
  </Choice>
  <Choice QuestName="B_A_Q13_3" iWeight="1" iLevelMin="9">
    <SupportedAreas>
      <Entry Name="NPC1_TaintedPrimordialSuperstructureRD_1" />
      <Entry Name="NPC1_TaintedPrimordialSuperstructureRD_2" />
      <Entry Name="NPC1_TaintedPrimordialSuperstructureRD_3" />
    </SupportedAreas>
  </Choice>
  <Choice QuestName="B_A_Q14" iWeight="1" iLevelMin="9">
    <SupportedAreas>
      <Entry Name="NPC1_TaintedPrimordialSuperstructureRD_1" />
    </SupportedAreas>
  </Choice>
  <Choice QuestName="B_A_Q14_1" iWeight="1" iLevelMin="9">
    <SupportedAreas>
      <Entry Name="NPC1_TaintedPrimordialSuperstructureRD_1" />
    </SupportedAreas>
  </Choice>
  <Choice QuestName="B_A_Q14_2" iWeight="1" iLevelMin="9">
    <SupportedAreas>
      <Entry Name="NPC1_TaintedPrimordialSuperstructureRD_1" />
    </SupportedAreas>
  </Choice>
  <Choice QuestName="B_A_Q14_3" iWeight="1" iLevelMin="9">
    <SupportedAreas>
      <Entry Name="NPC1_TaintedPrimordialSuperstructureRD_1" />
    </SupportedAreas>
  </Choice>
  <Choice QuestName="B_A_Q15" iWeight="1" iLevelMin="9">
    <SupportedAreas>
      <Entry Name="NPC1_TaintedPrimordialSuperstructureRD_1" />
    </SupportedAreas>
  </Choice>
  <Choice QuestName="B_A_Q15_1" iWeight="1" iLevelMin="9">
    <SupportedAreas>
      <Entry Name="NPC1_TaintedPrimordialSuperstructureRD_1" />
    </SupportedAreas>
  </Choice>
  <Choice QuestName="B_A_Q15_2" iWeight="1" iLevelMin="9">
    <SupportedAreas>
      <Entry Name="NPC1_TaintedPrimordialSuperstructureRD_1" />
    </SupportedAreas>
  </Choice>
  <Choice QuestName="B_A_Q15_3" iWeight="1" iLevelMin="9">
    <SupportedAreas>
      <Entry Name="NPC1_TaintedPrimordialSuperstructureRD_1" />
    </SupportedAreas>
  </Choice>
  <Choice QuestName="B_A_Q16" iWeight="1" iLevelMin="9">
    <SupportedAreas>
      <Entry Name="NPC1_CaveRD_1" />
    </SupportedAreas>
  </Choice>
  <Choice QuestName="B_A_Q17" iWeight="1" iLevelMin="9">
    <SupportedAreas>
      <Entry Name="ACT1_BanditOutpost" />
      <Entry Name="ACT1_GloomValleyPart1" />
      <Entry Name="ACT1_GloomValleyPart2" />
    </SupportedAreas>
  </Choice>
  <Choice QuestName="B_A_Q17_1" iWeight="1" iLevelMin="9">
    <SupportedAreas>
      <Entry Name="ACT1_BanditOutpost" />
      <Entry Name="ACT1_GloomValleyPart1" />
      <Entry Name="ACT1_GloomValleyPart2" />
    </SupportedAreas>
  </Choice>
  <Choice QuestName="B_A_Q17_2" iWeight="1" iLevelMin="9">
    <SupportedAreas>
      <Entry Name="ACT1_BanditOutpost" />
      <Entry Name="ACT1_GloomValleyPart1" />
      <Entry Name="ACT1_GloomValleyPart2" />
    </SupportedAreas>
  </Choice>
  <Choice QuestName="B_A_Q18" iWeight="1" iLevelMin="9">
    <SupportedAreas>
      <Entry Name="NPC1_CaveRD_1" />
    </SupportedAreas>
  </Choice>
  <Choice QuestName="B_A_Q18_1" iWeight="1" iLevelMin="9">
    <SupportedAreas>
      <Entry Name="NPC1_CaveRD_1" />
    </SupportedAreas>
  </Choice>
  <Choice QuestName="B_A_Q18_2" iWeight="1" iLevelMin="9">
    <SupportedAreas>
      <Entry Name="NPC1_CaveRD_1" />
    </SupportedAreas>
  </Choice>
  <Choice QuestName="B_A_Q19" iWeight="1" iLevelMin="9">
    <SupportedAreas>
      <Entry Name="ACT1_BanditOutpost" />
      <Entry Name="ACT1_GloomValleyPart1" />
      <Entry Name="ACT1_GloomValleyPart2" />
    </SupportedAreas>
  </Choice>
  <Choice QuestName="B_A_Q19_1" iWeight="1" iLevelMin="9">
    <SupportedAreas>
      <Entry Name="ACT1_BanditOutpost" />
      <Entry Name="ACT1_GloomValleyPart1" />
      <Entry Name="ACT1_GloomValleyPart2" />
    </SupportedAreas>
  </Choice>
  <Choice QuestName="B_A_Q20" iWeight="1" iLevelMin="9">
    <SupportedAreas>
      <Entry Name="ACT1_BanditOutpost" />
      <Entry Name="ACT1_GloomValleyPart1" />
      <Entry Name="ACT1_GloomValleyPart2" />
    </SupportedAreas>
  </Choice>
  <Choice QuestName="B_A_Q20_1" iWeight="1" iLevelMin="9">
    <SupportedAreas>
      <Entry Name="ACT1_BanditOutpost" />
      <Entry Name="ACT1_GloomValleyPart1" />
      <Entry Name="ACT1_GloomValleyPart2" />
    </SupportedAreas>
  </Choice>
</MetaData>