<MetaData>
  <Choice QuestName="B_A2_Q1" iWeight="1">
    <SupportedAreas>
      <Entry Name="NPC2_F2" />
      <Entry Name="NPC2_Sarisel_F2" />
    </SupportedAreas>
  </Choice>
  <Choice QuestName="B_A2_Q2" iWeight="1">
    <SupportedAreas>
      <Entry Name="NPC2_F2" />
      <Entry Name="NPC2_Sarisel_F2" />
    </SupportedAreas>
  </Choice>
  <Choice QuestName="B_A2_Q3" iWeight="1">
    <SupportedAreas>
      <Entry Name="NPC2_F1" />
      <Entry Name="NPC2_Sarisel_F1" />
    </SupportedAreas>
  </Choice>
  <Choice QuestName="B_A2_Q4" iWeight="1">
    <SupportedAreas>
      <Entry Name="NPC2_F1" />
      <Entry Name="NPC2_Sarisel_F1" />
    </SupportedAreas>
  </Choice>
  <Choice QuestName="B_A2_Q5" iWeight="1">
    <SupportedAreas>
      <Entry Name="NPC2_F3" />
      <Entry Name="NPC2_Sarisel_F3" />
    </SupportedAreas>
  </Choice>
  <Choice QuestName="B_A2_Q6" iWeight="1">
    <SupportedAreas>
      <Entry Name="NPC2_F4" />
      <Entry Name="NPC2_Sarisel_F4" />
    </SupportedAreas>
  </Choice>
  <Choice QuestName="B_A2_Q7" iWeight="1">
    <SupportedAreas>
      <Entry Name="NPC2_F5" />
      <Entry Name="NPC2_Sarisel_F5" />
    </SupportedAreas>
  </Choice>
  <Choice QuestName="B_A2_Q8" iWeight="1">
    <SupportedAreas>
      <Entry Name="NPC2_F6" />
      <Entry Name="NPC2_Sarisel_F6" />
    </SupportedAreas>
  </Choice>
  <Choice QuestName="B_A2_Q9" iWeight="1">
    <SupportedAreas>
      <Entry Name="NPC2_F6" />
      <Entry Name="NPC2_Sarisel_F6" />
    </SupportedAreas>
  </Choice>
  <Choice QuestName="B_A2_Q10" iWeight="1">
    <SupportedAreas>
      <Entry Name="NPC2_F6" />
      <Entry Name="NPC2_Sarisel_F6" />
    </SupportedAreas>
  </Choice>
  <Choice QuestName="B_A2_Q11" iWeight="1">
    <SupportedAreas>
      <Entry Name="NPC2_F6" />
      <Entry Name="NPC2_Sarisel_F6" />
    </SupportedAreas>
  </Choice>
  <Choice QuestName="B_A2_Q12" iWeight="1">
    <SupportedAreas>
      <Entry Name="NPC2_F6" />
      <Entry Name="NPC2_Sarisel_F6" />
    </SupportedAreas>
  </Choice>
</MetaData>