<MetaData>
  <Item Name="enneract_all" EnneractPresetID="enneract_preset_all" ItemType="Enneract" Keywords="enneract" DropWeight="1" GoldValue="1000" Level="0" LevelPrereq="1" MinDropLevel="1" MaxDropLevel="60" Rarity="1" SkillLevelMax="1" SkillLevelMin="1" X_GridSize="1" Y_GridSize="1" />
  <Item Name="enneract_1" EnneractPresetID="enneract_preset_ArrowsRain" ItemType="Enneract" Keywords="enneract" DropWeight="1" GoldValue="1000" Level="0" LevelPrereq="1" MinDropLevel="1" MaxDropLevel="60" Rarity="1" SkillLevelMax="1" SkillLevelMin="1" X_GridSize="1" Y_GridSize="1" />
  <Item Name="enneract_2" EnneractPresetID="enneract_preset_Leap" ItemType="Enneract" Keywords="enneract" DropWeight="1" GoldValue="1000" Level="0" LevelPrereq="1" MinDropLevel="1" MaxDropLevel="60" Rarity="1" SkillLevelMax="1" SkillLevelMin="1" X_GridSize="1" Y_GridSize="1" />
  <Item Name="enneract_3" EnneractPresetID="enneract_preset_BladeSlinger" ItemType="Enneract" Keywords="enneract" DropWeight="1" GoldValue="1000" Level="0" LevelPrereq="1" MinDropLevel="1" MaxDropLevel="60" Rarity="1" SkillLevelMax="1" SkillLevelMin="1" X_GridSize="1" Y_GridSize="1" />
  <Item Name="enneract_4" EnneractPresetID="enneract_preset_Chainlighting" ItemType="Enneract" Keywords="enneract" DropWeight="1" GoldValue="1000" Level="0" LevelPrereq="1" MinDropLevel="1" MaxDropLevel="60" Rarity="1" SkillLevelMax="1" SkillLevelMin="1" X_GridSize="1" Y_GridSize="1" />
  <Item Name="enneract_5" EnneractPresetID="enneract_preset_Laser" ItemType="Enneract" Keywords="enneract" DropWeight="1" GoldValue="1000" Level="0" LevelPrereq="1" MinDropLevel="1" MaxDropLevel="60" Rarity="1" SkillLevelMax="1" SkillLevelMin="1" X_GridSize="1" Y_GridSize="1" />
  <Item Name="enneract_6" EnneractPresetID="enneract_preset_FrostNova" ItemType="Enneract" Keywords="enneract" DropWeight="1" GoldValue="1000" Level="0" LevelPrereq="1" MinDropLevel="1" MaxDropLevel="60" Rarity="1" SkillLevelMax="1" SkillLevelMin="1" X_GridSize="1" Y_GridSize="1" />
  <Item Name="enneract_7" EnneractPresetID="enneract_preset_FrostComet" ItemType="Enneract" Keywords="enneract" DropWeight="1" GoldValue="1000" Level="0" LevelPrereq="1" MinDropLevel="1" MaxDropLevel="60" Rarity="1" SkillLevelMax="1" SkillLevelMin="1" X_GridSize="1" Y_GridSize="1" />
  <Item Name="enneract_8" EnneractPresetID="enneract_preset_SacredGround" ItemType="Enneract" Keywords="enneract" DropWeight="1" GoldValue="1000" Level="0" LevelPrereq="1" MinDropLevel="1" MaxDropLevel="60" Rarity="1" SkillLevelMax="1" SkillLevelMin="1" X_GridSize="1" Y_GridSize="1" />
  <Item Name="enneract_9" EnneractPresetID="enneract_preset_Warcry" ItemType="Enneract" Keywords="enneract" DropWeight="1" GoldValue="1000" Level="0" LevelPrereq="1" MinDropLevel="1" MaxDropLevel="60" Rarity="1" SkillLevelMax="1" SkillLevelMin="1" X_GridSize="1" Y_GridSize="1" />
  <Item Name="enneract_10" EnneractPresetID="enneract_preset_Deathmark" ItemType="Enneract" Keywords="enneract" DropWeight="1" GoldValue="1000" Level="0" LevelPrereq="1" MinDropLevel="1" MaxDropLevel="60" Rarity="1" SkillLevelMax="1" SkillLevelMin="1" X_GridSize="1" Y_GridSize="1" />
  <Item Name="enneract_11" EnneractPresetID="enneract_preset_laceration" ItemType="Enneract" Keywords="enneract" DropWeight="1" GoldValue="1000" Level="0" LevelPrereq="1" MinDropLevel="1" MaxDropLevel="60" Rarity="1" SkillLevelMax="1" SkillLevelMin="1" X_GridSize="1" Y_GridSize="1" />
  <Item Name="enneract_12" EnneractPresetID="enneract_preset_frostlance" ItemType="Enneract" Keywords="enneract" DropWeight="1" GoldValue="1000" Level="0" LevelPrereq="1" MinDropLevel="1" MaxDropLevel="60" Rarity="1" SkillLevelMax="1" SkillLevelMin="1" X_GridSize="1" Y_GridSize="1" />
  <Item Name="enneract_13" EnneractPresetID="enneract_preset_bomb" ItemType="Enneract" Keywords="enneract" DropWeight="1" GoldValue="1000" Level="0" LevelPrereq="1" MinDropLevel="1" MaxDropLevel="60" Rarity="1" SkillLevelMax="1" SkillLevelMin="1" X_GridSize="1" Y_GridSize="1" />
  <Item Name="enneract_14" EnneractPresetID="enneract_preset_hook" ItemType="Enneract" Keywords="enneract" DropWeight="1" GoldValue="1000" Level="0" LevelPrereq="1" MinDropLevel="1" MaxDropLevel="60" Rarity="1" SkillLevelMax="1" SkillLevelMin="1" X_GridSize="1" Y_GridSize="1" />
  <Item Name="enneract_15" EnneractPresetID="enneract_preset_teleport" ItemType="Enneract" Keywords="enneract" DropWeight="1" GoldValue="1000" Level="0" LevelPrereq="1" MinDropLevel="1" MaxDropLevel="60" Rarity="1" SkillLevelMax="1" SkillLevelMin="1" X_GridSize="1" Y_GridSize="1" />
  <Item Name="enneract_16" EnneractPresetID="enneract_preset_dualstrike" ItemType="Enneract" Keywords="enneract" DropWeight="1" GoldValue="1000" Level="0" LevelPrereq="1" MinDropLevel="1" MaxDropLevel="60" Rarity="1" SkillLevelMax="1" SkillLevelMin="1" X_GridSize="1" Y_GridSize="1" />
  <Item Name="enneract_17" EnneractPresetID="enneract_preset_spreadshot" ItemType="Enneract" Keywords="enneract" DropWeight="1" GoldValue="1000" Level="0" LevelPrereq="1" MinDropLevel="1" MaxDropLevel="60" Rarity="1" SkillLevelMax="1" SkillLevelMin="1" X_GridSize="1" Y_GridSize="1" />
  <Item Name="enneract_18" EnneractPresetID="enneract_preset_brutalstrike" ItemType="Enneract" Keywords="enneract" DropWeight="1" GoldValue="1000" Level="0" LevelPrereq="1" MinDropLevel="1" MaxDropLevel="60" Rarity="1" SkillLevelMax="1" SkillLevelMin="1" X_GridSize="1" Y_GridSize="1" />
  <Item Name="enneract_19" EnneractPresetID="enneract_preset_fireball" ItemType="Enneract" Keywords="enneract" DropWeight="1" GoldValue="1000" Level="0" LevelPrereq="1" MinDropLevel="1" MaxDropLevel="60" Rarity="1" SkillLevelMax="1" SkillLevelMin="1" X_GridSize="1" Y_GridSize="1" />
  <Item Name="enneract_20" EnneractPresetID="enneract_preset_charge" ItemType="Enneract" Keywords="enneract" DropWeight="1" GoldValue="1000" Level="0" LevelPrereq="1" MinDropLevel="1" MaxDropLevel="60" Rarity="1" SkillLevelMax="1" SkillLevelMin="1" X_GridSize="1" Y_GridSize="1" />
  <Item Name="enneract_21" EnneractPresetID="enneract_preset_bulleye" ItemType="Enneract" Keywords="enneract" DropWeight="1" GoldValue="1000" Level="0" LevelPrereq="1" MinDropLevel="1" MaxDropLevel="60" Rarity="1" SkillLevelMax="1" SkillLevelMin="1" X_GridSize="1" Y_GridSize="1" />
  <Item Name="enneract_22" EnneractPresetID="enneract_preset_turret" ItemType="Enneract" Keywords="enneract" DropWeight="1" GoldValue="1000" Level="0" LevelPrereq="1" MinDropLevel="1" MaxDropLevel="60" Rarity="1" SkillLevelMax="1" SkillLevelMin="1" X_GridSize="1" Y_GridSize="1" />
  <Item Name="enneract_23" EnneractPresetID="enneract_preset_whirlwind" ItemType="Enneract" Keywords="enneract" DropWeight="1" GoldValue="1000" Level="0" LevelPrereq="1" MinDropLevel="1" MaxDropLevel="60" Rarity="1" SkillLevelMax="1" SkillLevelMin="1" X_GridSize="1" Y_GridSize="1" />
  <Item Name="enneract_24" EnneractPresetID="enneract_preset_reave" ItemType="Enneract" Keywords="enneract" DropWeight="1" GoldValue="1000" Level="0" LevelPrereq="1" MinDropLevel="1" MaxDropLevel="60" Rarity="1" SkillLevelMax="1" SkillLevelMin="1" X_GridSize="1" Y_GridSize="1" />
  <Item Name="enneract_25" EnneractPresetID="enneract_preset_sniper" ItemType="Enneract" Keywords="enneract" DropWeight="1" GoldValue="1000" Level="0" LevelPrereq="1" MinDropLevel="1" MaxDropLevel="60" Rarity="1" SkillLevelMax="1" SkillLevelMin="1" X_GridSize="1" Y_GridSize="1" />
  <Item Name="enneract_26" EnneractPresetID="enneract_preset_hammer" ItemType="Enneract" Keywords="enneract" DropWeight="1" GoldValue="1000" Level="0" LevelPrereq="1" MinDropLevel="1" MaxDropLevel="60" Rarity="1" SkillLevelMax="1" SkillLevelMin="1" X_GridSize="1" Y_GridSize="1" />
</MetaData>