<MetaData>
  <BaseEntity ID="SvriirCaveBetaSpawner" EntityName="svriir_beta_spawner" Scale="1" CanKillAllies="0" />
  <Faction Name="Svriirs" />
  <Keywords Value="svri,lieutenant,support,summoner" />
  <SpawnClassParams SpawnLevelMin="1" SpawnLevelMax="60" SpawnWeight="1" CombatPointValueMultiplier="1.3" />
  <Attributes Archetype="archetype_lieutenant" HealthModifier="1.0" DamageModifier="1.0" XPModifier="1.3" Protection="" />
  <Movement MovementSpeed="4" WalkSpeed="4" />
  <InterruptionParams InterruptChance="0.0" />
  <StunParams IgnoreStunChance="0" StunCooldown="6" FreezeCooldown="6" />
  <BlownAwayParams CanBeBlownAway="1" BlownAwayAnimationTag="" />
  <DefaultBossModifiers />
  <LootClass>
    <Loot Class="LC_Lieutenant" fProba="1" />
  </LootClass>
  <AliveLootPreset Name="AliveLoot_Lieutenant" />
  <Corpses PresetName="LieutenantCadaverPreset" />
  <BasicAIParams ClampToNavmesh="1" MaxTurnRate="360" UseAvoidance="0" />
  <Kythera>
    <Behavior Name="Chief" />
    <Chief type="bb">
      <Type type="string" />
    </Chief>
    <BT FleeOnLowHealthChance="0.0" EngageRange="15.0" MeleeAttack="True" FallBack="True" IdleWander="False" />
    <Movement ClampToNavMesh="True" />
    <Target SticknessBias="30.0" DistanceBias="6.0" DamageBias="0.0" AggressionBias="1.0" AggressionDecay="10.0" Category="None" />
  </Kythera>
  <Skills>
    <DefaultBasicAttack>
      <Skill Name="AI_SvriirBeta_Spawner_DefaultAttack" Orientated="BeforeCast" MinFollowers="1" Interruptible="False" Enabled="True" BaseWeight="1.0">
        <Range Min="0.1" Preferred="2.0" Max="3.0" MinWeight="0.0" PreferredWeight="0.5" MaxWeight="1.0" />
        <Health Min="0.0" Max="1.0" Weight="0.0" />
        <Target ShieldWeight="0.0" RangedWeight="0.0" MeleeWeight="0.0">
          <Health Min="0.0" Max="1.0" Weight="0.0" />
        </Target>
      </Skill>
    </DefaultBasicAttack>
    <Other>
      <Skill Name="AI_svriirbeta_spawner_eggthrow_cave" Orientated="BeforeCast" Interruptible="False" Enabled="True" BaseWeight="4.0">
        <Range Min="0.5" Preferred="8.0" Max="15.0" MinWeight="0.0" PreferredWeight="0.5" MaxWeight="1.0" />
        <Health Min="0.0" Max="1.0" Weight="0.0" />
        <Target ShieldWeight="0.0" RangedWeight="0.0" MeleeWeight="0.0">
          <Health Min="0.0" Max="1.0" Weight="0.0" />
        </Target>
      </Skill>
    </Other>
    <Heal>
      <Skill Name="AI_svriirbeta_spawner_mucusspit" Orientated="BeforeCast" MinFollowers="1" Interruptible="False" Enabled="True" BaseWeight="10.0">
        <Range Min="0.5" Preferred="4.0" Max="6.0" MinWeight="0.0" PreferredWeight="0.5" MaxWeight="1.0" />
        <Health Min="0.0" Max="1.0" Weight="0.0" />
        <Target ShieldWeight="0.0" RangedWeight="0.0" MeleeWeight="0.0">
          <Health Min="0.0" Max="1.0" Weight="0.0" />
        </Target>
      </Skill>
    </Heal>
    <Approach />
  </Skills>
  <RandomModel>
    <ModelChoice Model="Objects/characters/mobs/Reptile/Spawner/SVRI_Spawner_Cave/SVRI_Spawner_Cave.cdf" Weight="1">
      <ADBChoice ADB="Animations/Mannequin/ADB/Mobs/Reptile/Spawner/SVRI_Spawner.adb" Weight="1" />
    </ModelChoice>
  </RandomModel>
  <HUD UIName="@ui_AIName_Svriirs_Spawner_3" ZIconOffset="2.0" />
  <Spawn SpawnAnimation="" TransparencyAtSpawn="0" />
  <Death UseDeathAnimation="1" DeathSkill="" />
  <GameplayParticles PresetName="size_Betaspawner" />
  <Capsules>
    <EntityPhysics ColliderSize="0.8,0.8,0.5" />
    <MouseSelection SelectionCapsuleRadius="1.5" SelectionCapsuleHeight="0.1" SelectionCapsuleZOffset="-0.4" />
    <ProjectileCollision ProjectileCapsuleRadius="1.5" ProjectileCapsuleHeight="5.0" CanSnapOnCenterWhenColliding="0" />
  </Capsules>
  <VisualParams>
    <HitParticleParams BaseHitScale="1" DirectionalHitScale="1" CriticalHitScale="1" />
    <BloodDecals Preset="default" OverrideScale="1" />
  </VisualParams>
  <Audio SwitchSoundName="Svriir_voice" />
</MetaData>