<MetaData>
  <BaseEntity ID="SvriirSeaBetaScreecher" EntityName="svriir_beta_screecher" Scale="1" CanKillAllies="0" />
  <Faction Name="Svriirs" />
  <Keywords Value="svri,lieutenant,range,physical" />
  <SpawnClassParams SpawnLevelMin="1" SpawnLevelMax="60" SpawnWeight="1" CombatPointValueMultiplier="1" />
  <Attributes Archetype="archetype_lieutenant" HealthModifier="1.0" DamageModifier="1.0" XPModifier="1" Protection="" />
  <Movement MovementSpeed="5" WalkSpeed="5" />
  <InterruptionParams InterruptChance="0.0" />
  <StunParams IgnoreStunChance="0" StunCooldown="6" FreezeCooldown="6" />
  <BlownAwayParams CanBeBlownAway="1" BlownAwayAnimationTag="" />
  <DefaultBossModifiers />
  <LootClass>
    <Loot Class="LC_Lieutenant" fProba="1" />
  </LootClass>
  <AliveLootPreset Name="AliveLoot_Lieutenant" />
  <Corpses PresetName="LieutenantCadaverPreset" />
  <BasicAIParams ClampToNavmesh="1" MaxTurnRate="360" UseAvoidance="0" />
  <Kythera>
    <Behavior Name="Generic" />
    <BT FleeOnLowHealthChance="0.0" EngageRange="10.0" MeleeAttack="True" FallBack="True" IdleWander="False" />
    <Movement ClampToNavMesh="True" />
    <Target SticknessBias="30.0" DistanceBias="6.0" DamageBias="0.0" AggressionBias="1.0" AggressionDecay="10.0" Category="None" />
  </Kythera>
  <Skills>
    <DefaultBasicAttack>
      <Skill Name="AI_SvriirBeta_Screecher_DefaultAttack" Orientated="BeforeCast" Interruptible="False" Enabled="True" BaseWeight="1.0">
        <Range Min="0.1" Preferred="2.5" Max="3.5" MinWeight="0.0" PreferredWeight="0.0" MaxWeight="0.0" />
        <Health Min="0.0" Max="1.0" Weight="0.0" />
        <Target ShieldWeight="0.0" RangedWeight="0.0" MeleeWeight="0.0">
          <Health Min="0.0" Max="1.0" Weight="0.0" />
        </Target>
      </Skill>
    </DefaultBasicAttack>
    <Offensive>
      <Skill Name="AI_svriirbeta_screecher_screech" Orientated="BeforeCast" Interruptible="False" Enabled="True" BaseWeight="10.0">
        <Range Min="1.0" Preferred="7.0" Max="10.0" MinWeight="0.0" PreferredWeight="0.0" MaxWeight="0.0" />
        <Health Min="0.0" Max="1.0" Weight="0.0" />
        <Target ShieldWeight="0.0" RangedWeight="0.0" MeleeWeight="0.0">
          <Health Min="0.0" Max="1.0" Weight="0.0" />
        </Target>
      </Skill>
    </Offensive>
    <Approach />
  </Skills>
  <RandomModel>
    <ModelChoice Model="Objects/characters/mobs/Reptile/Screecher/SVRI_ScreecherSea/SVRI_ScreecherSea.cdf" Weight="1">
      <ADBChoice ADB="Animations/Mannequin/ADB/Mobs/Reptile/Screecher/SVRI_Screecher.adb" Weight="1" />
    </ModelChoice>
  </RandomModel>
  <HUD UIName="@ui_AIName_Svriirs_Screecher_3" ZIconOffset="2.5" />
  <Spawn SpawnAnimation="rise_out_ground" TransparencyAtSpawn="0" />
  <Death UseDeathAnimation="0" DeathSkill="" />
  <GameplayParticles PresetName="size_mediumplus" />
  <Capsules>
    <EntityPhysics ColliderSize="0.8,0.8,0.5" RagdollMass="200" />
    <MouseSelection SelectionCapsuleRadius="1.0" SelectionCapsuleHeight=".1" SelectionCapsuleZOffset="-0.42" />
    <ProjectileCollision ProjectileCapsuleRadius="1.5" ProjectileCapsuleHeight="5.0" CanSnapOnCenterWhenColliding="0" />
  </Capsules>
  <VisualParams>
    <HitParticleParams BaseHitScale="1" DirectionalHitScale="1" CriticalHitScale="1" />
    <BloodDecals Preset="default" OverrideScale="1" />
  </VisualParams>
  <Audio SwitchSoundName="Svriir_voice" />
</MetaData>