<MetaData>
  <BaseEntity ID="SvriirCaveOmega" EntityName="svriir_omega_croco" Scale="1" CanKillAllies="0" />
  <Faction Name="Svriirs" />
  <Keywords Value="svri,trash,melee,physical" />
  <SpawnClassParams SpawnLevelMin="1" SpawnLevelMax="60" SpawnWeight="1" CombatPointValueMultiplier="1" />
  <Attributes Archetype="archetype_trash" HealthModifier="1" DamageModifier="1" XPModifier="1" Protection="" />
  <Movement MovementSpeed="5.5" WalkSpeed="5.5" />
  <InterruptionParams InterruptChance="1.00" />
  <StunParams IgnoreStunChance="0" StunCooldown="6" FreezeCooldown="6" />
  <BlownAwayParams CanBeBlownAway="1" BlownAwayAnimationTag="" />
  <DefaultBossModifiers />
  <LootClass>
    <Loot Class="LC_trash" fProba="1" />
  </LootClass>
  <AliveLootPreset Name="AliveLoot_Trash" />
  <Corpses PresetName="TrashCadaverPreset" />
  <BasicAIParams ClampToNavmesh="1" MaxTurnRate="360" UseAvoidance="1" />
  <Kythera>
    <Behavior Name="Warrior" />
    <BT FleeOnLowHealthChance="0.20" EngageRange="10.0" MeleeAttack="True" FallBack="True" IdleWander="False" />
    <Damage WarnThreshold="0.5" DecayRate="" LowHealth="0.20" />
    <Movement ClampToNavMesh="True" Avoidance="True" />
    <Target SticknessBias="30.0" DistanceBias="6.0" DamageBias="0.0" AggressionBias="1.0" AggressionDecay="10.0" Category="Melee" />
    <ContextSteering type="bb">
      <Enabled type="bool" />
      <CurrentSteeringProfile type="string" />
      <NeighbourRange type="float" />
      <ObstacleRange type="float" />
      <MaxIterations type="int" />
      <InitialStepSize type="float" />
      <StepSizeDecay type="float" />
      <RandomSpacing type="bool" />
      <Swarm type="bb">
        <GlobalGoal type="bb">
          <Weight type="float" />
        </GlobalGoal>
        <ObstacleAvoidance type="bb">
          <k type="float" />
          <TimeHorizon type="float" />
        </ObstacleAvoidance>
        <CollisionAvoidance type="bb">
          <k type="float" />
          <TimeHorizon type="float" />
          <PersonalSpace type="float" />
        </CollisionAvoidance>
      </Swarm>
    </ContextSteering>
  </Kythera>
  <Skills>
    <DefaultBasicAttack>
      <Skill Name="AI_SvriirOmega_DefaultAttack" Orientated="BeforeCast" Interruptible="False" Enabled="True" BaseWeight="1.0">
        <Range Min="0.1" Preferred="3.0" Max="3.0" MinWeight="0.0" PreferredWeight="0.0" MaxWeight="0.0" />
        <Health Min="0.0" Max="1.0" Weight="0.0" />
        <Target ShieldWeight="0.0" RangedWeight="0.0" MeleeWeight="0.0">
          <Health Min="0.0" Max="1.0" Weight="0.0" />
        </Target>
      </Skill>
    </DefaultBasicAttack>
    <Approach />
  </Skills>
  <RandomModel>
    <ModelChoice Model="Objects/characters/mobs/Reptile/Omega/SVRI_OmegaCave/SVRI_OmegaCave.cdf" Weight="1">
      <ADBChoice ADB="Animations/Mannequin/ADB/Mobs/Reptile/Omega/SVRI_OmegaLand.adb" Weight="1" />
    </ModelChoice>
  </RandomModel>
  <HUD UIName="@ui_AIName_Svriirs_Omega_3" ZIconOffset="1.8" />
  <Spawn SpawnAnimation="rise_out_ground_fast" TransparencyAtSpawn="0" />
  <Death UseDeathAnimation="0" DeathSkill="" />
  <GameplayParticles PresetName="size_Omega" />
  <Capsules>
    <EntityPhysics ColliderSize="0.6,0.6,0.5" IsPushable="0" RagdollMass="300" />
    <MouseSelection SelectionCapsuleRadius="1.2" SelectionCapsuleHeight="0.01" SelectionCapsuleZOffset="-0.60" />
    <ProjectileCollision ProjectileCapsuleRadius="1" ProjectileCapsuleHeight="5.0" CanSnapOnCenterWhenColliding="1" />
  </Capsules>
  <VisualParams>
    <HitParticleParams BaseHitScale="1" DirectionalHitScale="1" CriticalHitScale="1" />
    <BloodDecals Preset="default" OverrideScale="1" />
  </VisualParams>
  <Audio SwitchSoundName="Svriir_voice" AllowGroupSounds="1" />
</MetaData>