<MetaData>
  <BaseEntity ID="SvriirCaveBetaSpitter" EntityName="svriir_beta_spitter" Scale=".70" CanKillAllies="0" />
  <Faction Name="Svriirs" />
  <Keywords Value="svri,lieutenant,range,poison" />
  <SpawnClassParams SpawnLevelMin="1" SpawnLevelMax="60" SpawnWeight="1" CombatPointValueMultiplier="1" />
  <Attributes Archetype="archetype_lieutenant" HealthModifier="1" DamageModifier="1" XPModifier="1" Protection="protection_trash_orcs" />
  <Movement MovementSpeed="5" WalkSpeed="5" />
  <InterruptionParams InterruptChance="0.0" />
  <StunParams IgnoreStunChance="0" StunCooldown="6" FreezeCooldown="6" />
  <BlownAwayParams CanBeBlownAway="1" BlownAwayAnimationTag="" />
  <DefaultBossModifiers />
  <LootClass>
    <Loot Class="LC_Lieutenant" fProba="1" />
  </LootClass>
  <AliveLootPreset Name="AliveLoot_Lieutenant" />
  <Corpses PresetName="LieutenantCadaverPreset" />
  <BasicAIParams ClampToNavmesh="1" MaxTurnRate="280" UseAvoidance="0" />
  <Kythera>
    <Behavior Name="Ranged" />
    <BT FleeOnLowHealthChance="0.0" EngageRange="15.0" MeleeAttack="False" FallBack="True" IdleWander="False" />
    <Movement ClampToNavMesh="True" />
    <Target SticknessBias="30.0" DistanceBias="6.0" DamageBias="0.0" AggressionBias="1.0" AggressionDecay="10.0" Category="None" />
  </Kythera>
  <Skills>
    <DefaultBasicAttack>
      <Skill Name="AI_svriirbeta_spitter_acidspit" Orientated="Always" Interruptible="False" Enabled="True" BaseWeight="1.0">
        <Range Min="0.1" Preferred="10.0" Max="15.0" MinWeight="0.0" PreferredWeight="0.0" MaxWeight="0.0" />
        <Health Min="0.0" Max="1.0" Weight="0.0" />
        <Target ShieldWeight="0.0" RangedWeight="0.0" MeleeWeight="0.0">
          <Health Min="0.0" Max="1.0" Weight="0.0" />
        </Target>
      </Skill>
    </DefaultBasicAttack>
    <Approach />
  </Skills>
  <RandomModel>
    <ModelChoice Model="Objects/characters/mobs/Reptile/Spitter/SVRI_Spitter_cave/SVRI_Spitter_cave.cdf" Weight="1">
      <ADBChoice ADB="Animations/Mannequin/ADB/Mobs/Reptile/Spitter/SVRI_Spitter.adb" Weight="1" />
    </ModelChoice>
  </RandomModel>
  <HUD UIName="@ui_AIName_Svriirs_Spitter_3" ZIconOffset="2.45" />
  <Spawn SpawnAnimation="rise_out_ground" TransparencyAtSpawn="0" />
  <Death UseDeathAnimation="1" DeathSkill="AI_svriirbeta_spitter_headexplosion" />
  <GameplayParticles PresetName="size_Betaspitter" />
  <Capsules>
    <EntityPhysics ColliderSize="1.2,1.2,0.5" />
    <MouseSelection SelectionCapsuleRadius="2.2" SelectionCapsuleHeight=".25" SelectionCapsuleZOffset="-1" />
    <ProjectileCollision ProjectileCapsuleRadius="1.5" ProjectileCapsuleHeight="5.0" CanSnapOnCenterWhenColliding="0" />
  </Capsules>
  <VisualParams>
    <HitParticleParams BaseHitScale="1" DirectionalHitScale="1" CriticalHitScale="1" />
    <BloodDecals Preset="default" OverrideScale="1" />
    <BladeBlood Preset="" OverrideParticle="" OverrideParticleScale="1" />
  </VisualParams>
  <Audio SwitchSoundName="Svriir_Spitter_voice" />
</MetaData>