<MetaData>
  <BaseEntity ID="SvriirOmegaFemale" EntityName="svriir_omega_female" Scale="1.25" CanKillAllies="0" />
  <Faction Name="Svriirs" />
  <Keywords Value="svri,trash,melee,physical,heavy" />
  <SpawnClassParams SpawnLevelMin="1" SpawnLevelMax="60" SpawnWeight="1" CombatPointValueMultiplier="1.5" />
  <Attributes Archetype="archetype_trash" HealthModifier="4" DamageModifier="1" XPModifier="3" Protection="" />
  <Movement MovementSpeed="4.0" WalkSpeed="4.0" />
  <InterruptionParams InterruptChance="0.01" />
  <StunParams IgnoreStunChance="0" StunCooldown="6" FreezeCooldown="6" />
  <BlownAwayParams CanBeBlownAway="1" BlownAwayAnimationTag="" />
  <DefaultBossModifiers />
  <LootClass>
    <Loot Class="LC_trash" fProba="1" />
  </LootClass>
  <AliveLootPreset Name="AliveLoot_Trash" />
  <Corpses PresetName="TrashCadaverPreset" />
  <BasicAIParams ClampToNavmesh="1" MaxTurnRate="360" UseAvoidance="1" />
  <Kythera>
    <Behavior Name="Generic" />
    <BT FleeOnLowHealthChance="0.0" EngageRange="10.0" MeleeAttack="True" FallBack="True" IdleWander="False" />
    <Damage WarnThreshold="0.0" DecayRate="" LowHealth="0.20" />
    <Movement ClampToNavMesh="True" Avoidance="True" />
    <Target SticknessBias="1.0" DistanceBias="1.0" DamageBias="5.0" AggressionBias="1.0" Category="Melee" />
  </Kythera>
  <Skills>
    <DefaultBasicAttack />
    <Offensive>
      <Skill Name="AI_SvriirOmegaFemale_DefaultAttack" Orientated="Always" Interruptible="False" Enabled="True" BaseWeight="1.0">
        <Range Min="0.1" Preferred="2.0" Max="3.0" MinWeight="2.0" PreferredWeight="0.5" MaxWeight="0.0" />
        <Health Min="0.0" Max="1.0" Weight="0.0" />
        <Target ShieldWeight="0.0" RangedWeight="0.0" MeleeWeight="0.0">
          <Health Min="0.0" Max="1.0" Weight="0.0" />
        </Target>
      </Skill>
      <Skill Name="AI_SvriirOmegaFemale_Vomit" Orientated="Always" Interruptible="False" Enabled="True" BaseWeight="1.0">
        <Range Min="1.0" Preferred="3.0" Max="3.5" MinWeight="0.0" PreferredWeight="3.0" MaxWeight="4.0" />
        <Health Min="0.0" Max="1.0" Weight="0.0" />
        <Target ShieldWeight="0.0" RangedWeight="0.0" MeleeWeight="0.0">
          <Health Min="0.0" Max="1.0" Weight="0.0" />
        </Target>
      </Skill>
    </Offensive>
    <Approach />
  </Skills>
  <HUD UIName="@ui_AIName_Svriirs_Omegafemale_1" ZIconOffset="2.5" />
  <Spawn SpawnAnimation="rise_out_ground" TransparencyAtSpawn="0" />
  <Death UseDeathAnimation="1" DeathSkill="" />
  <GameplayParticles PresetName="size_Betaspawner" />
  <Capsules>
    <EntityPhysics ColliderSize="0.9,0.9,0.5" />
    <MouseSelection SelectionCapsuleRadius="1.3" SelectionCapsuleHeight="0.1" SelectionCapsuleZOffset="-0.6" />
    <ProjectileCollision ProjectileCapsuleRadius="1.0" ProjectileCapsuleHeight="5.0" CanSnapOnCenterWhenColliding="0" />
  </Capsules>
  <VisualParams>
    <HitParticleParams BaseHitScale="1" DirectionalHitScale="1" CriticalHitScale="1" />
    <BloodDecals Preset="default" OverrideScale="1" />
  </VisualParams>
  <Audio SwitchSoundName="Svriir_voice" />
</MetaData>