<MetaData>
  <SpawnClass Name="sc_Sty_ACT1_SmugglersPath_CommonCC_1">
    <Spawn Type="Actor" ClassName="CultOfSouls_MiniSpecter_aether" NumberMin="4" NumberMax="6" LevelMin="1" LevelMax="60" LevelOffset="0" Center="0" SpawnOverTime="2" LootClassOverride="" XPBonusPercent="0" IgnoreAnimation="0" />
    <Spawn Type="Actor" ClassName="CultOfSouls_MiniSpecter_shadow" NumberMin="4" NumberMax="6" LevelMin="1" LevelMax="60" LevelOffset="0" Center="0" SpawnOverTime="2" LootClassOverride="" XPBonusPercent="0" IgnoreAnimation="0" />
    <Spawn Type="Actor" ClassName="CultOfSouls_Specter" NumberMin="1" NumberMax="1" LevelMin="1" LevelMax="60" LevelOffset="0" Center="0" SpawnOverTime="2" LootClassOverride="" XPBonusPercent="0" IgnoreAnimation="0" />
  </SpawnClass>
  <SpawnClass Name="sc_Sty_ACT1_SmugglersPath_CommonCC_2">
    <Spawn Type="Actor" ClassName="SvriirOmega" NumberMin="7" NumberMax="9" LevelMin="1" LevelMax="60" LevelOffset="0" Center="0" SpawnOverTime="2" LootClassOverride="" XPBonusPercent="0" IgnoreAnimation="0" />
    <Spawn Type="Actor" ClassName="SvriirMorgon" NumberMin="2" NumberMax="4" LevelMin="1" LevelMax="60" LevelOffset="0" Center="0" SpawnOverTime="2" LootClassOverride="" XPBonusPercent="0" IgnoreAnimation="0" />
    <Spawn Type="Actor" ClassName="SvriirBetaSpitter" NumberMin="1" NumberMax="1" LevelMin="1" LevelMax="60" LevelOffset="0" Center="0" SpawnOverTime="2" LootClassOverride="" XPBonusPercent="0" IgnoreAnimation="0" />
  </SpawnClass>
  <SpawnClass Name="sc_Sty_ACT1_SmugglersPath_CommonCC_3">
    <Spawn Type="Actor" ClassName="OutlawsBanditMelee01" NumberMin="2" NumberMax="2" LevelMin="1" LevelMax="60" LevelOffset="0" Center="0" SpawnOverTime="2" LootClassOverride="" XPBonusPercent="0" IgnoreAnimation="0" />
    <Spawn Type="Actor" ClassName="OutlawsBanditMelee03" NumberMin="2" NumberMax="2" LevelMin="1" LevelMax="60" LevelOffset="0" Center="0" SpawnOverTime="2" LootClassOverride="" XPBonusPercent="0" IgnoreAnimation="0" />
    <Spawn Type="Actor" ClassName="OutlawsWorg01" NumberMin="5" NumberMax="7" LevelMin="1" LevelMax="60" LevelOffset="0" Center="1" SpawnOverTime="2" LootClassOverride="" XPBonusPercent="0" IgnoreAnimation="0" />
    <Spawn Type="Actor" ClassName="OutlawsKennelMaster" NumberMin="1" NumberMax="1" LevelMin="1" LevelMax="60" LevelOffset="0" Center="0" SpawnOverTime="2" LootClassOverride="" XPBonusPercent="0" IgnoreAnimation="0" />
    <Spawn Type="Actor" ClassName="OutlawsTrapper_flashbang" NumberMin="1" NumberMax="1" LevelMin="1" LevelMax="60" LevelOffset="0" Center="0" SpawnOverTime="2" LootClassOverride="" XPBonusPercent="0" IgnoreAnimation="0" />
  </SpawnClass>
</MetaData>