<MetaData>
  <SpawnClass Name="sc_Sty_ACT1_Necropolis1_CommonCC_1">
    <Spawn Type="Actor" ClassName="CultOfSouls_ZombieSoldier" NumberMin="2" NumberMax="2" LevelMin="1" LevelMax="60" LevelOffset="0" Center="0" SpawnOverTime="2" LootClassOverride="" XPBonusPercent="0" IgnoreAnimation="0" />
    <Spawn Type="Actor" ClassName="CultOfSouls_DeathCloak" NumberMin="5" NumberMax="7" LevelMin="1" LevelMax="60" LevelOffset="0" Center="0" SpawnOverTime="2" LootClassOverride="" XPBonusPercent="0" IgnoreAnimation="0" />
    <Spawn Type="Actor" ClassName="CultOfSouls_HalfBreed" NumberMin="1" NumberMax="1" LevelMin="1" LevelMax="60" LevelOffset="0" Center="0" SpawnOverTime="2" LootClassOverride="" XPBonusPercent="0" IgnoreAnimation="0" />
  </SpawnClass>
  <SpawnClass Name="sc_Sty_ACT1_Necropolis1_CommonCC_2">
    <Spawn Type="Actor" ClassName="CultOfSouls_Zombie_frost" NumberMin="6" NumberMax="8" LevelMin="1" LevelMax="60" LevelOffset="0" Center="0" SpawnOverTime="2" LootClassOverride="" XPBonusPercent="0" IgnoreAnimation="0" />
    <Spawn Type="Actor" ClassName="CultOfSouls_UndeadSpiker" NumberMin="1" NumberMax="1" LevelMin="1" LevelMax="60" LevelOffset="0" Center="0" SpawnOverTime="2" LootClassOverride="" XPBonusPercent="0" IgnoreAnimation="0" />
  </SpawnClass>
  <SpawnClass Name="sc_Sty_ACT1_Necropolis1_CommonCC_3">
    <Spawn Type="Actor" ClassName="CultOfSouls_ZombieSoldier" NumberMin="1" NumberMax="1" LevelMin="1" LevelMax="60" LevelOffset="0" Center="0" SpawnOverTime="2" LootClassOverride="" XPBonusPercent="0" IgnoreAnimation="0" />
    <Spawn Type="Actor" ClassName="CultOfSouls_Zombie_frost" NumberMin="7" NumberMax="9" LevelMin="1" LevelMax="60" LevelOffset="0" Center="0" SpawnOverTime="2" LootClassOverride="" XPBonusPercent="0" IgnoreAnimation="0" />
  </SpawnClass>
</MetaData>