<MetaData>
  <SpawnClass Name="sc_Sty_ACT1_TPS2_CommonCC_1">
    <Spawn Type="Actor" ClassName="CultOfSouls_MiniHalfBreed_shadow" NumberMin="7" NumberMax="9" LevelMin="1" LevelMax="60" LevelOffset="0" Center="0" SpawnOverTime="2" LootClassOverride="" XPBonusPercent="0" IgnoreAnimation="0" />
    <Spawn Type="Actor" ClassName="CultOfSouls_HalfBreed" NumberMin="1" NumberMax="1" LevelMin="1" LevelMax="60" LevelOffset="0" Center="0" SpawnOverTime="2" LootClassOverride="" XPBonusPercent="0" IgnoreAnimation="0" />
    <Spawn Type="Actor" ClassName="CultOfSouls_Specter" NumberMin="1" NumberMax="1" LevelMin="1" LevelMax="60" LevelOffset="0" Center="0" SpawnOverTime="2" LootClassOverride="" XPBonusPercent="0" IgnoreAnimation="0" />
  </SpawnClass>
  <SpawnClass Name="sc_Sty_ACT1_TPS2_CommonCC_2">
    <Spawn Type="Actor" ClassName="CultOfSouls_Corrupted_PrimordialArmor" NumberMin="2" NumberMax="4" LevelMin="1" LevelMax="60" LevelOffset="0" Center="0" SpawnOverTime="2" LootClassOverride="" XPBonusPercent="0" IgnoreAnimation="0" />
    <Spawn Type="Actor" ClassName="CultOfSouls_MiniSpecter_aether" NumberMin="1" NumberMax="3" LevelMin="1" LevelMax="60" LevelOffset="0" Center="0" SpawnOverTime="2" LootClassOverride="" XPBonusPercent="0" IgnoreAnimation="0" />
    <Spawn Type="Actor" ClassName="CultOfSouls_MiniSpecter_shadow" NumberMin="1" NumberMax="3" LevelMin="1" LevelMax="60" LevelOffset="0" Center="0" SpawnOverTime="2" LootClassOverride="" XPBonusPercent="0" IgnoreAnimation="0" />
  </SpawnClass>
  <SpawnClass Name="sc_Sty_ACT1_TPS2_UncommonCC_1">
    <Spawn Type="Actor" ClassName="CultOfSouls_MiniHalfBreed_physical" NumberMin="21" NumberMax="23" LevelMin="1" LevelMax="60" LevelOffset="0" Center="0" SpawnOverTime="2" LootClassOverride="" XPBonusPercent="0" IgnoreAnimation="0" />
    <Spawn Type="Actor" ClassName="CultOfSouls_HalfBreed" NumberMin="1" NumberMax="1" LevelMin="1" LevelMax="60" LevelOffset="0" Center="0" SpawnOverTime="2" LootClassOverride="" XPBonusPercent="0" IgnoreAnimation="0" />
  </SpawnClass>
  <SpawnClass Name="sc_Sty_ACT1_TPS2_UncommonCC_2">
    <Spawn Type="Actor" ClassName="CultOfSouls_Corrupted_PrimordialArmor" NumberMin="3" NumberMax="5" LevelMin="1" LevelMax="60" LevelOffset="0" Center="0" SpawnOverTime="2" LootClassOverride="" XPBonusPercent="0" IgnoreAnimation="0" />
    <Spawn Type="Actor" ClassName="CultOfSouls_HalfBreed" NumberMin="2" NumberMax="2" LevelMin="1" LevelMax="60" LevelOffset="0" Center="0" SpawnOverTime="2" LootClassOverride="" XPBonusPercent="0" IgnoreAnimation="0" />
  </SpawnClass>
</MetaData>