<MetaData>
  <EntitiesManager Name="EM_Adventure_ACT1_NecropolisPart3">
    <EntityLists>
      <Entry Name="F1" Tag="F1_Necropolis3_A">
        <Budget Mode="manual" Entity_Min="1" Entity_Max="1" />
      </Entry>
      <Entry Name="F2" Tag="F2_Necropolis3_A">
        <Budget Mode="auto" EntityPerSquareMeter_Min="0.00025" EntityPerSquareMeter_Max="0.00025" />
      </Entry>
      <Entry Name="F3" Tag="F3_Necropolis3_A">
        <Budget Mode="auto" EntityPerSquareMeter_Min="0.00014285714" EntityPerSquareMeter_Max="0.00014285714" />
      </Entry>
    </EntityLists>
  </EntitiesManager>
  <EntitiesManager Name="EM_Adventure_ACT1_NecropolisPart2">
    <EntityLists>
      <Entry Name="F1" Tag="F1_Necropolis2_A">
        <Budget Mode="manual" Entity_Min="1" Entity_Max="1" />
      </Entry>
      <Entry Name="F2" Tag="F2_Necropolis2_A">
        <Budget Mode="auto" EntityPerSquareMeter_Min="0.00025" EntityPerSquareMeter_Max="0.00025" />
      </Entry>
      <Entry Name="F3" Tag="F3_Necropolis2_A">
        <Budget Mode="auto" EntityPerSquareMeter_Min="0.00014285714" EntityPerSquareMeter_Max="0.00014285714" />
      </Entry>
    </EntityLists>
  </EntitiesManager>
  <EntitiesManager Name="EM_Adventure_ACT1_Farmstead">
    <EntityLists>
      <Entry Name="F1" Tag="F1_Farmstead_A">
        <Budget Mode="manual" Entity_Min="1" Entity_Max="1" />
      </Entry>
      <Entry Name="F2" Tag="F2_Farmstead_A">
        <Budget Mode="auto" EntityPerSquareMeter_Min="0.00025" EntityPerSquareMeter_Max="0.00025" />
      </Entry>
      <Entry Name="F3" Tag="F3_Farmstead_A">
        <Budget Mode="auto" EntityPerSquareMeter_Min="0.00014285714" EntityPerSquareMeter_Max="0.00014285714" />
      </Entry>
    </EntityLists>
  </EntitiesManager>
  <EntitiesManager Name="EM_Adventure_ACT1_BanditOutpost">
    <EntityLists>
      <Entry Name="F1" Tag="F1_BanditOutpost_A">
        <Budget Mode="manual" Entity_Min="1" Entity_Max="1" />
      </Entry>
      <Entry Name="F2" Tag="F2_BanditOutpost_A">
        <Budget Mode="auto" EntityPerSquareMeter_Min="0.00025" EntityPerSquareMeter_Max="0.00025" />
      </Entry>
      <Entry Name="F3" Tag="F3_BanditOutpost_A">
        <Budget Mode="auto" EntityPerSquareMeter_Min="0.00014285714" EntityPerSquareMeter_Max="0.00014285714" />
      </Entry>
    </EntityLists>
  </EntitiesManager>
  <EntitiesManager Name="EM_Adventure_ACT1_NecropolisPart1">
    <EntityLists>
      <Entry Name="F1" Tag="F1_Necropolis1_A">
        <Budget Mode="manual" Entity_Min="1" Entity_Max="1" />
      </Entry>
      <Entry Name="F2" Tag="F2_Necropolis1_A">
        <Budget Mode="auto" EntityPerSquareMeter_Min="0.00025" EntityPerSquareMeter_Max="0.00025" />
      </Entry>
      <Entry Name="F3" Tag="F3_Necropolis1_A">
        <Budget Mode="auto" EntityPerSquareMeter_Min="0.00014285714" EntityPerSquareMeter_Max="0.00014285714" />
      </Entry>
    </EntityLists>
  </EntitiesManager>
  <EntitiesManager Name="EM_Adventure_ACT1_GloomValleyPart2">
    <EntityLists>
      <Entry Name="F1" Tag="F1_GloomValley2_A">
        <Budget Mode="manual" Entity_Min="1" Entity_Max="1" />
      </Entry>
      <Entry Name="F2" Tag="F2_GloomValley2_A">
        <Budget Mode="auto" EntityPerSquareMeter_Min="0.00025" EntityPerSquareMeter_Max="0.00025" />
      </Entry>
      <Entry Name="F3" Tag="F3_GloomValley2_A">
        <Budget Mode="auto" EntityPerSquareMeter_Min="0.00014285714" EntityPerSquareMeter_Max="0.00014285714" />
      </Entry>
    </EntityLists>
  </EntitiesManager>
  <EntitiesManager Name="EM_Adventure_ACT1_GloomValleyPart1">
    <EntityLists />
  </EntitiesManager>
  <EntitiesManager Name="EM_Adventure_ACT1_AnankisGate">
    <EntityLists />
  </EntitiesManager>
  <EntitiesManager Name="EM_Adventure_ACT1_AnankisCore">
    <EntityLists />
  </EntitiesManager>
  <EntitiesManager Name="EM_Adventure_ACT1_TemplarCamp">
    <EntityLists />
  </EntitiesManager>
  <EntitiesManager Name="EM_Adventure_ACT1_SirkisArena">
    <EntityLists />
  </EntitiesManager>
  <EntitiesManager Name="EM_Adventure_ACT1_SvriirCave">
    <EntityLists />
  </EntitiesManager>
  <EntitiesManager Name="EM_Adventure_ACT1_Highlands">
    <EntityLists />
  </EntitiesManager>
  <EntitiesManager Name="EM_Adventure_Beta_RandomSvriirLair">
    <EntityLists>
      <Entry Name="F1" Tag="F1_GenericCave_A">
        <Budget Mode="manual" Entity_Min="1" Entity_Max="1" />
      </Entry>
      <Entry Name="F2" Tag="F2_GenericCave_A">
        <Budget Mode="auto" EntityPerSquareMeter_Min="0.00025" EntityPerSquareMeter_Max="0.00025" />
      </Entry>
      <Entry Name="F3" Tag="F3_GenericCave_A">
        <Budget Mode="auto" EntityPerSquareMeter_Min="0.00014285714" EntityPerSquareMeter_Max="0.00014285714" />
      </Entry>
    </EntityLists>
  </EntitiesManager>
  <EntitiesManager Name="EM_Adventure_Beta_RandomTPS">
    <EntityLists>
      <Entry Name="F1" Tag="F1_TPS_A">
        <Budget Mode="manual" Entity_Min="1" Entity_Max="1" />
      </Entry>
      <Entry Name="F2" Tag="F2_TPS_A">
        <Budget Mode="auto" EntityPerSquareMeter_Min="0.00025" EntityPerSquareMeter_Max="0.00025" />
      </Entry>
      <Entry Name="F3" Tag="F3_TPS_A">
        <Budget Mode="auto" EntityPerSquareMeter_Min="0.00014285714" EntityPerSquareMeter_Max="0.00014285714" />
      </Entry>
    </EntityLists>
  </EntitiesManager>
  <EntitiesManager Name="EM_Adventure_Beta_RandomCave">
    <EntityLists>
      <Entry Name="F1" Tag="F1_GenericCave_A">
        <Budget Mode="manual" Entity_Min="1" Entity_Max="1" />
      </Entry>
      <Entry Name="F2" Tag="F2_GenericCave_A">
        <Budget Mode="auto" EntityPerSquareMeter_Min="0.00025" EntityPerSquareMeter_Max="0.00025" />
      </Entry>
      <Entry Name="F3" Tag="F3_GenericCave_A">
        <Budget Mode="auto" EntityPerSquareMeter_Min="0.00014285714" EntityPerSquareMeter_Max="0.00014285714" />
      </Entry>
    </EntityLists>
  </EntitiesManager>
  <EntitiesManager Name="EM_Adventure_Beta_RandomNecropolis">
    <EntityLists>
      <Entry Name="F1" Tag="F1_Necropolis_A">
        <Budget Mode="manual" Entity_Min="1" Entity_Max="1" />
      </Entry>
      <Entry Name="F2" Tag="F2_Necropolis_A">
        <Budget Mode="auto" EntityPerSquareMeter_Min="0.00025" EntityPerSquareMeter_Max="0.00025" />
      </Entry>
      <Entry Name="F3" Tag="F3_Necropolis_A">
        <Budget Mode="auto" EntityPerSquareMeter_Min="0.00014285714" EntityPerSquareMeter_Max="0.00014285714" />
      </Entry>
    </EntityLists>
  </EntitiesManager>
  <EntitiesManager Name="EM_Adventure_Beta_NPC2_Floor1">
    <EntityLists>
      <Entry Name="F1" Tag="F1_GenericCave_A">
        <Budget Mode="manual" Entity_Min="1" Entity_Max="1" />
      </Entry>
      <Entry Name="F2" Tag="F2_GenericCave_A">
        <Budget Mode="auto" EntityPerSquareMeter_Min="0.00025" EntityPerSquareMeter_Max="0.00025" />
      </Entry>
      <Entry Name="F3" Tag="F3_GenericCave_A">
        <Budget Mode="auto" EntityPerSquareMeter_Min="0.00014285714" EntityPerSquareMeter_Max="0.00014285714" />
      </Entry>
    </EntityLists>
  </EntitiesManager>
  <EntitiesManager Name="EM_Adventure_Beta_NPC2_Floor2">
    <EntityLists>
      <Entry Name="F1" Tag="F1_GenericCave_A">
        <Budget Mode="manual" Entity_Min="1" Entity_Max="1" />
      </Entry>
      <Entry Name="F2" Tag="F2_GenericCave_A">
        <Budget Mode="auto" EntityPerSquareMeter_Min="0.00025" EntityPerSquareMeter_Max="0.00025" />
      </Entry>
      <Entry Name="F3" Tag="F3_GenericCave_A">
        <Budget Mode="auto" EntityPerSquareMeter_Min="0.00014285714" EntityPerSquareMeter_Max="0.00014285714" />
      </Entry>
    </EntityLists>
  </EntitiesManager>
  <EntitiesManager Name="EM_Adventure_Beta_NPC2_Floor3">
    <EntityLists>
      <Entry Name="F1" Tag="F1_Necropolis_A">
        <Budget Mode="manual" Entity_Min="1" Entity_Max="1" />
      </Entry>
      <Entry Name="F2" Tag="F2_Necropolis_A">
        <Budget Mode="auto" EntityPerSquareMeter_Min="0.00025" EntityPerSquareMeter_Max="0.00025" />
      </Entry>
      <Entry Name="F3" Tag="F3_Necropolis_A">
        <Budget Mode="auto" EntityPerSquareMeter_Min="0.00014285714" EntityPerSquareMeter_Max="0.00014285714" />
      </Entry>
    </EntityLists>
  </EntitiesManager>
  <EntitiesManager Name="EM_Adventure_Beta_NPC2_Floor4">
    <EntityLists>
      <Entry Name="F1" Tag="F1_Necropolis_A">
        <Budget Mode="manual" Entity_Min="1" Entity_Max="1" />
      </Entry>
      <Entry Name="F2" Tag="F2_Necropolis_A">
        <Budget Mode="auto" EntityPerSquareMeter_Min="0.00025" EntityPerSquareMeter_Max="0.00025" />
      </Entry>
      <Entry Name="F3" Tag="F3_Necropolis_A">
        <Budget Mode="auto" EntityPerSquareMeter_Min="0.00014285714" EntityPerSquareMeter_Max="0.00014285714" />
      </Entry>
    </EntityLists>
  </EntitiesManager>
  <EntitiesManager Name="EM_Adventure_Beta_NPC2_Floor5">
    <EntityLists>
      <Entry Name="F1" Tag="F1_TPS_A">
        <Budget Mode="manual" Entity_Min="1" Entity_Max="1" />
      </Entry>
      <Entry Name="F2" Tag="F2_TPS_A">
        <Budget Mode="auto" EntityPerSquareMeter_Min="0.00025" EntityPerSquareMeter_Max="0.00025" />
      </Entry>
      <Entry Name="F3" Tag="F3_TPS_A">
        <Budget Mode="auto" EntityPerSquareMeter_Min="0.00014285714" EntityPerSquareMeter_Max="0.00014285714" />
      </Entry>
    </EntityLists>
  </EntitiesManager>
  <EntitiesManager Name="EM_Adventure_Beta_NPC2_Floor6">
    <EntityLists>
      <Entry Name="F1" Tag="F1_Forest_A">
        <Budget Mode="manual" Entity_Min="1" Entity_Max="1" />
      </Entry>
      <Entry Name="F2" Tag="F2_Forest_A">
        <Budget Mode="auto" EntityPerSquareMeter_Min="0.00025" EntityPerSquareMeter_Max="0.00025" />
      </Entry>
      <Entry Name="F3" Tag="F3_Forest_A">
        <Budget Mode="auto" EntityPerSquareMeter_Min="0.00014285714" EntityPerSquareMeter_Max="0.00014285714" />
      </Entry>
    </EntityLists>
  </EntitiesManager>
</MetaData>