<MetaData>
  <EntitiesManager Name="EM_StoryMode_Act1_WreckCoast">
    <EntityLists />
  </EntitiesManager>
  <EntitiesManager Name="EM_StoryMode_Act1_Highlands">
    <EntityLists />
  </EntitiesManager>
  <EntitiesManager Name="EM_StoryMode_Act1_Farmlands">
    <EntityLists />
  </EntitiesManager>
  <EntitiesManager Name="EM_StoryMode_Act1_FlayersOutpost">
    <EntityLists />
  </EntitiesManager>
  <EntitiesManager Name="EM_StoryMode_Act1_Necropolis1">
    <EntityLists>
      <Entry Name="F2_A1_Necropolis1" Tag="F2_Necropolis1_S">
        <Budget Mode="auto" EntityPerSquareMeter_Min="0.00025" EntityPerSquareMeter_Max="0.00025" />
      </Entry>
      <Entry Name="F3_A1_Necropolis2" Tag="F3_Necropolis1_S">
        <Budget Mode="auto" EntityPerSquareMeter_Min="0.00014285714" EntityPerSquareMeter_Max="0.00014285714" />
      </Entry>
    </EntityLists>
  </EntitiesManager>
  <EntitiesManager Name="EM_StoryMode_Act1_Necropolis2">
    <EntityLists>
      <Entry Name="F2_A1_Necropolis2" Tag="F2_Necropolis2_S">
        <Budget Mode="auto" EntityPerSquareMeter_Min="0.00025" EntityPerSquareMeter_Max="0.00025" />
      </Entry>
      <Entry Name="F3_A1_Necropolis2" Tag="F3_Necropolis2_S">
        <Budget Mode="auto" EntityPerSquareMeter_Min="0.00014285714" EntityPerSquareMeter_Max="0.00014285714" />
      </Entry>
    </EntityLists>
  </EntitiesManager>
  <EntitiesManager Name="EM_StoryMode_Act1_Necropolis3">
    <EntityLists>
      <Entry Name="F2_A1_Necropolis2" Tag="F2_Necropolis3_S">
        <Budget Mode="auto" EntityPerSquareMeter_Min="0.00025" EntityPerSquareMeter_Max="0.00025" />
      </Entry>
      <Entry Name="F3_A1_Necropolis2" Tag="F3_Necropolis3_S">
        <Budget Mode="auto" EntityPerSquareMeter_Min="0.00014285714" EntityPerSquareMeter_Max="0.00014285714" />
      </Entry>
    </EntityLists>
  </EntitiesManager>
  <EntitiesManager Name="EM_StoryMode_Act1_TPS1">
    <EntityLists>
      <Entry Name="F2_A1_TPS1" Tag="F2_TPS1_S">
        <Budget Mode="auto" EntityPerSquareMeter_Min="0.00025" EntityPerSquareMeter_Max="0.00025" />
      </Entry>
      <Entry Name="F3_A1_TPS1" Tag="F3_TPS1_S">
        <Budget Mode="auto" EntityPerSquareMeter_Min="0.00014285714" EntityPerSquareMeter_Max="0.00014285714" />
      </Entry>
    </EntityLists>
  </EntitiesManager>
  <EntitiesManager Name="EM_StoryMode_Act1_SvriirsNetwork1">
    <EntityLists />
  </EntitiesManager>
  <EntitiesManager Name="EM_StoryMode_Act1_SvriirsNetwork2">
    <EntityLists />
  </EntitiesManager>
  <EntitiesManager Name="EM_StoryMode_Act1_Forest">
    <EntityLists>
      <Entry Name="F2_A1_Forest" Tag="F2_Forest_A">
        <Budget Mode="auto" EntityPerSquareMeter_Min="0.00025" EntityPerSquareMeter_Max="0.00025" />
      </Entry>
      <Entry Name="F3_A1_Forest" Tag="F3_Forest_A">
        <Budget Mode="auto" EntityPerSquareMeter_Min="0.00014285714" EntityPerSquareMeter_Max="0.00014285714" />
      </Entry>
    </EntityLists>
  </EntitiesManager>
  <EntitiesManager Name="EM_StoryMode_Act1_SmugglersPath">
    <EntityLists>
      <Entry Name="F2_A1_SmugglersPath" Tag="F2_GenericCave_A">
        <Budget Mode="auto" EntityPerSquareMeter_Min="0.00025" EntityPerSquareMeter_Max="0.00025" />
      </Entry>
      <Entry Name="F3_A1_SmugglersPath" Tag="F3_GenericCave_A">
        <Budget Mode="auto" EntityPerSquareMeter_Min="0.00014285714" EntityPerSquareMeter_Max="0.00014285714" />
      </Entry>
    </EntityLists>
  </EntitiesManager>
  <EntitiesManager Name="EM_StoryMode_Act1_TPS2">
    <EntityLists>
      <Entry Name="F2_A1_TPS2" Tag="F2_TPS_A">
        <Budget Mode="auto" EntityPerSquareMeter_Min="0.00025" EntityPerSquareMeter_Max="0.00025" />
      </Entry>
      <Entry Name="F3_A1_TPS2" Tag="F3_TPS_A">
        <Budget Mode="auto" EntityPerSquareMeter_Min="0.00014285714" EntityPerSquareMeter_Max="0.00014285714" />
      </Entry>
    </EntityLists>
  </EntitiesManager>
  <EntitiesManager Name="EM_StoryMode_Act1_TPS3">
    <EntityLists>
      <Entry Name="F2_A1_TPS3" Tag="F2_TPS_A">
        <Budget Mode="auto" EntityPerSquareMeter_Min="0.00025" EntityPerSquareMeter_Max="0.00025" />
      </Entry>
      <Entry Name="F3_A1_TPS3" Tag="F3_TPS_A">
        <Budget Mode="auto" EntityPerSquareMeter_Min="0.00014285714" EntityPerSquareMeter_Max="0.00014285714" />
      </Entry>
    </EntityLists>
  </EntitiesManager>
</MetaData>