<MetaData>
  <Chest Name="pickable_vegetation_normal" DefaultModel="objects/props/chest/wood_chest_02_animated.cga" Rarity="rare" Particle_Base="U_Environement.pickable_vegetation.loop" Particle_Base_Scale="1" Particle_Base_Offset="0,0,0" UIName="" IconZOffset="1.5">
    <LootClasses NumberOfLootMin="1" NumberOfLootMax="1">
      <LootClass LootClassName="pickable_vegetation_normal" Weight="200" />
    </LootClasses>
  </Chest>
  <Chest Name="pickable_vegetation_river" DefaultModel="objects/props/chest/wood_chest_02_animated.cga" Rarity="rare" Particle_Base="U_Environement.pickable_vegetation.loop" Particle_Base_Scale="1" Particle_Base_Offset="0,0,0" UIName="" IconZOffset="1.5">
    <LootClasses NumberOfLootMin="1" NumberOfLootMax="1">
      <LootClass LootClassName="pickable_vegetation_river" Weight="200" />
    </LootClasses>
  </Chest>
</MetaData>