<MetaData>
  <Chest Name="TBeta1_Chest" DefaultModel="objects/props/chest/wood_chest_02_animated.cga" Rarity="normal" Sound_Opening="" Particle_Base="loot.chest.basic" Particle_Base_Scale="1" Particle_Base_Offset="0,0,0.6" Particle_OnOpen="loot.chest.basic_open" Particle_OnOpen_Scale="1" Particle_OnOpen_Offset="0,0,0.6" Particle_OnLoot="loot.chest.basic_loot" Particle_OnLoot_Scale="1" Particle_OnLoot_Offset="0,0,0.6" UIName="" IconZOffset="1.5">
    <LootClasses NumberOfLootMin="3" NumberOfLootMax="5">
      <LootClass LootClassName="Chest_Weapon_TBETA" Weight="500" />
      <LootClass LootClassName="Chest_Armor_TBETA" Weight="1000" />
      <LootClass LootClassName="Chest_Potions_TBETA" Weight="25" />
      <LootClass LootClassName="Chest_Accessories_TBETA" Weight="100" />
      <LootClass LootClassName="Chest_Gems_TBETA" Weight="10" />
      <LootClass LootClassName="Chest_Enneracts_TBETA" Weight="50" />
      <LootClass LootClassName="Chest_Uniques_TBETA" Weight="1" />
    </LootClasses>
  </Chest>
  <Chest Name="TBeta1_Bodies" DefaultModel="objects/props/chest/wood_chest_02_animated.cga" Rarity="normal" Sound_Opening="" Particle_Base="loot.chest.basic" Particle_Base_Scale="1" Particle_Base_Offset="0,0,0.6" Particle_OnOpen="" Particle_OnOpen_Scale="1" Particle_OnOpen_Offset="0,0,0.6" Particle_OnLoot="" Particle_OnLoot_Scale="1" Particle_OnLoot_Offset="0,0,0.6" UIName="" IconZOffset="1.5">
    <LootClasses NumberOfLootMin="1" NumberOfLootMax="1">
      <LootClass LootClassName="Chest_Deadbody_Gold_TBETA" Weight="35" />
      <LootClass LootClassName="Chest_Deadbody_TBETA" Weight="65" />
    </LootClasses>
  </Chest>
</MetaData>