<MetaData>
  <Chest Name="Adventure_Sarisel_Chest" DefaultModel="objects/architecture/primordial/primordials_props_chest_sarisel.cga" Rarity="normal" Sound_Opening="" Particle_Base="Loot.chest.Chest_Blue" Particle_Base_Scale="1" Particle_Base_Offset="0,0.55,0.7" Particle_OnOpen="loot.chest.basic_open" Particle_OnOpen_Scale="1" Particle_OnOpen_Offset="0,0,0.6" Particle_OnLoot="loot.chest.basic_loot" Particle_OnLoot_Scale="1" Particle_OnLoot_Offset="0,0,0.6" UIName="" IconZOffset="1.5">
	<LootClasses NumberOfLootMin="10" NumberOfLootMax="15" OneByOneLoot="1">
	  <LootClass LootClassName="Chest_Accessories_Sarisel" Weight="3" />
	  <LootClass LootClassName="Chest_Enneracts_Sarisel" Weight="300" />
	  <LootClass LootClassName="Chest_Gems_Sarisel" Weight="300" />
	  <LootClass LootClassName="Chest_Armor_Sarisel" Weight="20" />
	  <LootClass LootClassName="Chest_Weapon_Sarisel" Weight="20" />
	  <LootClass LootClassName="Chest_Uniques_TBETA" Weight="1000" />
	</LootClasses>
	<Shape Angle="180" RadiusMin="1" RadiusMax="2" />
  </Chest>
</MetaData>
