<MetaData>
  <Chest Name="Story_Common_Chest" DefaultModel="objects/props/chest/wood_chest_02_animated.cga" Rarity="normal" Sound_Opening="" Particle_Base="Loot.chest.Chest_Normal" Particle_Base_Scale="1" Particle_Base_Offset="0,0.55,0.7" Particle_OnOpen="loot.chest.basic_open" Particle_OnOpen_Scale="1" Particle_OnOpen_Offset="0,0,0.6" Particle_OnLoot="loot.chest.basic_loot" Particle_OnLoot_Scale="1" Particle_OnLoot_Offset="0,0,0.6" UIName="" IconZOffset="1.5">
	<LootClasses NumberOfLootMin="1" NumberOfLootMax="2">
	  <LootClass LootClassName="Chest_Weapon_TBETA" Weight="5" />
	  <LootClass LootClassName="Chest_Armor_TBETA" Weight="10" />
	  <LootClass LootClassName="Chest_Potions_TBETA" Weight="1" />
	  <LootClass LootClassName="Chest_Accessories_TBETA" Weight="4" />
	  <LootClass LootClassName="Chest_Gems_TBETA" Weight="100" />
	  <LootClass LootClassName="Chest_Enneracts_TBETA" Weight="500" />
	  <LootClass LootClassName="Chest_Uniques_TBETA" Weight="1000" />
	</LootClasses>
  </Chest>
  <Chest Name="Story_Uncommon_Chest" DefaultModel="objects/props/chest/wood_chest_02_animated.cga" Rarity="normal" Sound_Opening="" Particle_Base="Loot.chest.Chest_Blue" Particle_Base_Scale="1" Particle_Base_Offset="0,0.55,0.7" Particle_OnOpen="loot.chest.basic_open" Particle_OnOpen_Scale="1" Particle_OnOpen_Offset="0,0,0.6" Particle_OnLoot="loot.chest.basic_loot" Particle_OnLoot_Scale="1" Particle_OnLoot_Offset="0,0,0.6" UIName="" IconZOffset="1.5">
	<LootClasses NumberOfLootMin="3" NumberOfLootMax="4">
		<LootClass LootClassName="Chest_Weapon_TBETA" Weight="5" />
		<LootClass LootClassName="Chest_Armor_TBETA" Weight="10" />
		<LootClass LootClassName="Chest_Potions_TBETA" Weight="1" />
		<LootClass LootClassName="Chest_Accessories_TBETA" Weight="4" />
		<LootClass LootClassName="Chest_Gems_TBETA" Weight="100" />
		<LootClass LootClassName="Chest_Enneracts_TBETA" Weight="500" />
		<LootClass LootClassName="Chest_Uniques_TBETA" Weight="1000" />
	</LootClasses>
  </Chest>
  <Chest Name="Story_Rare_Chest" DefaultModel="objects/props/chest/wood_chest_02_animated.cga" Rarity="normal" Sound_Opening="" Particle_Base="Loot.chest.Chest_Blue" Particle_Base_Scale="1" Particle_Base_Offset="0,0.55,0.7" Particle_OnOpen="loot.chest.basic_open" Particle_OnOpen_Scale="1" Particle_OnOpen_Offset="0,0,0.6" Particle_OnLoot="loot.chest.basic_loot" Particle_OnLoot_Scale="1" Particle_OnLoot_Offset="0,0,0.6" UIName="" IconZOffset="1.5">
	<LootClasses NumberOfLootMin="4" NumberOfLootMax="5">
		<LootClass LootClassName="Chest_Weapon_TBETA" Weight="5" />
		<LootClass LootClassName="Chest_Armor_TBETA" Weight="10" />
		<LootClass LootClassName="Chest_Potions_TBETA" Weight="1" />
		<LootClass LootClassName="Chest_Accessories_TBETA" Weight="4" />
		<LootClass LootClassName="Chest_Gems_TBETA" Weight="100" />
		<LootClass LootClassName="Chest_Enneracts_TBETA" Weight="500" />
		<LootClass LootClassName="Chest_Uniques_TBETA" Weight="1000" />
	</LootClasses>
  </Chest>
  <Chest Name="Story_Legendary_Chest" DefaultModel="objects/props/chest/wood_chest_02_animated.cga" Rarity="normal" Sound_Opening="" Particle_Base="Loot.chest.Chest_Blue" Particle_Base_Scale="1" Particle_Base_Offset="0,0.55,0.7" Particle_OnOpen="loot.chest.basic_open" Particle_OnOpen_Scale="1" Particle_OnOpen_Offset="0,0,0.6" Particle_OnLoot="loot.chest.basic_loot" Particle_OnLoot_Scale="1" Particle_OnLoot_Offset="0,0,0.6" UIName="" IconZOffset="1.5">
	<LootClasses NumberOfLootMin="5" NumberOfLootMax="6">
		<LootClass LootClassName="Chest_Weapon_TBETA" Weight="5" />
		<LootClass LootClassName="Chest_Armor_TBETA" Weight="10" />
		<LootClass LootClassName="Chest_Potions_TBETA" Weight="1" />
		<LootClass LootClassName="Chest_Accessories_TBETA" Weight="4" />
		<LootClass LootClassName="Chest_Gems_TBETA" Weight="100" />
		<LootClass LootClassName="Chest_Enneracts_TBETA" Weight="500" />
		<LootClass LootClassName="Chest_Uniques_TBETA" Weight="1000" />
	</LootClasses>
  </Chest>
</MetaData>
