<Metadata>
  <Preset Name="AliveLoot_Trash">
    <AliveLoot LootClassName="LC_healthglobe_trash" ClassType="globeclass" iProbaAllHits="0" iProbaOnDeath="2" iProba50="0" iProba30="0" iProba20="0" iProba10="0" />
  </Preset>
  <Preset Name="AliveLoot_Lieutenant">
    <AliveLoot LootClassName="LC_healthglobe_trash" ClassType="globeclass" iProbaAllHits="0.1" iProbaOnDeath="20" iProba50="0" iProba30="0" iProba20="0" iProba10="0" />
  </Preset>
  <Preset Name="AliveLoot_Elite">
    <AliveLoot LootClassName="LC_healthglobe_trash" ClassType="globeclass" iProbaAllHits="0.5" iProbaOnDeath="100" iProba50="100" iProba30="2" iProba20="3" iProba10="5" />
  </Preset>
  <Preset Name="AliveLoot_Boss">
    <AliveLoot LootClassName="LC_healthglobe_trash" ClassType="globeclass" iProbaAllHits="0" iProbaOnDeath="100" iProba90="0" iProba80="0" iProba70="100" iProba60="0" iProba50="100" iProba40="0" iProba30="100" iProba20="0" iProba10="0" />
  </Preset>
</Metadata>