<MetaData>
  <EntityList Name="list_chests_svriir">
    <Entry Weight="1">
      <Budget Mode="manual" Entity_Min="0" Entity_Max="0" />
      <Variants>
        <Variant PrefabLibrary="Prefabs/Library_Chest.xml" PrefabName="Svriirs.Chest_Svriir_Legendary" />
      </Variants>
    </Entry>
    <Entry Weight="1">
      <Budget Mode="manual" Entity_Min="0" Entity_Max="0" />
      <Variants>
        <Variant PrefabLibrary="Prefabs/Library_Chest.xml" PrefabName="Svriirs.Chest_Svriir_Rare" />
      </Variants>
    </Entry>
    <Entry Weight="1">
      <Budget Mode="manual" Entity_Min="0" Entity_Max="0" />
      <Variants>
        <Variant PrefabLibrary="Prefabs/Library_Chest.xml" PrefabName="Svriirs.Chest_Svriir_Uncommon" />
      </Variants>
    </Entry>
  </EntityList>
  <EntityList Name="list_chests_necropolis">
    <Entry Weight="1">
      <Budget Mode="manual" Entity_Min="0" Entity_Max="0" />
      <Variants>
        <Variant PrefabLibrary="Prefabs/Library_Chest.xml" PrefabName="Necropolis.Chest_Necropolis_Legendary" />
      </Variants>
    </Entry>
    <Entry Weight="1">
      <Budget Mode="manual" Entity_Min="0" Entity_Max="0" />
      <Variants>
        <Variant PrefabLibrary="Prefabs/Library_Chest.xml" PrefabName="Necropolis.Chest_Necropolis_Rare" />
      </Variants>
    </Entry>
    <Entry Weight="1">
      <Budget Mode="manual" Entity_Min="0" Entity_Max="0" />
      <Variants>
        <Variant PrefabLibrary="Prefabs/Library_Chest.xml" PrefabName="Necropolis.Chest_Necropolis_Uncommon" />
      </Variants>
    </Entry>
  </EntityList>
  <EntityList Name="list_chests_tps">
    <Entry Weight="1">
      <Budget Mode="manual" Entity_Min="0" Entity_Max="0" />
      <Variants>
        <Variant PrefabLibrary="Prefabs/Library_Chest.xml" PrefabName="TPS.Chest_TPS_Legendary" />
      </Variants>
    </Entry>
    <Entry Weight="1">
      <Budget Mode="manual" Entity_Min="0" Entity_Max="0" />
      <Variants>
        <Variant PrefabLibrary="Prefabs/Library_Chest.xml" PrefabName="TPS.Chest_TPS_Rare" />
      </Variants>
    </Entry>
    <Entry Weight="1">
      <Budget Mode="manual" Entity_Min="0" Entity_Max="0" />
      <Variants>
        <Variant PrefabLibrary="Prefabs/Library_Chest.xml" PrefabName="TPS.Chest_TPS_Uncommon" />
      </Variants>
    </Entry>
  </EntityList>
  <EntityList Name="list_chests_usual">
    <Entry Weight="1">
      <Budget Mode="manual" Entity_Min="0" Entity_Max="0" />
      <Variants>
        <Variant PrefabLibrary="Prefabs/Library_Chest.xml" PrefabName="Usual.Chest_UsualChest_Legendary" />
      </Variants>
    </Entry>
    <Entry Weight="1">
      <Budget Mode="manual" Entity_Min="0" Entity_Max="0" />
      <Variants>
        <Variant PrefabLibrary="Prefabs/Library_Chest.xml" PrefabName="Usual.Chest_UsualChest_Rare" />
      </Variants>
    </Entry>
    <Entry Weight="1">
      <Budget Mode="manual" Entity_Min="0" Entity_Max="0" />
      <Variants>
        <Variant PrefabLibrary="Prefabs/Library_Chest.xml" PrefabName="Usual.Chest_UsualChest_Uncommon" />
      </Variants>
    </Entry>
  </EntityList>
</MetaData>