<MetaData>
  <EntityList Name="list_destroyables_svriir">
    <Entry Weight="1">
      <Budget Mode="manual" Entity_Min="0" Entity_Max="0" />
      <Variants>
        <Variant PrefabLibrary="Prefabs/Library_Destructible.xml" PrefabName="Svriirs.Destructible_Svriir_2,5x2,5_1" />
        <Variant PrefabLibrary="Prefabs/Library_Destructible.xml" PrefabName="Svriirs.Destructible_Svriir_2,5x2,5_2" />
      </Variants>
    </Entry>
    <Entry Weight="1">
      <Budget Mode="manual" Entity_Min="0" Entity_Max="0" />
      <Variants>
        <Variant PrefabLibrary="Prefabs/Library_Destructible.xml" PrefabName="Svriirs.Destructible_Svriir_3,5x4,5_1" />
        <Variant PrefabLibrary="Prefabs/Library_Destructible.xml" PrefabName="Svriirs.Destructible_Svriir_3,5x4,5_2" />
        <Variant PrefabLibrary="Prefabs/Library_Destructible.xml" PrefabName="Svriirs.Destructible_Svriir_3,5x4,5_3" />
      </Variants>
    </Entry>
    <Entry Weight="1">
      <Budget Mode="manual" Entity_Min="0" Entity_Max="0" />
      <Variants>
        <Variant PrefabLibrary="Prefabs/Library_Destructible.xml" PrefabName="Svriirs.Destructible_Svriir_4x6_1" />
        <Variant PrefabLibrary="Prefabs/Library_Destructible.xml" PrefabName="Svriirs.Destructible_Svriir_4x6_2" />
        <Variant PrefabLibrary="Prefabs/Library_Destructible.xml" PrefabName="Svriirs.Destructible_Svriir_4x6_3" />
        <Variant PrefabLibrary="Prefabs/Library_Destructible.xml" PrefabName="Svriirs.Destructible_Svriir_4x6_4" />
      </Variants>
    </Entry>
  </EntityList>
  <EntityList Name="list_destroyables_necropolis">
    <Entry Weight="1">
      <Budget Mode="manual" Entity_Min="0" Entity_Max="0" />
      <Variants>
        <Variant PrefabLibrary="Prefabs/Library_Destructible.xml" PrefabName="Necropolis.Destructible_Necropolis_2x2_1" />
        <Variant PrefabLibrary="Prefabs/Library_Destructible.xml" PrefabName="Necropolis.Destructible_Necropolis_2x2_2" />
        <Variant PrefabLibrary="Prefabs/Library_Destructible.xml" PrefabName="Necropolis.Destructible_Necropolis_2x2_3" />
        <Variant PrefabLibrary="Prefabs/Library_Destructible.xml" PrefabName="Necropolis.Destructible_Necropolis_2x2_4" />
      </Variants>
    </Entry>
    <Entry Weight="1">
      <Budget Mode="manual" Entity_Min="0" Entity_Max="0" />
      <Variants>
        <Variant PrefabLibrary="Prefabs/Library_Destructible.xml" PrefabName="Necropolis.Destructible_Necropolis_3x4_1" />
        <Variant PrefabLibrary="Prefabs/Library_Destructible.xml" PrefabName="Necropolis.Destructible_Necropolis_3x4_2" />
        <Variant PrefabLibrary="Prefabs/Library_Destructible.xml" PrefabName="Necropolis.Destructible_Necropolis_3x4_3" />
        <Variant PrefabLibrary="Prefabs/Library_Destructible.xml" PrefabName="Necropolis.Destructible_Necropolis_3x4_4" />
        <Variant PrefabLibrary="Prefabs/Library_Destructible.xml" PrefabName="Necropolis.Destructible_Necropolis_3x4_5" />
      </Variants>
    </Entry>
    <Entry Weight="1">
      <Budget Mode="manual" Entity_Min="0" Entity_Max="0" />
      <Variants>
        <Variant PrefabLibrary="Prefabs/Library_Destructible.xml" PrefabName="Necropolis.Destructible_Necropolis_4x8_1" />
        <Variant PrefabLibrary="Prefabs/Library_Destructible.xml" PrefabName="Necropolis.Destructible_Necropolis_4x8_2" />
        <Variant PrefabLibrary="Prefabs/Library_Destructible.xml" PrefabName="Necropolis.Destructible_Necropolis_4x8_3" />
        <Variant PrefabLibrary="Prefabs/Library_Destructible.xml" PrefabName="Necropolis.Destructible_Necropolis_4x8_4" />
        <Variant PrefabLibrary="Prefabs/Library_Destructible.xml" PrefabName="Necropolis.Destructible_Necropolis_4x8_5" />
      </Variants>
    </Entry>
  </EntityList>
  <EntityList Name="list_destroyables_tps">
    <Entry Weight="1">
      <Budget Mode="manual" Entity_Min="0" Entity_Max="0" />
      <Variants>
        <Variant PrefabLibrary="Prefabs/Library_Destructible.xml" PrefabName="TPS.Destructible_TPS_2x2_1" />
        <Variant PrefabLibrary="Prefabs/Library_Destructible.xml" PrefabName="TPS.Destructible_TPS_2x2_2" />
        <Variant PrefabLibrary="Prefabs/Library_Destructible.xml" PrefabName="TPS.Destructible_TPS_2x2_3" />
        <Variant PrefabLibrary="Prefabs/Library_Destructible.xml" PrefabName="TPS.Destructible_TPS_2x2_4" />
        <Variant PrefabLibrary="Prefabs/Library_Destructible.xml" PrefabName="TPS.Destructible_TPS_2x2_5" />
        <Variant PrefabLibrary="Prefabs/Library_Destructible.xml" PrefabName="TPS.Destructible_TPS_2x2_6" />
      </Variants>
    </Entry>
    <Entry Weight="1">
      <Budget Mode="manual" Entity_Min="0" Entity_Max="0" />
      <Variants>
        <Variant PrefabLibrary="Prefabs/Library_Destructible.xml" PrefabName="TPS.Destructible_TPS_3x4_1" />
        <Variant PrefabLibrary="Prefabs/Library_Destructible.xml" PrefabName="TPS.Destructible_TPS_3x4_2" />
        <Variant PrefabLibrary="Prefabs/Library_Destructible.xml" PrefabName="TPS.Destructible_TPS_3x4_3" />
        <Variant PrefabLibrary="Prefabs/Library_Destructible.xml" PrefabName="TPS.Destructible_TPS_3x4_4" />
        <Variant PrefabLibrary="Prefabs/Library_Destructible.xml" PrefabName="TPS.Destructible_TPS_3x4_5" />
        <Variant PrefabLibrary="Prefabs/Library_Destructible.xml" PrefabName="TPS.Destructible_TPS_3x4_6" />
      </Variants>
    </Entry>
    <Entry Weight="1">
      <Budget Mode="manual" Entity_Min="0" Entity_Max="0" />
      <Variants>
        <Variant PrefabLibrary="Prefabs/Library_Destructible.xml" PrefabName="TPS.Destructible_TPS_4x8_1" />
        <Variant PrefabLibrary="Prefabs/Library_Destructible.xml" PrefabName="TPS.Destructible_TPS_4x8_2" />
        <Variant PrefabLibrary="Prefabs/Library_Destructible.xml" PrefabName="TPS.Destructible_TPS_4x8_3" />
        <Variant PrefabLibrary="Prefabs/Library_Destructible.xml" PrefabName="TPS.Destructible_TPS_4x8_4" />
        <Variant PrefabLibrary="Prefabs/Library_Destructible.xml" PrefabName="TPS.Destructible_TPS_4x8_5" />
        <Variant PrefabLibrary="Prefabs/Library_Destructible.xml" PrefabName="TPS.Destructible_TPS_4x8_6" />
      </Variants>
    </Entry>
  </EntityList>
  <EntityList Name="list_destroyables_usual_object">
    <Entry Weight="1">
      <Budget Mode="manual" Entity_Min="0" Entity_Max="0" />
      <Variants>
        <Variant PrefabLibrary="Prefabs/Library_Destructible.xml" PrefabName="UsualObject.Destructible_UsualObject_2x2_1" />
        <Variant PrefabLibrary="Prefabs/Library_Destructible.xml" PrefabName="UsualObject.Destructible_UsualObject_2x2_2" />
        <Variant PrefabLibrary="Prefabs/Library_Destructible.xml" PrefabName="UsualObject.Destructible_UsualObject_2x2_3" />
        <Variant PrefabLibrary="Prefabs/Library_Destructible.xml" PrefabName="UsualObject.Destructible_UsualObject_2x2_4" />
        <Variant PrefabLibrary="Prefabs/Library_Destructible.xml" PrefabName="UsualObject.Destructible_UsualObject_2x2_5" />
        <Variant PrefabLibrary="Prefabs/Library_Destructible.xml" PrefabName="UsualObject.Destructible_UsualObject_2x2_6" />
        <Variant PrefabLibrary="Prefabs/Library_Destructible.xml" PrefabName="UsualObject.Destructible_UsualObject_2x2_7" />
        <Variant PrefabLibrary="Prefabs/Library_Destructible.xml" PrefabName="UsualObject.Destructible_UsualObject_2x2_8" />
      </Variants>
    </Entry>
    <Entry Weight="1">
      <Budget Mode="manual" Entity_Min="0" Entity_Max="0" />
      <Variants>
        <Variant PrefabLibrary="Prefabs/Library_Destructible.xml" PrefabName="UsualObject.Destructible_UsualObject_3x4_1" />
        <Variant PrefabLibrary="Prefabs/Library_Destructible.xml" PrefabName="UsualObject.Destructible_UsualObject_3x4_2" />
        <Variant PrefabLibrary="Prefabs/Library_Destructible.xml" PrefabName="UsualObject.Destructible_UsualObject_3x4_3" />
        <Variant PrefabLibrary="Prefabs/Library_Destructible.xml" PrefabName="UsualObject.Destructible_UsualObject_3x4_4" />
        <Variant PrefabLibrary="Prefabs/Library_Destructible.xml" PrefabName="UsualObject.Destructible_UsualObject_3x4_5" />
        <Variant PrefabLibrary="Prefabs/Library_Destructible.xml" PrefabName="UsualObject.Destructible_UsualObject_3x4_6" />
        <Variant PrefabLibrary="Prefabs/Library_Destructible.xml" PrefabName="UsualObject.Destructible_UsualObject_3x4_7" />
        <Variant PrefabLibrary="Prefabs/Library_Destructible.xml" PrefabName="UsualObject.Destructible_UsualObject_3x4_8" />
      </Variants>
    </Entry>
    <Entry Weight="1">
      <Budget Mode="manual" Entity_Min="0" Entity_Max="0" />
      <Variants>
        <Variant PrefabLibrary="Prefabs/Library_Destructible.xml" PrefabName="UsualObject.Destructible_UsualObject_4x8_1" />
        <Variant PrefabLibrary="Prefabs/Library_Destructible.xml" PrefabName="UsualObject.Destructible_UsualObject_4x8_2" />
        <Variant PrefabLibrary="Prefabs/Library_Destructible.xml" PrefabName="UsualObject.Destructible_UsualObject_4x8_3" />
        <Variant PrefabLibrary="Prefabs/Library_Destructible.xml" PrefabName="UsualObject.Destructible_UsualObject_4x8_4" />
        <Variant PrefabLibrary="Prefabs/Library_Destructible.xml" PrefabName="UsualObject.Destructible_UsualObject_4x8_5" />
        <Variant PrefabLibrary="Prefabs/Library_Destructible.xml" PrefabName="UsualObject.Destructible_UsualObject_4x8_6" />
      </Variants>
    </Entry>
  </EntityList>
  <EntityList Name="list_destroyables_natural">
    <Entry Weight="1">
      <Budget Mode="manual" Entity_Min="0" Entity_Max="0" />
      <Variants>
        <Variant PrefabLibrary="Prefabs/Library_Destructible.xml" PrefabName="Natural.Destructible_Natural_2x2_1" />
        <Variant PrefabLibrary="Prefabs/Library_Destructible.xml" PrefabName="Natural.Destructible_Natural_2x2_2" />
        <Variant PrefabLibrary="Prefabs/Library_Destructible.xml" PrefabName="Natural.Destructible_Natural_2x2_3" />
        <Variant PrefabLibrary="Prefabs/Library_Destructible.xml" PrefabName="Natural.Destructible_Natural_2x2_4" />
        <Variant PrefabLibrary="Prefabs/Library_Destructible.xml" PrefabName="Natural.Destructible_Natural_2x2_5" />
        <Variant PrefabLibrary="Prefabs/Library_Destructible.xml" PrefabName="Natural.Destructible_Natural_2x2_6" />
      </Variants>
    </Entry>
    <Entry Weight="1">
      <Budget Mode="manual" Entity_Min="0" Entity_Max="0" />
      <Variants>
        <Variant PrefabLibrary="Prefabs/Library_Destructible.xml" PrefabName="Natural.Destructible_Natural_3x4_1" />
        <Variant PrefabLibrary="Prefabs/Library_Destructible.xml" PrefabName="Natural.Destructible_Natural_3x4_2" />
        <Variant PrefabLibrary="Prefabs/Library_Destructible.xml" PrefabName="Natural.Destructible_Natural_3x4_3" />
        <Variant PrefabLibrary="Prefabs/Library_Destructible.xml" PrefabName="Natural.Destructible_Natural_3x4_4" />
        <Variant PrefabLibrary="Prefabs/Library_Destructible.xml" PrefabName="Natural.Destructible_Natural_3x4_5" />
        <Variant PrefabLibrary="Prefabs/Library_Destructible.xml" PrefabName="Natural.Destructible_Natural_3x4_6" />
      </Variants>
    </Entry>
    <Entry Weight="1">
      <Budget Mode="manual" Entity_Min="0" Entity_Max="0" />
      <Variants>
        <Variant PrefabLibrary="Prefabs/Library_Destructible.xml" PrefabName="Natural.Destructible_Natural_4x8_1" />
        <Variant PrefabLibrary="Prefabs/Library_Destructible.xml" PrefabName="Natural.Destructible_Natural_4x8_2" />
        <Variant PrefabLibrary="Prefabs/Library_Destructible.xml" PrefabName="Natural.Destructible_Natural_4x8_3" />
        <Variant PrefabLibrary="Prefabs/Library_Destructible.xml" PrefabName="Natural.Destructible_Natural_4x8_4" />
        <Variant PrefabLibrary="Prefabs/Library_Destructible.xml" PrefabName="Natural.Destructible_Natural_4x8_5" />
        <Variant PrefabLibrary="Prefabs/Library_Destructible.xml" PrefabName="Natural.Destructible_Natural_4x8_6" />
      </Variants>
    </Entry>
  </EntityList>
  <EntityList Name="list_destroyables_stormfall">
    <Entry Weight="1">
      <Budget Mode="manual" Entity_Min="0" Entity_Max="0" />
      <Variants>
        <Variant PrefabLibrary="Prefabs/Library_Destructible.xml" PrefabName="Stormfall.Destructible_Stormfall_2x2_1" />
        <Variant PrefabLibrary="Prefabs/Library_Destructible.xml" PrefabName="Stormfall.Destructible_Stormfall_2x2_2" />
        <Variant PrefabLibrary="Prefabs/Library_Destructible.xml" PrefabName="Stormfall.Destructible_Stormfall_2x2_3" />
        <Variant PrefabLibrary="Prefabs/Library_Destructible.xml" PrefabName="Stormfall.Destructible_Stormfall_2x2_4" />
      </Variants>
    </Entry>
    <Entry Weight="1">
      <Budget Mode="manual" Entity_Min="0" Entity_Max="0" />
      <Variants>
        <Variant PrefabLibrary="Prefabs/Library_Destructible.xml" PrefabName="Stormfall.Destructible_Stormfall_3x4_1" />
        <Variant PrefabLibrary="Prefabs/Library_Destructible.xml" PrefabName="Stormfall.Destructible_Stormfall_3x4_2" />
        <Variant PrefabLibrary="Prefabs/Library_Destructible.xml" PrefabName="Stormfall.Destructible_Stormfall_3x4_3" />
        <Variant PrefabLibrary="Prefabs/Library_Destructible.xml" PrefabName="Stormfall.Destructible_Stormfall_3x4_4" />
      </Variants>
    </Entry>
    <Entry Weight="1">
      <Budget Mode="manual" Entity_Min="0" Entity_Max="0" />
      <Variants>
        <Variant PrefabLibrary="Prefabs/Library_Destructible.xml" PrefabName="Stormfall.Destructible_Stormfall_4x8_1" />
        <Variant PrefabLibrary="Prefabs/Library_Destructible.xml" PrefabName="Stormfall.Destructible_Stormfall_4x8_2" />
        <Variant PrefabLibrary="Prefabs/Library_Destructible.xml" PrefabName="Stormfall.Destructible_Stormfall_4x8_3" />
        <Variant PrefabLibrary="Prefabs/Library_Destructible.xml" PrefabName="Stormfall.Destructible_Stormfall_4x8_4" />
      </Variants>
    </Entry>
  </EntityList>
  <EntityList Name="list_destroyables_templar">
    <Entry Weight="1">
      <Budget Mode="manual" Entity_Min="0" Entity_Max="0" />
      <Variants>
        <Variant PrefabLibrary="Prefabs/Library_Destructible.xml" PrefabName="Templar.Destructible_Templar_2x2_1" />
        <Variant PrefabLibrary="Prefabs/Library_Destructible.xml" PrefabName="Templar.Destructible_Templar_2x2_2" />
        <Variant PrefabLibrary="Prefabs/Library_Destructible.xml" PrefabName="Templar.Destructible_Templar_2x2_3" />
        <Variant PrefabLibrary="Prefabs/Library_Destructible.xml" PrefabName="Templar.Destructible_Templar_2x2_4" />
        <Variant PrefabLibrary="Prefabs/Library_Destructible.xml" PrefabName="Templar.Destructible_Templar_2x2_5" />
        <Variant PrefabLibrary="Prefabs/Library_Destructible.xml" PrefabName="Templar.Destructible_Templar_2x2_6" />
      </Variants>
    </Entry>
    <Entry Weight="1">
      <Budget Mode="manual" Entity_Min="0" Entity_Max="0" />
      <Variants>
        <Variant PrefabLibrary="Prefabs/Library_Destructible.xml" PrefabName="Templar.Destructible_Templar_3x4_1" />
        <Variant PrefabLibrary="Prefabs/Library_Destructible.xml" PrefabName="Templar.Destructible_Templar_3x4_2" />
        <Variant PrefabLibrary="Prefabs/Library_Destructible.xml" PrefabName="Templar.Destructible_Templar_3x4_3" />
        <Variant PrefabLibrary="Prefabs/Library_Destructible.xml" PrefabName="Templar.Destructible_Templar_3x4_4" />
        <Variant PrefabLibrary="Prefabs/Library_Destructible.xml" PrefabName="Templar.Destructible_Templar_3x4_5" />
        <Variant PrefabLibrary="Prefabs/Library_Destructible.xml" PrefabName="Templar.Destructible_Templar_3x4_6" />
      </Variants>
    </Entry>
    <Entry Weight="1">
      <Budget Mode="manual" Entity_Min="0" Entity_Max="0" />
      <Variants>
        <Variant PrefabLibrary="Prefabs/Library_Destructible.xml" PrefabName="Templar.Destructible_Templar_4x8_1" />
        <Variant PrefabLibrary="Prefabs/Library_Destructible.xml" PrefabName="Templar.Destructible_Templar_4x8_2" />
        <Variant PrefabLibrary="Prefabs/Library_Destructible.xml" PrefabName="Templar.Destructible_Templar_4x8_3" />
        <Variant PrefabLibrary="Prefabs/Library_Destructible.xml" PrefabName="Templar.Destructible_Templar_4x8_4" />
        <Variant PrefabLibrary="Prefabs/Library_Destructible.xml" PrefabName="Templar.Destructible_Templar_4x8_5" />
        <Variant PrefabLibrary="Prefabs/Library_Destructible.xml" PrefabName="Templar.Destructible_Templar_4x8_6" />
      </Variants>
    </Entry>
  </EntityList>
</MetaData>