<MetaData>
  <EntityList Name="list_gameplay_ingredients_cofe">
    <Entry Weight="1">
      <Budget Mode="manual" Entity_Min="0" Entity_Max="0" />
      <Variants>
        <Variant PrefabLibrary="Prefabs/Library_GameplayIngredient.xml" PrefabName="CultOfFlesh_Ingredient.DeadTrunk_Lootable" />
      </Variants>
    </Entry>
    <Entry Weight="1">
      <Budget Mode="manual" Entity_Min="0" Entity_Max="0" />
      <Variants>
        <Variant PrefabLibrary="Prefabs/Library_GameplayIngredient.xml" PrefabName="CultOfFlesh_Ingredient.FleshBarricade_01_Destroyable" />
        <Variant PrefabLibrary="Prefabs/Library_GameplayIngredient.xml" PrefabName="CultOfFlesh_Ingredient.FleshBarricade_02_Destroyable" />
        <Variant PrefabLibrary="Prefabs/Library_GameplayIngredient.xml" PrefabName="CultOfFlesh_Ingredient.FleshBarricade_03_Destroyable" />
        <Variant PrefabLibrary="Prefabs/Library_GameplayIngredient.xml" PrefabName="CultOfFlesh_Ingredient.FleshBarricade_04_Destroyable" />
      </Variants>
    </Entry>
  </EntityList>
  <EntityList Name="list_gameplay_ingredients_necropolis">
    <Entry Weight="1">
      <Budget Mode="manual" Entity_Min="0" Entity_Max="0" />
      <Variants>
        <Variant PrefabLibrary="Prefabs/Library_GameplayIngredient.xml" PrefabName="Necropolis_Ingredient.BurialJar_X3_01" />
        <Variant PrefabLibrary="Prefabs/Library_GameplayIngredient.xml" PrefabName="Necropolis_Ingredient.BurialJar_X3_02" />
      </Variants>
    </Entry>
    <Entry Weight="1">
      <Budget Mode="manual" Entity_Min="0" Entity_Max="0" />
      <Variants>
        <Variant PrefabLibrary="Prefabs/Library_GameplayIngredient.xml" PrefabName="Necropolis_Ingredient.BurialJar_X5_01" />
        <Variant PrefabLibrary="Prefabs/Library_GameplayIngredient.xml" PrefabName="Necropolis_Ingredient.BurialJar_X5_02" />
      </Variants>
    </Entry>
    <Entry Weight="1">
      <Budget Mode="manual" Entity_Min="0" Entity_Max="0" />
      <Variants>
        <Variant PrefabLibrary="Prefabs/Library_GameplayIngredient.xml" PrefabName="Necropolis_Ingredient.BurialJar_X8_01" />
        <Variant PrefabLibrary="Prefabs/Library_GameplayIngredient.xml" PrefabName="Necropolis_Ingredient.BurialJar_X8_02" />
      </Variants>
    </Entry>
  </EntityList>
</MetaData>