<MetaData>
  <EntityList Name="list_lootables_svriir">
    <Entry Weight="1">
      <Budget Mode="manual" Entity_Min="0" Entity_Max="0" />
      <Variants>
        <Variant PrefabLibrary="Prefabs/Library_Lootable.xml" PrefabName="Svriirs.Lootable_Svriir_FoodPouch" />
      </Variants>
    </Entry>
  </EntityList>
  <EntityList Name="list_lootables_stormfall">
    <Entry Weight="1">
      <Budget Mode="manual" Entity_Min="0" Entity_Max="0" />
      <Variants>
        <Variant PrefabLibrary="Prefabs/Library_Lootable.xml" PrefabName="Stormfall.Lootable_Stormfall_MilitaryCrate" />
      </Variants>
    </Entry>
    <Entry Weight="1">
      <Budget Mode="manual" Entity_Min="0" Entity_Max="0" />
      <Variants>
        <Variant PrefabLibrary="Prefabs/Library_Lootable.xml" PrefabName="Stormfall.Lootable_Stormfall_WeaponRack01" />
        <Variant PrefabLibrary="Prefabs/Library_Lootable.xml" PrefabName="Stormfall.Lootable_Stormfall_WeaponRack02" />
      </Variants>
    </Entry>
  </EntityList>
  <EntityList Name="list_lootables_usual">
    <Entry Weight="1">
      <Budget Mode="manual" Entity_Min="0" Entity_Max="0" />
      <Variants>
        <Variant PrefabLibrary="Prefabs/Library_Lootable.xml" PrefabName="Usual.Lootable_UsualObject_PreciousBox" />
      </Variants>
    </Entry>
  </EntityList>
  <EntityList Name="list_lootables_necropolis">
    <Entry Weight="1">
      <Budget Mode="manual" Entity_Min="0" Entity_Max="0" />
      <Variants>
        <Variant PrefabLibrary="Prefabs/Library_Lootable.xml" PrefabName="Necropolis.Lootable_Necropolis_Coffin" />
      </Variants>
    </Entry>
  </EntityList>
  <EntityList Name="list_lootables_stormfall_soldier">
    <Entry Weight="1">
      <Budget Mode="manual" Entity_Min="0" Entity_Max="0" />
      <Variants>
        <Variant PrefabLibrary="Prefabs/Library_Lootable.xml" PrefabName="StormfallSoldier.Lootable_StormFallSoldier_DC_LyingGround_1" />
        <Variant PrefabLibrary="Prefabs/Library_Lootable.xml" PrefabName="StormfallSoldier.Lootable_StormFallSoldier_DC_LyingGround_2" />
        <Variant PrefabLibrary="Prefabs/Library_Lootable.xml" PrefabName="StormfallSoldier.Lootable_StormFallSoldier_DC_LyingGround_3" />
      </Variants>
    </Entry>
    <Entry Weight="1">
      <Budget Mode="manual" Entity_Min="0" Entity_Max="0" />
      <Variants>
        <Variant PrefabLibrary="Prefabs/Library_Lootable.xml" PrefabName="StormfallSoldier.Lootable_StormFallSoldier_DC_Sitting_1" />
        <Variant PrefabLibrary="Prefabs/Library_Lootable.xml" PrefabName="StormfallSoldier.Lootable_StormFallSoldier_DC_Sitting_2" />
        <Variant PrefabLibrary="Prefabs/Library_Lootable.xml" PrefabName="StormfallSoldier.Lootable_StormFallSoldier_DC_Sitting_3" />
      </Variants>
    </Entry>
    <Entry Weight="1">
      <Budget Mode="manual" Entity_Min="0" Entity_Max="0" />
      <Variants>
        <Variant PrefabLibrary="Prefabs/Library_Lootable.xml" PrefabName="StormfallSoldier.Lootable_StormFallSoldier_DC_LyingWall_1" />
        <Variant PrefabLibrary="Prefabs/Library_Lootable.xml" PrefabName="StormfallSoldier.Lootable_StormFallSoldier_DC_LyingWall_2" />
      </Variants>
    </Entry>
  </EntityList>
  <EntityList Name="list_lootables_citizen">
    <Entry Weight="1">
      <Budget Mode="manual" Entity_Min="0" Entity_Max="0" />
      <Variants>
        <Variant PrefabLibrary="Prefabs/Library_Lootable.xml" PrefabName="Citizen.Lootable_Citizen_DC_Hung_1" />
        <Variant PrefabLibrary="Prefabs/Library_Lootable.xml" PrefabName="Citizen.Lootable_Citizen_DC_Hung_2" />
        <Variant PrefabLibrary="Prefabs/Library_Lootable.xml" PrefabName="Citizen.Lootable_Citizen_DC_Hung_3" />
        <Variant PrefabLibrary="Prefabs/Library_Lootable.xml" PrefabName="Citizen.Lootable_Citizen_DC_Hung_4" />
      </Variants>
    </Entry>
  </EntityList>
  <EntityList Name="list_lootables_villager">
    <Entry Weight="1">
      <Budget Mode="manual" Entity_Min="0" Entity_Max="0" />
      <Variants>
        <Variant PrefabLibrary="Prefabs/Library_Lootable.xml" PrefabName="Villager.Lootable_Villager_DC_LyingGround_1" />
        <Variant PrefabLibrary="Prefabs/Library_Lootable.xml" PrefabName="Villager.Lootable_Villager_DC_LyingGround_2" />
        <Variant PrefabLibrary="Prefabs/Library_Lootable.xml" PrefabName="Villager.Lootable_Villager_DC_LyingGround_3" />
        <Variant PrefabLibrary="Prefabs/Library_Lootable.xml" PrefabName="Villager.Lootable_Villager_DC_LyingGround_4" />
      </Variants>
    </Entry>
    <Entry Weight="1">
      <Budget Mode="manual" Entity_Min="0" Entity_Max="0" />
      <Variants>
        <Variant PrefabLibrary="Prefabs/Library_Lootable.xml" PrefabName="Villager.Lootable_Villager_DC_Sitting_1" />
        <Variant PrefabLibrary="Prefabs/Library_Lootable.xml" PrefabName="Villager.Lootable_Villager_DC_Sitting_2" />
        <Variant PrefabLibrary="Prefabs/Library_Lootable.xml" PrefabName="Villager.Lootable_Villager_DC_Sitting_3" />
        <Variant PrefabLibrary="Prefabs/Library_Lootable.xml" PrefabName="Villager.Lootable_Villager_DC_Sitting_4" />
      </Variants>
    </Entry>
  </EntityList>
  <EntityList Name="list_lootables_noble">
    <Entry Weight="1">
      <Budget Mode="manual" Entity_Min="0" Entity_Max="0" />
      <Variants>
        <Variant PrefabLibrary="Prefabs/Library_Lootable.xml" PrefabName="Noble.Lootable_Noble_DC_LyingGround_1" />
        <Variant PrefabLibrary="Prefabs/Library_Lootable.xml" PrefabName="Noble.Lootable_Noble_DC_LyingGround_2" />
      </Variants>
    </Entry>
    <Entry Weight="1">
      <Budget Mode="manual" Entity_Min="0" Entity_Max="0" />
      <Variants>
        <Variant PrefabLibrary="Prefabs/Library_Lootable.xml" PrefabName="Noble.Lootable_Noble_DC_Sitting_1" />
        <Variant PrefabLibrary="Prefabs/Library_Lootable.xml" PrefabName="Noble.Lootable_Noble_DC_Sitting_2" />
      </Variants>
    </Entry>
  </EntityList>
  <EntityList Name="list_lootables_adventurer">
    <Entry Weight="1">
      <Budget Mode="manual" Entity_Min="0" Entity_Max="0" />
      <Variants>
        <Variant PrefabLibrary="Prefabs/Library_Lootable.xml" PrefabName="Adventurer.Lootable_Adventurer_DC_LyingGround_1" />
        <Variant PrefabLibrary="Prefabs/Library_Lootable.xml" PrefabName="Adventurer.Lootable_Adventurer_DC_LyingGround_2" />
        <Variant PrefabLibrary="Prefabs/Library_Lootable.xml" PrefabName="Adventurer.Lootable_Adventurer_DC_LyingGround_3" />
        <Variant PrefabLibrary="Prefabs/Library_Lootable.xml" PrefabName="Adventurer.Lootable_Adventurer_DC_LyingGround_4" />
      </Variants>
    </Entry>
    <Entry Weight="1">
      <Budget Mode="manual" Entity_Min="0" Entity_Max="0" />
      <Variants>
        <Variant PrefabLibrary="Prefabs/Library_Lootable.xml" PrefabName="Adventurer.Lootable_Adventurer_DC_Sitting_1" />
        <Variant PrefabLibrary="Prefabs/Library_Lootable.xml" PrefabName="Adventurer.Lootable_Adventurer_DC_Sitting_2" />
        <Variant PrefabLibrary="Prefabs/Library_Lootable.xml" PrefabName="Adventurer.Lootable_Adventurer_DC_Sitting_3" />
        <Variant PrefabLibrary="Prefabs/Library_Lootable.xml" PrefabName="Adventurer.Lootable_Adventurer_DC_Sitting_4" />
      </Variants>
    </Entry>
  </EntityList>
  <EntityList Name="list_lootables_hotpp">
    <Entry Weight="1">
      <Budget Mode="manual" Entity_Min="0" Entity_Max="0" />
      <Variants>
        <Variant PrefabLibrary="Prefabs/Library_Lootable.xml" PrefabName="HOTPP.Lootable_HOTPP_DC_LyingGround_1" />
        <Variant PrefabLibrary="Prefabs/Library_Lootable.xml" PrefabName="HOTPP.Lootable_HOTPP_DC_LyingGround_2" />
        <Variant PrefabLibrary="Prefabs/Library_Lootable.xml" PrefabName="HOTPP.Lootable_HOTPP_DC_LyingGround_3" />
        <Variant PrefabLibrary="Prefabs/Library_Lootable.xml" PrefabName="HOTPP.Lootable_HOTPP_DC_LyingGround_4" />
      </Variants>
    </Entry>
    <Entry Weight="1">
      <Budget Mode="manual" Entity_Min="0" Entity_Max="0" />
      <Variants>
        <Variant PrefabLibrary="Prefabs/Library_Lootable.xml" PrefabName="HOTPP.Lootable_HOTPP_DC_Sitting_1" />
        <Variant PrefabLibrary="Prefabs/Library_Lootable.xml" PrefabName="HOTPP.Lootable_HOTPP_DC_Sitting_2" />
        <Variant PrefabLibrary="Prefabs/Library_Lootable.xml" PrefabName="HOTPP.Lootable_HOTPP_DC_Sitting_3" />
        <Variant PrefabLibrary="Prefabs/Library_Lootable.xml" PrefabName="HOTPP.Lootable_HOTPP_DC_Sitting_4" />
      </Variants>
    </Entry>
  </EntityList>
  <EntityList Name="list_lootables_svriir_victim">
    <Entry Weight="1">
      <Budget Mode="manual" Entity_Min="0" Entity_Max="0" />
      <Variants>
        <Variant PrefabLibrary="Prefabs/Library_Lootable.xml" PrefabName="SvriirVictim.Lootable_SvriirVictim_DC_LyingGround_1" />
        <Variant PrefabLibrary="Prefabs/Library_Lootable.xml" PrefabName="SvriirVictim.Lootable_SvriirVictim_DC_LyingGround_2" />
        <Variant PrefabLibrary="Prefabs/Library_Lootable.xml" PrefabName="SvriirVictim.Lootable_SvriirVictim_DC_LyingGround_3" />
        <Variant PrefabLibrary="Prefabs/Library_Lootable.xml" PrefabName="SvriirVictim.Lootable_SvriirVictim_DC_LyingGround_4" />
      </Variants>
    </Entry>
    <Entry Weight="1">
      <Budget Mode="manual" Entity_Min="0" Entity_Max="0" />
      <Variants>
        <Variant PrefabLibrary="Prefabs/Library_Lootable.xml" PrefabName="SvriirVictim.Lootable_SvriirVictim_DC_Sitting_1" />
        <Variant PrefabLibrary="Prefabs/Library_Lootable.xml" PrefabName="SvriirVictim.Lootable_SvriirVictim_DC_Sitting_2" />
        <Variant PrefabLibrary="Prefabs/Library_Lootable.xml" PrefabName="SvriirVictim.Lootable_SvriirVictim_DC_Sitting_3" />
        <Variant PrefabLibrary="Prefabs/Library_Lootable.xml" PrefabName="SvriirVictim.Lootable_SvriirVictim_DC_Sitting_4" />
      </Variants>
    </Entry>
  </EntityList>
  <EntityList Name="list_lootables_tps">
    <Entry Weight="1">
      <Budget Mode="manual" Entity_Min="0" Entity_Max="0" />
      <Variants>
        <Variant PrefabLibrary="Prefabs/Library_Lootable.xml" PrefabName="TPS.Lootable_TPS_Altar" />
      </Variants>
    </Entry>
  </EntityList>
</MetaData>