<MetaData>
  <ArenaWaves Name="Svriirs_Raid_Part1">
    <Wave Type="killcount" TargetKillCount="50" Tag="1">
      <PrefabParams PrefabName="arena_svriirsraid_part1" />
      <MobSpawners>
        <Spawner DelayBeforeFirstSpawn="0" Type="once" TargetSpawnClass="Sc_svriir_B_svriirsraid" NumberOfEntitiesPerSpawn="1" TargetSpawnLocationID="1" />
        <Spawner DelayBeforeFirstSpawn="0" Type="once" TargetSpawnClass="Sc_svriir_B_svriirsraid" NumberOfEntitiesPerSpawn="1" TargetSpawnLocationID="2" />
        <Spawner DelayBeforeFirstSpawn="0" Type="once" TargetSpawnClass="Sc_svriir_B_svriirsraid" NumberOfEntitiesPerSpawn="1" TargetSpawnLocationID="3" />
        <Spawner DelayBeforeFirstSpawn="0" Type="once" TargetSpawnClass="Sc_svriir_B_svriirsraid" NumberOfEntitiesPerSpawn="1" TargetSpawnLocationID="4" />
        <Spawner DelayBeforeFirstSpawn="0" Type="once" TargetSpawnClass="Sc_svriir_B_svriirsraid" NumberOfEntitiesPerSpawn="1" TargetSpawnLocationID="5" />
        <Spawner DelayBeforeFirstSpawn="2" Type="fill_forever" TargetSpawnClass="Sc_svriir_B_svriirsraid" NumberOfEntitiesPerSpawn="1" SpawnFrequency="2.5" MaxActiveSpawnedEntities="3" TargetSpawnLocationID="1" />
        <Spawner DelayBeforeFirstSpawn="2.5" Type="fill_forever" TargetSpawnClass="Sc_svriir_B_svriirsraid" NumberOfEntitiesPerSpawn="1" SpawnFrequency="2.5" MaxActiveSpawnedEntities="3" TargetSpawnLocationID="2" />
        <Spawner DelayBeforeFirstSpawn="3" Type="fill_forever" TargetSpawnClass="Sc_svriir_B_svriirsraid" NumberOfEntitiesPerSpawn="1" SpawnFrequency="2.5" MaxActiveSpawnedEntities="3" TargetSpawnLocationID="3" />
        <Spawner DelayBeforeFirstSpawn="4.5" Type="fill_forever" TargetSpawnClass="Sc_svriir_B_svriirsraid" NumberOfEntitiesPerSpawn="1" SpawnFrequency="2.5" MaxActiveSpawnedEntities="3" TargetSpawnLocationID="4" />
        <Spawner DelayBeforeFirstSpawn="5" Type="fill_forever" TargetSpawnClass="Sc_svriir_B_svriirsraid" NumberOfEntitiesPerSpawn="1" SpawnFrequency="2.5" MaxActiveSpawnedEntities="3" TargetSpawnLocationID="5" />
        <Spawner DelayBeforeFirstSpawn="5" Type="fill" TargetSpawnClass="Sc_svriir_O_svriirsraid" NumberOfEntitiesPerSpawn="1" SpawnFrequency="3.5" MaxNumberOfSpawnedEntities="3" MaxActiveSpawnedEntities="2" TargetSpawnLocationID="6" />
        <Spawner DelayBeforeFirstSpawn="6" Type="fill" TargetSpawnClass="Sc_svriir_O_svriirsraid" NumberOfEntitiesPerSpawn="1" SpawnFrequency="3.5" MaxNumberOfSpawnedEntities="3" MaxActiveSpawnedEntities="2" TargetSpawnLocationID="7" />
      </MobSpawners>
    </Wave>
    <Wave Type="killcount" TargetKillCount="70" Tag="2">
      <PrefabParams PrefabName="arena_svriirsraid_part1" />
      <MobSpawners>
        <Spawner DelayBeforeFirstSpawn="6" Type="once" TargetSpawnClass="Sc_svriir_B_svriirsraid" NumberOfEntitiesPerSpawn="1" TargetSpawnLocationID="9" />
        <Spawner DelayBeforeFirstSpawn="6" Type="once" TargetSpawnClass="Sc_svriir_B_svriirsraid" NumberOfEntitiesPerSpawn="1" TargetSpawnLocationID="10" />
        <Spawner DelayBeforeFirstSpawn="6" Type="once" TargetSpawnClass="Sc_svriir_B_svriirsraid" NumberOfEntitiesPerSpawn="1" TargetSpawnLocationID="11" />
        <Spawner DelayBeforeFirstSpawn="6" Type="once" TargetSpawnClass="Sc_svriir_B_svriirsraid" NumberOfEntitiesPerSpawn="1" TargetSpawnLocationID="12" />
        <Spawner DelayBeforeFirstSpawn="6" Type="once" TargetSpawnClass="Sc_svriir_B_svriirsraid" NumberOfEntitiesPerSpawn="1" TargetSpawnLocationID="16" />
        <Spawner DelayBeforeFirstSpawn="6" Type="once" TargetSpawnClass="Sc_svriir_B_svriirsraid" NumberOfEntitiesPerSpawn="1" TargetSpawnLocationID="14" />
        <Spawner DelayBeforeFirstSpawn="6" Type="once" TargetSpawnClass="Sc_svriir_B_svriirsraid" NumberOfEntitiesPerSpawn="1" TargetSpawnLocationID="17" />
        <Spawner DelayBeforeFirstSpawn="9" Type="fill_forever" TargetSpawnClass="Sc_svriir_B_svriirsraid" NumberOfEntitiesPerSpawn="1" SpawnFrequency="2.5" MaxActiveSpawnedEntities="3" TargetSpawnLocationID="9" />
        <Spawner DelayBeforeFirstSpawn="10" Type="fill_forever" TargetSpawnClass="Sc_svriir_B_svriirsraid" NumberOfEntitiesPerSpawn="1" SpawnFrequency="2.5" MaxActiveSpawnedEntities="3" TargetSpawnLocationID="10" />
        <Spawner DelayBeforeFirstSpawn="11" Type="fill_forever" TargetSpawnClass="Sc_svriir_B_svriirsraid" NumberOfEntitiesPerSpawn="1" SpawnFrequency="2.5" MaxActiveSpawnedEntities="3" TargetSpawnLocationID="11" />
        <Spawner DelayBeforeFirstSpawn="12" Type="fill_forever" TargetSpawnClass="Sc_svriir_B_svriirsraid" NumberOfEntitiesPerSpawn="1" SpawnFrequency="2.5" MaxActiveSpawnedEntities="3" TargetSpawnLocationID="12" />
        <Spawner DelayBeforeFirstSpawn="13" Type="fill_forever" TargetSpawnClass="Sc_svriir_B_svriirsraid" NumberOfEntitiesPerSpawn="1" SpawnFrequency="2.5" MaxActiveSpawnedEntities="3" TargetSpawnLocationID="13" />
        <Spawner DelayBeforeFirstSpawn="14" Type="fill_forever" TargetSpawnClass="Sc_svriir_B_svriirsraid" NumberOfEntitiesPerSpawn="1" SpawnFrequency="2.5" MaxActiveSpawnedEntities="3" TargetSpawnLocationID="14" />
        <Spawner DelayBeforeFirstSpawn="15" Type="fill_forever" TargetSpawnClass="Sc_svriir_B_svriirsraid" NumberOfEntitiesPerSpawn="1" SpawnFrequency="2.5" MaxActiveSpawnedEntities="3" TargetSpawnLocationID="17" />
        <Spawner DelayBeforeFirstSpawn="16" Type="fill" TargetSpawnClass="Sc_svriir_O_svriirsraid" NumberOfEntitiesPerSpawn="1" SpawnFrequency="3" MaxNumberOfSpawnedEntities="3" MaxActiveSpawnedEntities="3" TargetSpawnLocationID="15" />
        <Spawner DelayBeforeFirstSpawn="17" Type="fill" TargetSpawnClass="Sc_svriir_O_svriirsraid" NumberOfEntitiesPerSpawn="1" SpawnFrequency="3" MaxNumberOfSpawnedEntities="3" MaxActiveSpawnedEntities="3" TargetSpawnLocationID="16" />
      </MobSpawners>
    </Wave>
    <Wave Type="killtarget" Tag="3">
      <PrefabParams PrefabName="arena_svriirsraid_part1" />
      <KillTargets>
        <Entry ClassName="SvriirBetaSpitter" Amount="3" />
      </KillTargets>
      <MobSpawners>
        <Spawner DelayBeforeFirstSpawn="5" Type="once" NumberOfEntitiesPerSpawn="1" TargetSpawnClass="Sc_svriir_S_svriirsraid" TargetSpawnLocationID="101" />
        <Spawner DelayBeforeFirstSpawn="7" Type="fill_forever" TargetSpawnClass="Sc_svriir_O_svriirsraid" NumberOfEntitiesPerSpawn="1" SpawnFrequency="8" MaxActiveSpawnedEntities="1" TargetSpawnLocationID="19" />
        <Spawner DelayBeforeFirstSpawn="8" Type="fill_forever" TargetSpawnClass="Sc_svriir_O_svriirsraid" NumberOfEntitiesPerSpawn="1" SpawnFrequency="8" MaxActiveSpawnedEntities="1" TargetSpawnLocationID="20" />
        <Spawner DelayBeforeFirstSpawn="9" Type="fill_forever" TargetSpawnClass="Sc_svriir_O_svriirsraid" NumberOfEntitiesPerSpawn="1" SpawnFrequency="8" MaxActiveSpawnedEntities="1" TargetSpawnLocationID="21" />
        <Spawner DelayBeforeFirstSpawn="10" Type="fill_forever" TargetSpawnClass="Sc_svriir_O_svriirsraid" NumberOfEntitiesPerSpawn="1" SpawnFrequency="8" MaxActiveSpawnedEntities="1" TargetSpawnLocationID="22" />
        <Spawner DelayBeforeFirstSpawn="10" Type="once" NumberOfEntitiesPerSpawn="1" TargetSpawnClass="Sc_svriir_S_svriirsraid" TargetSpawnLocationID="100" />
        <Spawner DelayBeforeFirstSpawn="15" Type="once" NumberOfEntitiesPerSpawn="1" TargetSpawnClass="Sc_svriir_S_svriirsraid" TargetSpawnLocationID="102" />
      </MobSpawners>
    </Wave>
    <Wave Type="survival" TimeLimit="8" Tag="4">
      <PrefabParams PrefabName="arena_svriirsraid_part1" />
      <MobSpawners>
        <Spawner DelayBeforeFirstSpawn="2" Type="until_spawn_count" TargetSpawnClass="Sc_svriir_B_svriirsraid" NumberOfEntitiesPerSpawn="1" SpawnFrequency="3" TargetSpawnLocationID="200" MaxNumberOfSpawnedEntities="10" />
        <Spawner DelayBeforeFirstSpawn="2.5" Type="until_spawn_count" TargetSpawnClass="Sc_svriir_B_svriirsraid" NumberOfEntitiesPerSpawn="1" SpawnFrequency="3" TargetSpawnLocationID="201" MaxNumberOfSpawnedEntities="10" />
        <Spawner DelayBeforeFirstSpawn="3" Type="until_spawn_count" TargetSpawnClass="Sc_svriir_B_svriirsraid" NumberOfEntitiesPerSpawn="1" SpawnFrequency="3" TargetSpawnLocationID="202" MaxNumberOfSpawnedEntities="10" />
        <Spawner DelayBeforeFirstSpawn="3.5" Type="until_spawn_count" TargetSpawnClass="Sc_svriir_B_svriirsraid" NumberOfEntitiesPerSpawn="1" SpawnFrequency="3" TargetSpawnLocationID="203" MaxNumberOfSpawnedEntities="10" />
        <Spawner DelayBeforeFirstSpawn="4" Type="until_spawn_count" TargetSpawnClass="Sc_svriir_B_svriirsraid" NumberOfEntitiesPerSpawn="1" SpawnFrequency="3" TargetSpawnLocationID="204" MaxNumberOfSpawnedEntities="10" />
        <Spawner DelayBeforeFirstSpawn="4.5" Type="until_spawn_count" TargetSpawnClass="Sc_svriir_B_svriirsraid" NumberOfEntitiesPerSpawn="1" SpawnFrequency="3" TargetSpawnLocationID="205" MaxNumberOfSpawnedEntities="10" />
      </MobSpawners>
    </Wave>
  </ArenaWaves>
</MetaData>