<MetaData>
  <BaseEntity ID="CultOfFury_Halfbreed" EntityName="" Scale="1" CanKillAllies="0" />
  <Faction Name="CultOfFury" />
  <Keywords Value="" />
  <SpawnClassParams SpawnLevelMin="1" SpawnLevelMax="60" SpawnWeight="1" />
  <Attributes Archetype="archetype_trash" HealthModifier="1" DamageModifier="1" XPModifier="1" Protection="" />
  <Movement MovementSpeed="4" WalkSpeed="4" />
  <InterruptionParams InterruptChance="1.00" />
  <StunParams IgnoreStunChance="0" StunCooldown="6" FreezeCooldown="6" />
  <BlownAwayParams CanBeBlownAway="1" BlownAwayAnimationTag="" />
  <DefaultBossModifiers />
  <LootClass>
    <Loot Class="LC_trash" fProba="1" />
  </LootClass>
  <AliveLootPreset Name="AliveLoot_Trash" />
  <Corpses PresetName="TrashCadaverPreset" />
  <BasicAIParams ClampToNavmesh="1" MaxTurnRate="360" UseAvoidance="0" />
  <Kythera>
    <Behavior Name="Generic" />
    <Perception>
      <Proximity DayMaxDistance="17" NightMaxDistance="17" DetectionTime="0.01" />
    </Perception>
    <BT FleeOnLowHealthChance="0.0" EngageRange="20.0" MeleeAttack="False" FallBack="True" IdleWander="False" />
    <Movement ClampToNavMesh="True" />
    <Target SticknessBias="30.0" DistanceBias="6.0" DamageBias="0.0" AggressionBias="1.0" AggressionDecay="10.0" Category="None" />
  </Kythera>
  <Skills />
  <HUD UIName="" ZIconOffset="1" />
  <Spawn SpawnAnimation="rise_out_ground" TransparencyAtSpawn="0" />
  <Death UseDeathAnimation="1" DeathSkill="" />
  <GameplayParticles PresetName="size_Deathcloak" />
  <Capsules>
    <EntityPhysics ColliderSize="1,1,0.5" IsPushable="0" />
    <MouseSelection SelectionCapsuleRadius="1" SelectionCapsuleHeight="1" SelectionCapsuleZOffset="0" />
    <ProjectileCollision ProjectileCapsuleRadius="1" ProjectileCapsuleHeight="3.0" CanSnapOnCenterWhenColliding="1" />
  </Capsules>
  <VisualParams>
    <HitParticleParams BaseHitScale="1" DirectionalHitScale="1" CriticalHitScale="1" />
    <BloodDecals Preset="default" OverrideScale="1" />
  </VisualParams>
  <Audio SwitchSoundName="" />
</MetaData>