<CursedChestAltarPresets>
  <CursedChest PresetName="CursedChest_Altar_Common" Weight="1" SpawnRadius="15" Geometry="objects/props/flayers_props/chest_classic_anim.cga" SpawnOffset="0,0,0">
    <Loot>
      <Rarity Tier="Low" Normal="1000" Magic="3000" Rare="1000" Legendary="50" />
    </Loot>
    <Spawn>
      <Low Weight="1">
        <SpawnClass SpawnClass="sc_Adv_NPC2_CommonCC_1" Weight="1" />
        <SpawnClass SpawnClass="sc_Adv_NPC2_CommonCC_2" Weight="1" />
        <SpawnClass SpawnClass="sc_Adv_NPC2_CommonCC_3" Weight="1" />
        <SpawnClass SpawnClass="sc_Adv_NPC2_CommonCC_4" Weight="1" />
        <SpawnClass SpawnClass="sc_Adv_NPC2_CommonCC_5" Weight="1" />
        <SpawnClass SpawnClass="sc_Adv_NPC2_CommonCC_6" Weight="1" />
        <SpawnClass SpawnClass="sc_Adv_NPC2_CommonCC_7" Weight="1" />
        <SpawnClass SpawnClass="sc_Adv_NPC2_CommonCC_8" Weight="1" />
      </Low>
    </Spawn>
    <MagicEffects>
      <EIM Name="movespeed" Permanent="1" HUDDesc="@ui_eim_move_speed">
        <Semantics SpeedPercentInt="100" />
      </EIM>
    </MagicEffects>
    <Particles>
      <Particle Key="Permanent" VFXName="U_CommonVFX.Cursed_Chest.Cursed_Chest_01" Direction="0,1,0" Offset="0,0,0" Scale="1.3" />
      <Particle Key="OnActivation" VFXName="U_CommonVFX.Cursed_Chest.Cursed_Chest_01_Activate" Direction="0,1,0" Offset="0,0,0" Scale="1" />
      <Particle Key="OnDeactivation" VFXName="U_CommonVFX.Cursed_Chest.Cursed_Chest_01_Clear" Direction="0,1,0" Offset="0,0,1" Scale="2" />
      <Particle Key="Mark" VFXName="U_CommonVFX.Altars.Monster_Indicator_01_Red" Direction="0,1,0" Scale="0.3" Offset="0,0,0" Bone="Bip01" />
    </Particles>
  </CursedChest>
  <CursedChest PresetName="CursedChest_Altar_Uncommon" Weight="1" SpawnRadius="15" Geometry="objects/props/flayers_props/chest_classic_anim.cga" SpawnOffset="0,0,0">
    <Loot>
      <Rarity Tier="Middle" Normal="0" Magic="100" Rare="100" Legendary="1" />
    </Loot>
    <Spawn>
      <Middle Weight="1">
        <SpawnClass SpawnClass="sc_Adv_NPC2_UncommonCC_1" Weight="1" />
        <SpawnClass SpawnClass="sc_Adv_NPC2_UncommonCC_2" Weight="1" />
        <SpawnClass SpawnClass="sc_Adv_NPC2_UncommonCC_3" Weight="1" />
        <SpawnClass SpawnClass="sc_Adv_NPC2_UncommonCC_4" Weight="1" />
        <SpawnClass SpawnClass="sc_Adv_NPC2_UncommonCC_5" Weight="1" />
        <SpawnClass SpawnClass="sc_Adv_NPC2_UncommonCC_6" Weight="1" />
        <SpawnClass SpawnClass="sc_Adv_NPC2_UncommonCC_7" Weight="1" />
        <SpawnClass SpawnClass="sc_Adv_NPC2_UncommonCC_8" Weight="1" />
      </Middle>
    </Spawn>
    <MagicEffects>
      <EIM Name="movespeed" Permanent="1" HUDDesc="@ui_eim_move_speed">
        <Semantics SpeedPercentInt="100" />
      </EIM>
    </MagicEffects>
    <Particles>
      <Particle Key="Permanent" VFXName="U_CommonVFX.Cursed_Chest.Cursed_Chest_02" Direction="0,1,0" Offset="0,0,0" Scale="1.5" />
      <Particle Key="OnActivation" VFXName="U_CommonVFX.Cursed_Chest.Cursed_Chest_02_Activate" Direction="0,1,0" Offset="0,0,0" Scale="1" />
      <Particle Key="OnDeactivation" VFXName="U_CommonVFX.Cursed_Chest.Cursed_Chest_02_Clear" Direction="0,1,0" Offset="0,0,1" Scale="2" />
      <Particle Key="Mark" VFXName="U_CommonVFX.Altars.Monster_Indicator_01_Red" Direction="0,1,0" Scale="0.3" Offset="0,0,0" Bone="Bip01" />
    </Particles>
  </CursedChest>
  <CursedChest PresetName="CursedChest_Altar_Rare" Weight="1" SpawnRadius="15" Geometry="objects/props/flayers_props/chest_classic_anim.cga" SpawnOffset="0,0,0">
    <Loot>
      <Rarity Tier="High" Normal="0" Magic="100" Rare="200" Legendary="2" />
    </Loot>
    <Spawn>
      <High Weight="1">
        <SpawnClass SpawnClass="sc_Adv_NPC2_RareCC_1" Weight="1" />
        <SpawnClass SpawnClass="sc_Adv_NPC2_RareCC_1" Weight="1" />
        <SpawnClass SpawnClass="sc_Adv_NPC2_RareCC_1" Weight="1" />
        <SpawnClass SpawnClass="sc_Adv_NPC2_RareCC_1" Weight="1" />
        <SpawnClass SpawnClass="sc_Adv_NPC2_RareCC_1" Weight="1" />
        <SpawnClass SpawnClass="sc_Adv_NPC2_RareCC_1" Weight="1" />
        <SpawnClass SpawnClass="sc_Adv_NPC2_RareCC_1" Weight="1" />
        <SpawnClass SpawnClass="sc_Adv_NPC2_RareCC_1" Weight="1" />
      </High>
    </Spawn>
    <MagicEffects>
      <EIM Name="movespeed" Permanent="1" HUDDesc="@ui_eim_move_speed">
        <Semantics SpeedPercentInt="100" />
      </EIM>
    </MagicEffects>
    <Particles>
      <Particle Key="Permanent" VFXName="U_CommonVFX.Cursed_Chest.Cursed_Chest_03" Direction="0,1,0" Offset="0,0,0" Scale="1.75" />
      <Particle Key="OnActivation" VFXName="U_CommonVFX.Cursed_Chest.Cursed_Chest_03_Activate" Direction="0,1,0" Offset="0,0,0" Scale="1" />
      <Particle Key="OnDeactivation" VFXName="U_CommonVFX.Cursed_Chest.Cursed_Chest_03_Clear" Direction="0,1,0" Offset="0,0,1" Scale="2" />
      <Particle Key="Mark" VFXName="U_CommonVFX.Altars.Monster_Indicator_01_Red" Direction="0,1,0" Scale="0.3" Offset="0,0,0" Bone="Bip01" />
    </Particles>
  </CursedChest>
  <CursedChest PresetName="CursedChest_Altar_Legendary" Weight="1" SpawnRadius="15" Geometry="objects/props/flayers_props/chest_classic_anim.cga" SpawnOffset="0,0,0">
    <Loot>
      <Rarity Tier="Highest" Normal="0" Magic="100" Rare="300" Legendary="20" />
    </Loot>
    <Spawn>
      <Highest Weight="1">
        <SpawnClass SpawnClass="sc_Adv_NPC2_LegendaryCC_1" Weight="1" />
        <SpawnClass SpawnClass="sc_Adv_NPC2_LegendaryCC_2" Weight="1" />
        <SpawnClass SpawnClass="sc_Adv_NPC2_LegendaryCC_3" Weight="1" />
        <SpawnClass SpawnClass="sc_Adv_NPC2_LegendaryCC_4" Weight="1" />
        <SpawnClass SpawnClass="sc_Adv_NPC2_LegendaryCC_5" Weight="1" />
        <SpawnClass SpawnClass="sc_Adv_NPC2_LegendaryCC_6" Weight="1" />
        <SpawnClass SpawnClass="sc_Adv_NPC2_LegendaryCC_7" Weight="1" />
        <SpawnClass SpawnClass="sc_Adv_NPC2_LegendaryCC_8" Weight="1" />
      </Highest>
    </Spawn>
    <MagicEffects>
      <EIM Name="movespeed" Permanent="1" HUDDesc="@ui_eim_move_speed">
        <Semantics SpeedPercentInt="100" />
      </EIM>
    </MagicEffects>
    <Particles>
      <Particle Key="Permanent" VFXName="U_CommonVFX.Cursed_Chest.Cursed_Chest_04" Direction="0,1,0" Offset="0,0,0" Scale="2" />
      <Particle Key="OnActivation" VFXName="U_CommonVFX.Cursed_Chest.Cursed_Chest_04_Activate" Direction="0,1,0" Offset="0,0,0" Scale="1" />
      <Particle Key="OnDeactivation" VFXName="U_CommonVFX.Cursed_Chest.Cursed_Chest_04_Clear" Direction="0,1,0" Offset="0,0,1" Scale="2" />
      <Particle Key="Mark" VFXName="U_CommonVFX.Altars.Monster_Indicator_01_Red" Direction="0,1,0" Scale="0.3" Offset="0,0,0" Bone="Bip01" />
    </Particles>
  </CursedChest>
</CursedChestAltarPresets>