<CursedChestAltarPresets>
  <CursedChest PresetName="CursedChest_Altar_Common_A1_Forest" Weight="1" SpawnRadius="15" Geometry="objects/props/flayers_props/chest_classic_anim.cga" SpawnOffset="0,0,0">
    <Loot>
      <Rarity Tier="Low" Normal="1000" Magic="3000" Rare="1000" Legendary="50" />
    </Loot>
    <Spawn>
      <Low Weight="1">
        <SpawnClass SpawnClass="sc_Sty_ACT1_Forest_CommonCC_1" Weight="1" />
        <SpawnClass SpawnClass="sc_Sty_ACT1_Forest_CommonCC_2" Weight="1" />
        <SpawnClass SpawnClass="sc_Sty_ACT1_Forest_CommonCC_3" Weight="1" />
      </Low>
    </Spawn>
    <MagicEffects>
      <EIM Name="movespeed" Permanent="1" HUDDesc="@ui_eim_move_speed">
        <Semantics SpeedPercentInt="100" />
      </EIM>
    </MagicEffects>
    <Particles>
      <Particle Key="Permanent" VFXName="U_CommonVFX.Cursed_Chest.Cursed_Chest_01" Direction="0,1,0" Offset="0,0,0" Scale="1.3" />
      <Particle Key="OnActivation" VFXName="U_CommonVFX.Cursed_Chest.Cursed_Chest_01_Activate" Direction="0,1,0" Offset="0,0,0" Scale="1" />
      <Particle Key="OnDeactivation" VFXName="U_CommonVFX.Cursed_Chest.Cursed_Chest_01_Clear" Direction="0,1,0" Offset="0,0,1" Scale="2" />
      <Particle Key="Mark" VFXName="U_CommonVFX.Altars.Monster_Indicator_01_Red" Direction="0,1,0" Scale="0.3" Offset="0,0,0" Bone="Bip01" />
    </Particles>
  </CursedChest>
  <CursedChest PresetName="CursedChest_Altar_Common_A1_SmugglersPath" Weight="1" SpawnRadius="15" Geometry="objects/props/flayers_props/chest_classic_anim.cga" SpawnOffset="0,0,0">
    <Loot>
      <Rarity Tier="Low" Normal="1000" Magic="3000" Rare="1000" Legendary="50" />
    </Loot>
    <Spawn>
      <Low Weight="1">
        <SpawnClass SpawnClass="sc_Sty_ACT1_SmugglersPath_CommonCC_1" Weight="1" />
        <SpawnClass SpawnClass="sc_Sty_ACT1_SmugglersPath_CommonCC_2" Weight="1" />
        <SpawnClass SpawnClass="sc_Sty_ACT1_SmugglersPath_CommonCC_3" Weight="1" />
      </Low>
    </Spawn>
    <MagicEffects>
      <EIM Name="movespeed" Permanent="1" HUDDesc="@ui_eim_move_speed">
        <Semantics SpeedPercentInt="100" />
      </EIM>
    </MagicEffects>
    <Particles>
      <Particle Key="Permanent" VFXName="U_CommonVFX.Cursed_Chest.Cursed_Chest_01" Direction="0,1,0" Offset="0,0,0" Scale="1.3" />
      <Particle Key="OnActivation" VFXName="U_CommonVFX.Cursed_Chest.Cursed_Chest_01_Activate" Direction="0,1,0" Offset="0,0,0" Scale="1" />
      <Particle Key="OnDeactivation" VFXName="U_CommonVFX.Cursed_Chest.Cursed_Chest_01_Clear" Direction="0,1,0" Offset="0,0,1" Scale="2" />
      <Particle Key="Mark" VFXName="U_CommonVFX.Altars.Monster_Indicator_01_Red" Direction="0,1,0" Scale="0.3" Offset="0,0,0" Bone="Bip01" />
    </Particles>
  </CursedChest>
  <CursedChest PresetName="CursedChest_Altar_Common_A1_Necropolis1" Weight="1" SpawnRadius="15" Geometry="objects/props/flayers_props/chest_classic_anim.cga" SpawnOffset="0,0,0">
    <Loot>
      <Rarity Tier="Low" Normal="1000" Magic="3000" Rare="1000" Legendary="50" />
    </Loot>
    <Spawn>
      <Low Weight="1">
        <SpawnClass SpawnClass="sc_Sty_ACT1_Necropolis1_CommonCC_1" Weight="1" />
        <SpawnClass SpawnClass="sc_Sty_ACT1_Necropolis1_CommonCC_2" Weight="1" />
        <SpawnClass SpawnClass="sc_Sty_ACT1_Necropolis1_CommonCC_3" Weight="1" />
      </Low>
    </Spawn>
    <MagicEffects>
      <EIM Name="movespeed" Permanent="1" HUDDesc="@ui_eim_move_speed">
        <Semantics SpeedPercentInt="100" />
      </EIM>
    </MagicEffects>
    <Particles>
      <Particle Key="Permanent" VFXName="U_CommonVFX.Cursed_Chest.Cursed_Chest_01" Direction="0,1,0" Offset="0,0,0" Scale="1.3" />
      <Particle Key="OnActivation" VFXName="U_CommonVFX.Cursed_Chest.Cursed_Chest_01_Activate" Direction="0,1,0" Offset="0,0,0" Scale="1" />
      <Particle Key="OnDeactivation" VFXName="U_CommonVFX.Cursed_Chest.Cursed_Chest_01_Clear" Direction="0,1,0" Offset="0,0,1" Scale="2" />
      <Particle Key="Mark" VFXName="U_CommonVFX.Altars.Monster_Indicator_01_Red" Direction="0,1,0" Scale="0.3" Offset="0,0,0" Bone="Bip01" />
    </Particles>
  </CursedChest>
  <CursedChest PresetName="CursedChest_Altar_Common_A1_Necropolis2" Weight="1" SpawnRadius="15" Geometry="objects/props/flayers_props/chest_classic_anim.cga" SpawnOffset="0,0,0">
    <Loot>
      <Rarity Tier="Low" Normal="1000" Magic="3000" Rare="1000" Legendary="50" />
    </Loot>
    <Spawn>
      <Low Weight="1">
        <SpawnClass SpawnClass="sc_Sty_ACT1_Necropolis2_CommonCC_1" Weight="1" />
        <SpawnClass SpawnClass="sc_Sty_ACT1_Necropolis2_CommonCC_2" Weight="1" />
        <SpawnClass SpawnClass="sc_Sty_ACT1_Necropolis2_CommonCC_3" Weight="1" />
      </Low>
    </Spawn>
    <MagicEffects>
      <EIM Name="movespeed" Permanent="1" HUDDesc="@ui_eim_move_speed">
        <Semantics SpeedPercentInt="100" />
      </EIM>
    </MagicEffects>
    <Particles>
      <Particle Key="Permanent" VFXName="U_CommonVFX.Cursed_Chest.Cursed_Chest_01" Direction="0,1,0" Offset="0,0,0" Scale="1.3" />
      <Particle Key="OnActivation" VFXName="U_CommonVFX.Cursed_Chest.Cursed_Chest_01_Activate" Direction="0,1,0" Offset="0,0,0" Scale="1" />
      <Particle Key="OnDeactivation" VFXName="U_CommonVFX.Cursed_Chest.Cursed_Chest_01_Clear" Direction="0,1,0" Offset="0,0,1" Scale="2" />
      <Particle Key="Mark" VFXName="U_CommonVFX.Altars.Monster_Indicator_01_Red" Direction="0,1,0" Scale="0.3" Offset="0,0,0" Bone="Bip01" />
    </Particles>
  </CursedChest>
  <CursedChest PresetName="CursedChest_Altar_Common_A1_NecropoliS3" Weight="1" SpawnRadius="15" Geometry="objects/props/flayers_props/chest_classic_anim.cga" SpawnOffset="0,0,0">
    <Loot>
      <Rarity Tier="Low" Normal="1000" Magic="3000" Rare="1000" Legendary="50" />
    </Loot>
    <Spawn>
      <Low Weight="1">
        <SpawnClass SpawnClass="sc_Sty_ACT1_Necropolis2_CommonCC_1" Weight="1" />
        <SpawnClass SpawnClass="sc_Sty_ACT1_Necropolis2_CommonCC_2" Weight="1" />
        <SpawnClass SpawnClass="sc_Sty_ACT1_Necropolis2_CommonCC_3" Weight="1" />
      </Low>
    </Spawn>
    <MagicEffects>
      <EIM Name="movespeed" Permanent="1" HUDDesc="@ui_eim_move_speed">
        <Semantics SpeedPercentInt="100" />
      </EIM>
    </MagicEffects>
    <Particles>
      <Particle Key="Permanent" VFXName="U_CommonVFX.Cursed_Chest.Cursed_Chest_01" Direction="0,1,0" Offset="0,0,0" Scale="1.3" />
      <Particle Key="OnActivation" VFXName="U_CommonVFX.Cursed_Chest.Cursed_Chest_01_Activate" Direction="0,1,0" Offset="0,0,0" Scale="1" />
      <Particle Key="OnDeactivation" VFXName="U_CommonVFX.Cursed_Chest.Cursed_Chest_01_Clear" Direction="0,1,0" Offset="0,0,1" Scale="2" />
      <Particle Key="Mark" VFXName="U_CommonVFX.Altars.Monster_Indicator_01_Red" Direction="0,1,0" Scale="0.3" Offset="0,0,0" Bone="Bip01" />
    </Particles>
  </CursedChest>
  <CursedChest PresetName="CursedChest_Altar_Common_A1_TPS1" Weight="1" SpawnRadius="15" Geometry="objects/props/flayers_props/chest_classic_anim.cga" SpawnOffset="0,0,0">
    <Loot>
      <Rarity Tier="Low" Normal="1000" Magic="3000" Rare="1000" Legendary="50" />
    </Loot>
    <Spawn>
      <Low Weight="1">
        <SpawnClass SpawnClass="sc_Sty_ACT1_TPS1_CommonCC_1" Weight="1" />
        <SpawnClass SpawnClass="sc_Sty_ACT1_TPS1_CommonCC_2" Weight="1" />
      </Low>
    </Spawn>
    <MagicEffects>
      <EIM Name="movespeed" Permanent="1" HUDDesc="@ui_eim_move_speed">
        <Semantics SpeedPercentInt="100" />
      </EIM>
    </MagicEffects>
    <Particles>
      <Particle Key="Permanent" VFXName="U_CommonVFX.Cursed_Chest.Cursed_Chest_01" Direction="0,1,0" Offset="0,0,0" Scale="1.3" />
      <Particle Key="OnActivation" VFXName="U_CommonVFX.Cursed_Chest.Cursed_Chest_01_Activate" Direction="0,1,0" Offset="0,0,0" Scale="1" />
      <Particle Key="OnDeactivation" VFXName="U_CommonVFX.Cursed_Chest.Cursed_Chest_01_Clear" Direction="0,1,0" Offset="0,0,1" Scale="2" />
      <Particle Key="Mark" VFXName="U_CommonVFX.Altars.Monster_Indicator_01_Red" Direction="0,1,0" Scale="0.3" Offset="0,0,0" Bone="Bip01" />
    </Particles>
  </CursedChest>
  <CursedChest PresetName="CursedChest_Altar_Uncommon_A1_TPS1" Weight="1" SpawnRadius="15" Geometry="objects/props/flayers_props/chest_classic_anim.cga" SpawnOffset="0,0,0">
    <Loot>
      <Rarity Tier="Low" Normal="1000" Magic="3000" Rare="1000" Legendary="50" />
    </Loot>
    <Spawn>
      <Low Weight="1">
        <SpawnClass SpawnClass="sc_Sty_ACT1_TPS1_UncommonCC_1" Weight="1" />
        <SpawnClass SpawnClass="sc_Sty_ACT1_TPS1_UncommonCC_2" Weight="1" />
      </Low>
    </Spawn>
    <MagicEffects>
      <EIM Name="movespeed" Permanent="1" HUDDesc="@ui_eim_move_speed">
        <Semantics SpeedPercentInt="100" />
      </EIM>
    </MagicEffects>
    <Particles>
      <Particle Key="Permanent" VFXName="U_CommonVFX.Cursed_Chest.Cursed_Chest_01" Direction="0,1,0" Offset="0,0,0" Scale="1.3" />
      <Particle Key="OnActivation" VFXName="U_CommonVFX.Cursed_Chest.Cursed_Chest_01_Activate" Direction="0,1,0" Offset="0,0,0" Scale="1" />
      <Particle Key="OnDeactivation" VFXName="U_CommonVFX.Cursed_Chest.Cursed_Chest_01_Clear" Direction="0,1,0" Offset="0,0,1" Scale="2" />
      <Particle Key="Mark" VFXName="U_CommonVFX.Altars.Monster_Indicator_01_Red" Direction="0,1,0" Scale="0.3" Offset="0,0,0" Bone="Bip01" />
    </Particles>
  </CursedChest>
  <CursedChest PresetName="CursedChest_Altar_Common_A1_TPS2" Weight="1" SpawnRadius="15" Geometry="objects/props/flayers_props/chest_classic_anim.cga" SpawnOffset="0,0,0">
    <Loot>
      <Rarity Tier="Low" Normal="1000" Magic="3000" Rare="1000" Legendary="50" />
    </Loot>
    <Spawn>
      <Low Weight="1">
        <SpawnClass SpawnClass="sc_Sty_ACT1_TPS2_CommonCC_1" Weight="1" />
        <SpawnClass SpawnClass="sc_Sty_ACT1_TPS2_CommonCC_2" Weight="1" />
      </Low>
    </Spawn>
    <MagicEffects>
      <EIM Name="movespeed" Permanent="1" HUDDesc="@ui_eim_move_speed">
        <Semantics SpeedPercentInt="100" />
      </EIM>
    </MagicEffects>
    <Particles>
      <Particle Key="Permanent" VFXName="U_CommonVFX.Cursed_Chest.Cursed_Chest_01" Direction="0,1,0" Offset="0,0,0" Scale="1.3" />
      <Particle Key="OnActivation" VFXName="U_CommonVFX.Cursed_Chest.Cursed_Chest_01_Activate" Direction="0,1,0" Offset="0,0,0" Scale="1" />
      <Particle Key="OnDeactivation" VFXName="U_CommonVFX.Cursed_Chest.Cursed_Chest_01_Clear" Direction="0,1,0" Offset="0,0,1" Scale="2" />
      <Particle Key="Mark" VFXName="U_CommonVFX.Altars.Monster_Indicator_01_Red" Direction="0,1,0" Scale="0.3" Offset="0,0,0" Bone="Bip01" />
    </Particles>
  </CursedChest>
  <CursedChest PresetName="CursedChest_Altar_Uncommon_A1_TPS2" Weight="1" SpawnRadius="15" Geometry="objects/props/flayers_props/chest_classic_anim.cga" SpawnOffset="0,0,0">
    <Loot>
      <Rarity Tier="Low" Normal="1000" Magic="3000" Rare="1000" Legendary="50" />
    </Loot>
    <Spawn>
      <Low Weight="1">
        <SpawnClass SpawnClass="sc_Sty_ACT1_TPS2_UncommonCC_1" Weight="1" />
        <SpawnClass SpawnClass="sc_Sty_ACT1_TPS2_UncommonCC_2" Weight="1" />
      </Low>
    </Spawn>
    <MagicEffects>
      <EIM Name="movespeed" Permanent="1" HUDDesc="@ui_eim_move_speed">
        <Semantics SpeedPercentInt="100" />
      </EIM>
    </MagicEffects>
    <Particles>
      <Particle Key="Permanent" VFXName="U_CommonVFX.Cursed_Chest.Cursed_Chest_01" Direction="0,1,0" Offset="0,0,0" Scale="1.3" />
      <Particle Key="OnActivation" VFXName="U_CommonVFX.Cursed_Chest.Cursed_Chest_01_Activate" Direction="0,1,0" Offset="0,0,0" Scale="1" />
      <Particle Key="OnDeactivation" VFXName="U_CommonVFX.Cursed_Chest.Cursed_Chest_01_Clear" Direction="0,1,0" Offset="0,0,1" Scale="2" />
      <Particle Key="Mark" VFXName="U_CommonVFX.Altars.Monster_Indicator_01_Red" Direction="0,1,0" Scale="0.3" Offset="0,0,0" Bone="Bip01" />
    </Particles>
  </CursedChest>
  <CursedChest PresetName="CursedChest_Altar_Common_A1_TPS3" Weight="1" SpawnRadius="15" Geometry="objects/props/flayers_props/chest_classic_anim.cga" SpawnOffset="0,0,0">
    <Loot>
      <Rarity Tier="Low" Normal="1000" Magic="3000" Rare="1000" Legendary="50" />
    </Loot>
    <Spawn>
      <Low Weight="1">
        <SpawnClass SpawnClass="sc_Sty_ACT1_TPS3_CommonCC_1" Weight="1" />
        <SpawnClass SpawnClass="sc_Sty_ACT1_TPS3_CommonCC_1" Weight="1" />
      </Low>
    </Spawn>
    <MagicEffects>
      <EIM Name="movespeed" Permanent="1" HUDDesc="@ui_eim_move_speed">
        <Semantics SpeedPercentInt="100" />
      </EIM>
    </MagicEffects>
    <Particles>
      <Particle Key="Permanent" VFXName="U_CommonVFX.Cursed_Chest.Cursed_Chest_01" Direction="0,1,0" Offset="0,0,0" Scale="1.3" />
      <Particle Key="OnActivation" VFXName="U_CommonVFX.Cursed_Chest.Cursed_Chest_01_Activate" Direction="0,1,0" Offset="0,0,0" Scale="1" />
      <Particle Key="OnDeactivation" VFXName="U_CommonVFX.Cursed_Chest.Cursed_Chest_01_Clear" Direction="0,1,0" Offset="0,0,1" Scale="2" />
      <Particle Key="Mark" VFXName="U_CommonVFX.Altars.Monster_Indicator_01_Red" Direction="0,1,0" Scale="0.3" Offset="0,0,0" Bone="Bip01" />
    </Particles>
  </CursedChest>
  <CursedChest PresetName="CursedChest_Altar_Uncommon_A1_TPS3" Weight="1" SpawnRadius="15" Geometry="objects/props/flayers_props/chest_classic_anim.cga" SpawnOffset="0,0,0">
    <Loot>
      <Rarity Tier="Low" Normal="1000" Magic="3000" Rare="1000" Legendary="50" />
    </Loot>
    <Spawn>
      <Low Weight="1">
        <SpawnClass SpawnClass="sc_Sty_ACT1_TPS3_UncommonCC_1" Weight="1" />
        <SpawnClass SpawnClass="sc_Sty_ACT1_TPS3_UncommonCC_2" Weight="1" />
      </Low>
    </Spawn>
    <MagicEffects>
      <EIM Name="movespeed" Permanent="1" HUDDesc="@ui_eim_move_speed">
        <Semantics SpeedPercentInt="100" />
      </EIM>
    </MagicEffects>
    <Particles>
      <Particle Key="Permanent" VFXName="U_CommonVFX.Cursed_Chest.Cursed_Chest_01" Direction="0,1,0" Offset="0,0,0" Scale="1.3" />
      <Particle Key="OnActivation" VFXName="U_CommonVFX.Cursed_Chest.Cursed_Chest_01_Activate" Direction="0,1,0" Offset="0,0,0" Scale="1" />
      <Particle Key="OnDeactivation" VFXName="U_CommonVFX.Cursed_Chest.Cursed_Chest_01_Clear" Direction="0,1,0" Offset="0,0,1" Scale="2" />
      <Particle Key="Mark" VFXName="U_CommonVFX.Altars.Monster_Indicator_01_Red" Direction="0,1,0" Scale="0.3" Offset="0,0,0" Bone="Bip01" />
    </Particles>
  </CursedChest>
</CursedChestAltarPresets>