<MetaData>
  <Book Level="1" PrimordialAffinity="100" />
  <Book Level="2" PrimordialAffinity="200" />
  <Book Level="3" PrimordialAffinity="300" />
  <Book Level="4" PrimordialAffinity="400" />
  <Book Level="5" PrimordialAffinity="500" />
  <Book Level="6" PrimordialAffinity="600" />
  <Book Level="7" PrimordialAffinity="700" />
  <Book Level="8" PrimordialAffinity="800" />
  <Book Level="9" PrimordialAffinity="900" />
  <Book Level="10" PrimordialAffinity="1000" />
  <Book Level="11" PrimordialAffinity="1100" />
  <Book Level="12" PrimordialAffinity="1200" />
  <Book Level="13" PrimordialAffinity="1300" />
  <Book Level="14" PrimordialAffinity="1400" />
  <Book Level="15" PrimordialAffinity="1500" />
  <Book Level="16" PrimordialAffinity="1600" />
  <Book Level="17" PrimordialAffinity="1700" />
  <Book Level="18" PrimordialAffinity="1800" />
  <Book Level="19" PrimordialAffinity="1900" />
  <Book Level="20" PrimordialAffinity="2000" />
  <Book Level="21" PrimordialAffinity="5000" />
  <Book Level="22" PrimordialAffinity="10217" />
  <Book Level="23" PrimordialAffinity="10217" />
  <Book Level="24" PrimordialAffinity="10217" />
  <Book Level="25" PrimordialAffinity="10217" />
  <Book Level="26" PrimordialAffinity="10217" />
  <Book Level="27" PrimordialAffinity="10217" />
  <Book Level="28" PrimordialAffinity="10217" />
  <Book Level="29" PrimordialAffinity="10217" />
  <Book Level="30" PrimordialAffinity="10217" />
  <Book Level="31" PrimordialAffinity="10217" />
  <Book Level="32" PrimordialAffinity="10217" />
  <Book Level="33" PrimordialAffinity="10217" />
  <Book Level="34" PrimordialAffinity="10217" />
  <Book Level="35" PrimordialAffinity="10217" />
  <Book Level="36" PrimordialAffinity="10217" />
  <Book Level="37" PrimordialAffinity="10217" />
  <Book Level="38" PrimordialAffinity="10217" />
  <Book Level="39" PrimordialAffinity="10217" />
  <Book Level="40" PrimordialAffinity="10217" />
  <Book Level="41" PrimordialAffinity="10217" />
  <Book Level="42" PrimordialAffinity="10217" />
  <Book Level="43" PrimordialAffinity="10217" />
  <Book Level="44" PrimordialAffinity="10217" />
  <Book Level="45" PrimordialAffinity="10217" />
  <Book Level="46" PrimordialAffinity="10217" />
  <Book Level="47" PrimordialAffinity="10217" />
  <Book Level="48" PrimordialAffinity="10217" />
  <Book Level="49" PrimordialAffinity="10217" />
  <Book Level="50" PrimordialAffinity="10217" />
  <Book Level="51" PrimordialAffinity="10217" />
  <Book Level="52" PrimordialAffinity="10217" />
  <Book Level="53" PrimordialAffinity="10217" />
  <Book Level="54" PrimordialAffinity="10217" />
  <Book Level="55" PrimordialAffinity="10217" />
  <Book Level="56" PrimordialAffinity="10217" />
  <Book Level="57" PrimordialAffinity="10217" />
  <Book Level="58" PrimordialAffinity="10217" />
  <Book Level="59" PrimordialAffinity="10217" />
  <Book Level="60" PrimordialAffinity="10217" />
</MetaData>