<MetaData>
  <ConstructionElement Id="Zombie" Category="Creatures" ElementName="@ui_AIName_Zombie" Type="ai_spawner" Icon="..\u_resources\housing\Ground\Housing_Ground_2.jpg" WoodCost="0" RockCost="0" IronCost="0" GoldCost="1" AIClassName="Zombie" AIModel="Objects\characters\mobs\zombies\zombie2.cdf" AIAnimation="zombie_idle1" AICount="5" AIRadius="3" AOERadius="3" AvailableInHousing="0" AvailableInDungeonChallenge="1">
    <Element Name="" IsMainEntity="1" BaseEntity="DungeonChallengeAISpawner" PositionOffset="0,0,0" Rotation="0,0,0" Model="" />
  </ConstructionElement>
  <ConstructionElement Id="OrcBrute1" Category="Creatures" ElementName="@ui_AIName_OrcBrute" Type="ai_spawner" Icon="..\u_resources\housing\Ground\Housing_Ground_2.jpg" WoodCost="0" RockCost="0" IronCost="0" GoldCost="1" AIClassName="OrcBrute1" AIModel="objects/characters/mobs/orcs/orc_maillon.cdf" AIAnimation="orc_idle2" AICount="1" AIRadius="2" AOERadius="3" AvailableInHousing="0" AvailableInDungeonChallenge="1">
    <Element Name="" IsMainEntity="1" BaseEntity="DungeonChallengeAISpawner" PositionOffset="0,0,0" Rotation="0,0,0" Model="" />
  </ConstructionElement>
  <ConstructionElement Id="Orc_Charger" Category="Creatures" ElementName="@ui_AIName_OrcCharger" Type="ai_spawner" Icon="..\u_resources\housing\Ground\Housing_Ground_2.jpg" WoodCost="0" RockCost="0" IronCost="0" GoldCost="1" AIClassName="Orc_Charger" AIModel="objects/characters/mobs/orcs/orc_chargeur.cdf" AIAnimation="orc_idle2" AICount="1" AIRadius="2" AOERadius="5" AvailableInHousing="0" AvailableInDungeonChallenge="1">
    <Element Name="" IsMainEntity="1" BaseEntity="DungeonChallengeAISpawner" PositionOffset="0,0,0" Rotation="0,0,0" Model="" />
  </ConstructionElement>
  <ConstructionElement Id="Ogre" Category="Creatures" ElementName="@ui_AIName_Ogre" Type="ai_spawner" Icon="..\u_resources\housing\Ground\Housing_Ground_2.jpg" WoodCost="0" RockCost="0" IronCost="0" GoldCost="1" AIClassName="Ogre" AIModel="Objects/characters/mobs/ogres/ogre.cdf" AIAnimation="ogre_Idle" AICount="1" AIRadius="2" AOERadius="5" AvailableInHousing="0" AvailableInDungeonChallenge="1">
    <Element Name="" IsMainEntity="1" BaseEntity="DungeonChallengeAISpawner" PositionOffset="0,0,0" Rotation="0,0,0" Model="" />
  </ConstructionElement>
  <ConstructionElement Id="Ghoul" Category="Creatures" ElementName="@ui_AIName_Ghoul" Type="ai_spawner" Icon="..\u_resources\housing\Ground\Housing_Ground_2.jpg" WoodCost="0" RockCost="0" IronCost="0" GoldCost="1" AIClassName="Ghoul" AIModel="objects/characters/mobs/goules/goule.cdf" AIAnimation="goule_idle_01" AICount="1" AIRadius="2" AOERadius="5" AvailableInHousing="0" AvailableInDungeonChallenge="1">
    <Element Name="" IsMainEntity="1" BaseEntity="DungeonChallengeAISpawner" PositionOffset="0,0,0" Rotation="0,0,0" Model="" />
  </ConstructionElement>
</MetaData>