<MetaData>
  <ConstructionElement Id="Floor02" Category="Floor" ElementName="@ui_Floor02" Type="Floor" XSize="1" YSize="1" Icon="../u_resources\housing\Ground\Housing_Ground_2.jpg" WoodCost="0" RockCost="0" IronCost="0" GoldCost="1" AvailableInHousing="1" AvailableInDungeonChallenge="0">
    <Element Name="" IsMainEntity="1" BaseEntity="ConstructionElement" PositionOffset="0,0,0" Rotation="0,0,0" Model="Game\Objects\Housing\Grounds\Housing_ground_4_4_02.cgf" />
  </ConstructionElement>
  <ConstructionElement Id="Floor03" Category="Floor" ElementName="@ui_Floor03" Type="Floor" XSize="1" YSize="1" Icon="../u_resources\housing\Ground\Housing_Ground_3.jpg" WoodCost="0" RockCost="0" IronCost="0" GoldCost="1" AvailableInHousing="1" AvailableInDungeonChallenge="0">
    <Element Name="" IsMainEntity="1" BaseEntity="ConstructionElement" PositionOffset="0,0,0" Rotation="0,0,0" Model="Game\Objects\Housing\Grounds\Housing_ground_4_4_03.cgf" />
  </ConstructionElement>
  <ConstructionElement Id="Floor04" Category="Floor" ElementName="@ui_Floor04" Type="Floor" XSize="1" YSize="1" Icon="../u_resources\housing\Ground\Housing_Ground_4.jpg" WoodCost="0" RockCost="0" IronCost="0" GoldCost="3" AvailableInHousing="1" AvailableInDungeonChallenge="0">
    <Element Name="" IsMainEntity="1" BaseEntity="ConstructionElement" PositionOffset="0,0,0" Rotation="0,0,0" Model="Game\Objects\Housing\Grounds\Housing_ground_4_4_04.cgf" />
  </ConstructionElement>
  <ConstructionElement Id="Floor05" Category="Floor" ElementName="@ui_Floor05" Type="Floor" XSize="1" YSize="1" Icon="../u_resources\housing\Ground\Housing_Ground_6.jpg" WoodCost="0" RockCost="0" IronCost="0" GoldCost="2" AvailableInHousing="1" AvailableInDungeonChallenge="0">
    <Element Name="" IsMainEntity="1" BaseEntity="ConstructionElement" PositionOffset="0,0,0" Rotation="0,0,0" Model="Game\Objects\Housing\Grounds\Housing_ground_4_4_06.cgf" />
  </ConstructionElement>
  <ConstructionElement Id="Floor07" Category="Floor" ElementName="@ui_Floor07" Type="Floor" XSize="1" YSize="1" Icon="../u_resources\housing\Ground\Housing_Ground_7.jpg" WoodCost="0" RockCost="0" IronCost="0" GoldCost="3" AvailableInHousing="1" AvailableInDungeonChallenge="0">
    <Element Name="" IsMainEntity="1" BaseEntity="ConstructionElement" PositionOffset="0,0,0" Rotation="0,0,0" Model="Game\Objects\Housing\Grounds\Housing_ground_4_4_07.cgf" />
  </ConstructionElement>
  <ConstructionElement Id="Floor08" Category="Floor" ElementName="@ui_Floor08" Type="Floor" XSize="1" YSize="1" Icon="../u_resources\housing\Ground\Housing_Ground_8.jpg" WoodCost="0" RockCost="0" IronCost="0" GoldCost="5" AvailableInHousing="1" AvailableInDungeonChallenge="0">
    <Element Name="" IsMainEntity="1" BaseEntity="ConstructionElement" PositionOffset="0,0,0" Rotation="0,0,0" Model="Game\Objects\Housing\Grounds\Housing_ground_4_4_08.cgf" />
  </ConstructionElement>
  <ConstructionElement Id="Floor09" Category="Floor" ElementName="@ui_Floor09" Type="Floor" XSize="1" YSize="1" Icon="../u_resources\housing\Ground\Housing_Ground_9.jpg" WoodCost="0" RockCost="0" IronCost="0" GoldCost="5" AvailableInHousing="1" AvailableInDungeonChallenge="0">
    <Element Name="" IsMainEntity="1" BaseEntity="ConstructionElement" PositionOffset="0,0,0" Rotation="0,0,0" Model="Game\Objects\Housing\Grounds\Housing_ground_4_4_09.cgf" />
  </ConstructionElement>
  <ConstructionElement Id="Floor10" Category="Floor" ElementName="@ui_Floor10" Type="Floor" XSize="1" YSize="1" Icon="../u_resources\housing\Ground\Housing_Ground_10.jpg" WoodCost="0" RockCost="0" IronCost="0" GoldCost="5" AvailableInHousing="1" AvailableInDungeonChallenge="0">
    <Element Name="" IsMainEntity="1" BaseEntity="ConstructionElement" PositionOffset="0,0,0" Rotation="0,0,0" Model="Game\Objects\Housing\Grounds\Housing_ground_4_4_10.cgf" />
  </ConstructionElement>
  <ConstructionElement Id="Floor11" Category="Floor" ElementName="@ui_Floor11" Type="Floor" XSize="1" YSize="1" Icon="../u_resources\housing\Ground\Housing_Ground_11.jpg" WoodCost="0" RockCost="0" IronCost="0" GoldCost="5" AvailableInHousing="1" AvailableInDungeonChallenge="0">
    <Element Name="" IsMainEntity="1" BaseEntity="ConstructionElement" PositionOffset="0,0,0" Rotation="0,0,0" Model="Game\Objects\Housing\Grounds\Housing_ground_4_4_11.cgf" />
  </ConstructionElement>
  <ConstructionElement Id="Floor12" Category="Floor" ElementName="@ui_Floor12" Type="Floor" XSize="1" YSize="1" Icon="../u_resources\housing\Ground\Housing_Ground_12.jpg" WoodCost="0" RockCost="0" IronCost="0" GoldCost="6" AvailableInHousing="1" AvailableInDungeonChallenge="0">
    <Element Name="" IsMainEntity="1" BaseEntity="ConstructionElement" PositionOffset="0,0,0" Rotation="0,0,0" Model="Game\Objects\Housing\Grounds\Housing_ground_4_4_12.cgf" />
  </ConstructionElement>
  <ConstructionElement Id="Floor13" Category="Floor" ElementName="@ui_Floor13" Type="Floor" XSize="1" YSize="1" Icon="../u_resources\housing\Ground\Housing_Ground_13.jpg" WoodCost="0" RockCost="0" IronCost="0" GoldCost="10" AvailableInHousing="1" AvailableInDungeonChallenge="0">
    <Element Name="" IsMainEntity="1" BaseEntity="ConstructionElement" PositionOffset="0,0,0" Rotation="0,0,0" Model="Game\Objects\Housing\Grounds\Housing_ground_4_4_13.cgf" />
  </ConstructionElement>
  <ConstructionElement Id="Floor14" Category="Floor" ElementName="@ui_Floor14" Type="Floor" XSize="1" YSize="1" Icon="../u_resources\housing\Ground\Housing_Ground_14.jpg" WoodCost="0" RockCost="0" IronCost="0" GoldCost="1" AvailableInHousing="1" AvailableInDungeonChallenge="0">
    <Element Name="" IsMainEntity="1" BaseEntity="ConstructionElement" PositionOffset="0,0,0" Rotation="0,0,0" Model="Game\Objects\Housing\Grounds\Housing_ground_4_4_14.cgf" />
  </ConstructionElement>
  <ConstructionElement Id="Floor15" Category="Floor" ElementName="@ui_Floor15" Type="Floor" XSize="1" YSize="1" Icon="../u_resources\housing\Ground\Housing_Ground_15.jpg" WoodCost="0" RockCost="0" IronCost="0" GoldCost="5" AvailableInHousing="1" AvailableInDungeonChallenge="0">
    <Element Name="" IsMainEntity="1" BaseEntity="ConstructionElement" PositionOffset="0,0,0" Rotation="0,0,0" Model="Game\Objects\Housing\Grounds\Housing_ground_4_4_15.cgf" />
  </ConstructionElement>
  <ConstructionElement Id="Floor16" Category="Floor" ElementName="@ui_Floor16" Type="Floor" XSize="1" YSize="1" Icon="../u_resources\housing\Ground\Housing_Ground_16.jpg" WoodCost="0" RockCost="0" IronCost="0" GoldCost="1" AvailableInHousing="1" AvailableInDungeonChallenge="0">
    <Element Name="" IsMainEntity="1" BaseEntity="ConstructionElement" PositionOffset="0,0,0" Rotation="0,0,0" Model="Game\Objects\Housing\Grounds\Housing_ground_4_4_16.cgf" />
  </ConstructionElement>
  <ConstructionElement Id="Floor17" Category="Floor" ElementName="@ui_Floor17" Type="Floor" XSize="1" YSize="1" Icon="../u_resources\housing\Ground\Housing_Ground_17.jpg" WoodCost="0" RockCost="0" IronCost="0" GoldCost="10" AvailableInHousing="1" AvailableInDungeonChallenge="0">
    <Element Name="" IsMainEntity="1" BaseEntity="ConstructionElement" PositionOffset="0,0,0" Rotation="0,0,0" Model="Game\Objects\Housing\Grounds\Housing_ground_4_4_17.cgf" />
  </ConstructionElement>
  <ConstructionElement Id="Floor18" Category="Floor" ElementName="@ui_Floor18" Type="Floor" XSize="1" YSize="1" Icon="../u_resources\housing\Ground\Housing_Ground_18.jpg" WoodCost="0" RockCost="0" IronCost="0" GoldCost="20" AvailableInHousing="1" AvailableInDungeonChallenge="0">
    <Element Name="" IsMainEntity="1" BaseEntity="ConstructionElement" PositionOffset="0,0,0" Rotation="0,0,0" Model="Game\Objects\Housing\Grounds\Housing_ground_4_4_18.cgf" />
  </ConstructionElement>
  <ConstructionElement Id="Floor19" Category="Floor" ElementName="@ui_Floor19" Type="Floor" XSize="1" YSize="1" Icon="../u_resources\housing\Ground\Housing_Ground_19.jpg" WoodCost="0" RockCost="0" IronCost="0" GoldCost="20" AvailableInHousing="1" AvailableInDungeonChallenge="0">
    <Element Name="" IsMainEntity="1" BaseEntity="ConstructionElement" PositionOffset="0,0,0" Rotation="0,0,0" Model="Game\Objects\Housing\Grounds\Housing_ground_4_4_19.cgf" />
  </ConstructionElement>
  <ConstructionElement Id="Floor101" Category="Floor" ElementName="@ui_Floor101" Type="Floor" XSize="1" YSize="1" Icon="../u_resources\housing\Ground\Housing_Ground_1.jpg" WoodCost="0" RockCost="0" IronCost="0" GoldCost="1" AvailableInHousing="1" AvailableInDungeonChallenge="1">
    <Element Name="" IsMainEntity="1" BaseEntity="ConstructionElement" PositionOffset="0,0,0" Rotation="0,0,0" Model="Objects/DungeonChallenge/Grounds/DC_Ground_01.cgf" />
  </ConstructionElement>
  <ConstructionElement Id="Floor102" Category="Floor" ElementName="@ui_Floor102" Type="Floor" XSize="1" YSize="1" Icon="../u_resources\housing\Ground\Housing_Ground_2.jpg" WoodCost="0" RockCost="0" IronCost="0" GoldCost="1" AvailableInHousing="0" AvailableInDungeonChallenge="1">
    <Element Name="" IsMainEntity="1" BaseEntity="ConstructionElement" PositionOffset="0,0,0" Rotation="0,0,0" Model="Objects/DungeonChallenge/Grounds/DC_Ground_02.cgf" />
  </ConstructionElement>
  <ConstructionElement Id="Floor103" Category="Floor" ElementName="@ui_Floor103" Type="Floor" XSize="1" YSize="1" Icon="../u_resources\housing\Ground\Housing_Ground_3.jpg" WoodCost="0" RockCost="0" IronCost="0" GoldCost="1" AvailableInHousing="0" AvailableInDungeonChallenge="1">
    <Element Name="" IsMainEntity="1" BaseEntity="ConstructionElement" PositionOffset="0,0,0" Rotation="0,0,0" Model="Objects/DungeonChallenge/Grounds/DC_Ground_03.cgf" />
  </ConstructionElement>
  <ConstructionElement Id="Floor104" Category="Floor" ElementName="@ui_Floor104" Type="Floor" XSize="1" YSize="1" Icon="../u_resources\housing\Ground\Housing_Ground_4.jpg" WoodCost="0" RockCost="0" IronCost="0" GoldCost="1" AvailableInHousing="0" AvailableInDungeonChallenge="1">
    <Element Name="" IsMainEntity="1" BaseEntity="ConstructionElement" PositionOffset="0,0,0" Rotation="0,0,0" Model="Objects/DungeonChallenge/Grounds/DC_Ground_04.cgf" />
  </ConstructionElement>
  <ConstructionElement Id="Floor105" Category="Floor" ElementName="@ui_Floor105" Type="Floor" XSize="1" YSize="1" Icon="../u_resources\housing\Ground\Housing_Ground_5.jpg" WoodCost="0" RockCost="0" IronCost="0" GoldCost="1" AvailableInHousing="0" AvailableInDungeonChallenge="1">
    <Element Name="" IsMainEntity="1" BaseEntity="ConstructionElement" PositionOffset="0,0,0" Rotation="0,0,0" Model="Objects/DungeonChallenge/Grounds/DC_Ground_05.cgf" />
  </ConstructionElement>
  <ConstructionElement Id="Floor106" Category="Floor" ElementName="@ui_Floor106" Type="Floor" XSize="1" YSize="1" Icon="../u_resources\housing\Ground\Housing_Ground_6.jpg" WoodCost="0" RockCost="0" IronCost="0" GoldCost="1" AvailableInHousing="0" AvailableInDungeonChallenge="1">
    <Element Name="" IsMainEntity="1" BaseEntity="ConstructionElement" PositionOffset="0,0,0" Rotation="0,0,0" Model="Objects/DungeonChallenge/Grounds/DC_Ground_06.cgf" />
  </ConstructionElement>
  <ConstructionElement Id="DungeonEntry01" Category="Floor" ElementName="@ui_dungeonentry01" Type="Dungeon_Entry" XSize="2" YSize="2" Prefab="Game/Prefabs/dc_entry01.xml" Icon="../u_resources\housing\Ground\Housing_Ground_6.jpg" WoodCost="0" RockCost="0" IronCost="0" GoldCost="1" AvailableInHousing="0" AvailableInDungeonChallenge="1">
    <Element Name="" IsMainEntity="1" BaseEntity="ConstructionElement" PositionOffset="0,0,0" Rotation="0,0,0" Model="" />
  </ConstructionElement>
  <ConstructionElement Id="DungeonExit01" Category="Floor" ElementName="@ui_dungeonexit01" Type="Dungeon_Exit" XSize="2" YSize="2" Prefab="Game/Prefabs/dc_exit01.xml" Icon="../u_resources\housing\Ground\Housing_Ground_6.jpg" WoodCost="0" RockCost="0" IronCost="0" GoldCost="1" AvailableInHousing="0" AvailableInDungeonChallenge="1">
    <Element Name="" IsMainEntity="1" BaseEntity="ConstructionElement" PositionOffset="0,0,0" Rotation="0,0,0" Model="" />
  </ConstructionElement>
</MetaData>