<MetaData>
  <ConstructionElement Id="Housing_Wooden_Pillar01" Category="Ground Furnitures" ElementName="@ui_Housing_Wooden_Pillar01" Type="ground_furniture" Prefab="" ListPriority="300" Icon="../u_resources/housing/furnitures/Housing_Furniture_pillar_wood.jpg" CanBeAttached="0" ReceiveAttachments="0" WoodCost="0" RockCost="0" IronCost="0" GoldCost="2" AvailableInHousing="1" AvailableInDungeonChallenge="1">
    <Element Name="Corner" IsMainEntity="1" BaseEntity="BasicEntity" PositionOffset="0,0,0" Rotation="0,0,0" Model="Objects/Housing/Walls/Housing_Wooden_Pillar01.cgf" />
  </ConstructionElement>
  <ConstructionElement Id="Housing_Stone_Pillar" Category="Ground Furnitures" ElementName="@ui_Housing_Stone_Pillar" Type="ground_furniture" Prefab="" Icon="../u_resources/housing/furnitures/Housing_Furniture_pillar_stone.jpg" CanBeAttached="0" ReceiveAttachments="0" WoodCost="0" RockCost="0" IronCost="0" GoldCost="3" AvailableInHousing="1" AvailableInDungeonChallenge="1">
    <Element Name="Corner" IsMainEntity="1" BaseEntity="BasicEntity" PositionOffset="0,0,0" Rotation="0,0,0" Model="Objects/Housing/Walls/Housing_Stone_Pillar.cgf" />
  </ConstructionElement>
  <ConstructionElement Id="Housing_MarbleBeige_Pillar" Category="Ground Furnitures" ElementName="@ui_Housing_MarbleBeige_Pillar" Type="ground_furniture" Prefab="" Icon="../u_resources/housing/furnitures/Housing_Furniture_pillar_marblebeige.jpg" CanBeAttached="0" ReceiveAttachments="0" WoodCost="0" RockCost="0" IronCost="0" GoldCost="5" AvailableInHousing="1" AvailableInDungeonChallenge="1">
    <Element Name="Corner" IsMainEntity="1" BaseEntity="BasicEntity" PositionOffset="0,0,0" Rotation="0,0,0" Model="Objects/Housing/Walls/Housing_Marble_Pillar_01.cgf" />
  </ConstructionElement>
  <ConstructionElement Id="Housing_MarbleBlack_Pillar" Category="Ground Furnitures" ElementName="@ui_Housing_MarbleBlack_Pillar" Type="ground_furniture" Prefab="" Icon="../u_resources/housing/furnitures/Housing_Furniture_pillar_marbleblack.jpg" CanBeAttached="0" ReceiveAttachments="0" WoodCost="0" RockCost="0" IronCost="0" GoldCost="5" AvailableInHousing="1" AvailableInDungeonChallenge="1">
    <Element Name="Corner" IsMainEntity="1" BaseEntity="BasicEntity" PositionOffset="0,0,0" Rotation="0,0,0" Model="Objects/Housing/Walls/Housing_MarbleBlack_Pillar_01.cgf" />
  </ConstructionElement>
  <ConstructionElement Id="Housing_MarbleWhite_Pillar" Category="Ground Furnitures" ElementName="@ui_Housing_MarbleWhite_Pillar" Type="ground_furniture" Prefab="" Icon="../u_resources/housing/furnitures/Housing_Furniture_pillar_marblewhite.jpg" CanBeAttached="0" ReceiveAttachments="0" WoodCost="0" RockCost="0" IronCost="0" GoldCost="5" AvailableInHousing="1" AvailableInDungeonChallenge="1">
    <Element Name="Corner" IsMainEntity="1" BaseEntity="BasicEntity" PositionOffset="0,0,0" Rotation="0,0,0" Model="Objects/Housing/Walls/Housing_MarbleWhite_Pillar_01.cgf" />
  </ConstructionElement>
  <ConstructionElement Id="PLayerChest_big" Category="Ground Furnitures" ElementName="@ui_PLayerChest_big" Type="ground_furniture" PrefabLibrary="Prefabs/housing_playerchest_big.xml" PrefabName="playerchestbig" Icon="../u_resources/housing/furnitures/Housing_Furniture_playerchest_woodbig.jpg" CanBeAttached="1" ReceiveAttachments="0" WoodCost="0" RockCost="0" IronCost="0" GoldCost="100" AvailableInHousing="1" AvailableInDungeonChallenge="1">
    <Element Name="" IsMainEntity="1" BaseEntity="BasicEntity" PositionOffset="0,0,0" Rotation="0,0,0" Model="Objects/default/Plane_1x1_nodraw.cgf" />
  </ConstructionElement>
  <ConstructionElement Id="PLayerChest_small" Category="Ground Furnitures" ElementName="@ui_PLayerChest_small" Type="ground_furniture" Prefab="Game/Prefabs/housing_playechest_small.xml" Icon="../u_resources/housing/furnitures/Housing_Furniture_playerchest_woodsmall.jpg" CanBeAttached="1" ReceiveAttachments="0" WoodCost="0" RockCost="0" IronCost="0" GoldCost="50" AvailableInHousing="1" AvailableInDungeonChallenge="1">
    <Element Name="" IsMainEntity="1" BaseEntity="BasicEntity" PositionOffset="0,0,0" Rotation="0,0,0" Model="Objects/default/Plane_1x1_nodraw.cgf" />
  </ConstructionElement>
  <ConstructionElement Id="PLayerChest_whitemarble" Category="Ground Furnitures" ElementName="@ui_PLayerChest_whitemarble" Type="ground_furniture" Prefab="Game/Prefabs/housing_playerchest_marblewhite.xml" Icon="../u_resources/housing/furnitures/Housing_Furniture_playerchest_marblewhite.jpg" CanBeAttached="1" ReceiveAttachments="0" WoodCost="0" RockCost="0" IronCost="0" GoldCost="300" AvailableInHousing="1" AvailableInDungeonChallenge="1">
    <Element Name="" IsMainEntity="1" BaseEntity="BasicEntity" PositionOffset="0,0,0" Rotation="0,0,0" Model="Objects/default/Plane_1x1_nodraw.cgf" />
  </ConstructionElement>
  <ConstructionElement Id="Table1" Category="Ground Furnitures" ElementName="@ui_Table1" Type="ground_furniture" Prefab="" Icon="../u_resources/housing/furnitures/Housing_Furniture_table_simple.jpg" CanBeAttached="0" ReceiveAttachments="1" WoodCost="0" RockCost="0" IronCost="0" GoldCost="1" AvailableInHousing="1" AvailableInDungeonChallenge="1">
    <Element Name="Corner" IsMainEntity="1" BaseEntity="BasicEntity" PositionOffset="0,0,0" Rotation="0,0,0" Model="Objects/Housing/NordHouse/Props/Housing_table_01.cgf" />
  </ConstructionElement>
  <ConstructionElement Id="Table2" Category="Ground Furnitures" ElementName="@ui_Table2" Type="ground_furniture" Prefab="" Icon="../u_resources/housing/furnitures/Housing_Furniture_small_tabouret.jpg" CanBeAttached="0" ReceiveAttachments="1" WoodCost="0" RockCost="0" IronCost="0" GoldCost="1" AvailableInHousing="1" AvailableInDungeonChallenge="1">
    <Element Name="Corner" IsMainEntity="1" BaseEntity="BasicEntity" PositionOffset="0,0,0" Rotation="0,0,0" Model="Objects/britannia/props/furnitures/tables/wood_b/br_table_wood_b.cgf" />
  </ConstructionElement>
  <ConstructionElement Id="Table3" Category="Ground Furnitures" ElementName="@ui_Table3" Type="ground_furniture" Prefab="" Icon="../u_resources/housing/furnitures/Housing_Furniture_table_low.jpg" CanBeAttached="0" ReceiveAttachments="1" WoodCost="0" RockCost="0" IronCost="0" GoldCost="1" AvailableInHousing="1" AvailableInDungeonChallenge="1">
    <Element Name="Corner" IsMainEntity="1" BaseEntity="BasicEntity" PositionOffset="0,0,0" Rotation="0,0,0" Model="Objects/britannia/props/furnitures/tables/wood_a/br_table_wood_a.cgf" />
  </ConstructionElement>
  <ConstructionElement Id="Table4" Category="Ground Furnitures" ElementName="@ui_Table4" Type="ground_furniture" Prefab="" Icon="../u_resources/housing/furnitures/Housing_Furniture_table_big.jpg" CanBeAttached="0" ReceiveAttachments="1" WoodCost="0" RockCost="0" IronCost="0" GoldCost="1" AvailableInHousing="1" AvailableInDungeonChallenge="1">
    <Element Name="Corner" IsMainEntity="1" BaseEntity="BasicEntity" PositionOffset="0,0,0" Rotation="0,0,0" Model="Objects/props/furnitures/tables/table_a/table_a.cgf" />
  </ConstructionElement>
  <ConstructionElement Id="library_A" Category="Ground Furnitures" ElementName="@ui_library_A" Type="ground_furniture" Prefab="Game/Prefabs/housing_library_a.xml" Icon="../u_resources/housing/furnitures/Housing_Furniture_library_A.jpg" CanBeAttached="0" ReceiveAttachments="1" WoodCost="0" RockCost="0" IronCost="0" GoldCost="8" AvailableInHousing="1" AvailableInDungeonChallenge="1">
    <Element Name="Corner" IsMainEntity="1" BaseEntity="BasicEntity" PositionOffset="0,0,0" Rotation="0,0,0" Model="Objects/props/random_dungeon/Props_library_A.cgf" />
  </ConstructionElement>
  <ConstructionElement Id="library_B" Category="Ground Furnitures" ElementName="@ui_library_B" Type="ground_furniture" Prefab="Game/Prefabs/housing_library_b.xml" Icon="../u_resources/housing/furnitures/Housing_Furniture_library_B.jpg" CanBeAttached="0" ReceiveAttachments="1" WoodCost="0" RockCost="0" IronCost="0" GoldCost="8" AvailableInHousing="1" AvailableInDungeonChallenge="1">
    <Element Name="Corner" IsMainEntity="1" BaseEntity="BasicEntity" PositionOffset="0,0,0" Rotation="0,0,0" Model="Objects/props/random_dungeon/Props_library_B.cgf" />
  </ConstructionElement>
  <ConstructionElement Id="library_C" Category="Ground Furnitures" ElementName="@ui_library_C" Type="ground_furniture" Prefab="Game/Prefabs/housing_library_c.xml" Icon="../u_resources/housing/furnitures/Housing_Furniture_library_C.jpg" CanBeAttached="0" ReceiveAttachments="1" WoodCost="0" RockCost="0" IronCost="0" GoldCost="8" AvailableInHousing="1" AvailableInDungeonChallenge="1">
    <Element Name="Corner" IsMainEntity="1" BaseEntity="BasicEntity" PositionOffset="0,0,0" Rotation="0,0,0" Model="Objects/props/random_dungeon/Props_library_C.cgf" />
  </ConstructionElement>
  <ConstructionElement Id="library_C2" Category="Ground Furnitures" ElementName="@ui_library_C2" Type="ground_furniture" Prefab="Game/Prefabs/housing_library_c2.xml" Icon="../u_resources/housing/furnitures/Housing_Furniture_library_C2.jpg" CanBeAttached="0" ReceiveAttachments="1" WoodCost="0" RockCost="0" IronCost="0" GoldCost="8" AvailableInHousing="1" AvailableInDungeonChallenge="1">
    <Element Name="Corner" IsMainEntity="1" BaseEntity="BasicEntity" PositionOffset="0,0,0" Rotation="0,0,0" Model="Objects/props/random_dungeon/Props_library_C_2.cgf" />
  </ConstructionElement>
  <ConstructionElement Id="Housing_Wooden_rail1" Category="Ground Furnitures" ElementName="@ui_Housing_Wooden_rail1" Type="ground_furniture" Prefab="" Icon="../u_resources/housing/furnitures/Housing_Furniture_wooden_rail.jpg" CanBeAttached="0" ReceiveAttachments="1" WoodCost="0" RockCost="0" IronCost="0" GoldCost="3" AvailableInHousing="1" AvailableInDungeonChallenge="1">
    <Element Name="Corner" IsMainEntity="1" BaseEntity="BasicEntity" PositionOffset="0,0,0" Rotation="0,0,0" Model="Objects/Housing/walls/Housing_Wooden_rail.cgf" />
  </ConstructionElement>
  <ConstructionElement Id="Housing_Stone_rail1" Category="Ground Furnitures" ElementName="@ui_Housing_Stone_rail1" Type="ground_furniture" Prefab="" Icon="../u_resources/housing/furnitures/Housing_Furniture_stone_rail.jpg" CanBeAttached="0" ReceiveAttachments="1" WoodCost="0" RockCost="0" IronCost="0" GoldCost="3" AvailableInHousing="1" AvailableInDungeonChallenge="1">
    <Element Name="Corner" IsMainEntity="1" BaseEntity="BasicEntity" PositionOffset="0,0,0" Rotation="0,0,0" Model="Objects/Housing/walls/Housing_Stone_rail.cgf" />
  </ConstructionElement>
  <ConstructionElement Id="Housing_marble_rail1" Category="Ground Furnitures" ElementName="@ui_Housing_marble_rail1" Type="ground_furniture" Prefab="" Icon="../u_resources/housing/furnitures/Housing_Furniture_marble_rail.jpg" CanBeAttached="0" ReceiveAttachments="1" WoodCost="0" RockCost="0" IronCost="0" GoldCost="3" AvailableInHousing="1" AvailableInDungeonChallenge="1">
    <Element Name="Corner" IsMainEntity="1" BaseEntity="BasicEntity" PositionOffset="0,0,0" Rotation="0,0,0" Model="Objects/Housing/walls/Housing_marble_rail.cgf" />
  </ConstructionElement>
  <ConstructionElement Id="Cabinet" Category="Ground Furnitures" ElementName="@ui_Cabinet" Type="ground_furniture" Prefab="" Icon="../u_resources/housing/furnitures/Housing_Furniture_cabinet.jpg" CanBeAttached="0" ReceiveAttachments="1" WoodCost="0" RockCost="0" IronCost="0" GoldCost="3" AvailableInHousing="1" AvailableInDungeonChallenge="1">
    <Element Name="Corner" IsMainEntity="1" BaseEntity="BasicEntity" PositionOffset="0,0,0" Rotation="0,0,0" Model="Objects/Housing/NordHouse/Props/Housing_Cabinet_01.cgf" />
  </ConstructionElement>
  <ConstructionElement Id="Anvil" Category="Ground Furnitures" ElementName="@ui_Anvil" Type="ground_furniture" Prefab="" Icon="../u_resources/housing/furnitures/Housing_Furniture_anvil.jpg" CanBeAttached="1" ReceiveAttachments="0" WoodCost="0" RockCost="0" IronCost="0" GoldCost="3" AvailableInHousing="1" AvailableInDungeonChallenge="1">
    <Element Name="Corner" IsMainEntity="1" BaseEntity="BasicEntity" PositionOffset="0,0,0" Rotation="0,0,0" Model="objects/props/blocks/enclume01.cgf" />
  </ConstructionElement>
  <ConstructionElement Id="Barrel1" Category="Ground Furnitures" ElementName="@ui_Barrel1" Type="ground_furniture" Prefab="" Icon="../u_resources/housing/furnitures/Housing_Furniture_barrel1.jpg" CanBeAttached="0" ReceiveAttachments="1" WoodCost="0" RockCost="0" IronCost="0" GoldCost="3" AvailableInHousing="1" AvailableInDungeonChallenge="1">
    <Element Name="Corner" IsMainEntity="1" BaseEntity="BasicEntity" PositionOffset="0,0,0" Rotation="0,0,0" Model="Objects/props/Amarth_props/Amarth_props_barrel.cgf" />
  </ConstructionElement>
  <ConstructionElement Id="Barrel2" Category="Ground Furnitures" ElementName="@ui_Barrel2" Type="ground_furniture" Prefab="" Icon="../u_resources/housing/furnitures/Housing_Furniture_barrel2.jpg" CanBeAttached="0" ReceiveAttachments="1" WoodCost="0" RockCost="0" IronCost="0" GoldCost="3" AvailableInHousing="1" AvailableInDungeonChallenge="1">
    <Element Name="Corner" IsMainEntity="1" BaseEntity="BasicEntity" PositionOffset="0,0,0" Rotation="0,0,0" Model="Objects/props/Brigand_forest_props/Brigand_forest_props_baril_A.cgf" />
  </ConstructionElement>
  <ConstructionElement Id="scuttle1" Category="Ground Furnitures" ElementName="@ui_scuttle1" Type="ground_furniture" Prefab="" Icon="../u_resources/housing/furnitures/Housing_Furniture_scuttle1.jpg" CanBeAttached="1" ReceiveAttachments="0" WoodCost="0" RockCost="0" IronCost="0" GoldCost="1" AvailableInHousing="1" AvailableInDungeonChallenge="1">
    <Element Name="Corner" IsMainEntity="1" BaseEntity="BasicEntity" PositionOffset="0,0,0" Rotation="0,0,0" Model="Objects/props/Amarth_props/Amarth_props_blood_scuttle.cgf" />
  </ConstructionElement>
  <ConstructionElement Id="WoodenBox1" Category="Ground Furnitures" ElementName="@ui_WoodenBox1" Type="ground_furniture" Prefab="" Icon="../u_resources/housing/furnitures/Housing_Furniture_box2.jpg" CanBeAttached="1" ReceiveAttachments="1" WoodCost="0" RockCost="0" IronCost="0" GoldCost="1" AvailableInHousing="1" AvailableInDungeonChallenge="1">
    <Element Name="Corner" IsMainEntity="1" BaseEntity="BasicEntity" PositionOffset="0,0,0" Rotation="0,0,0" Model="Objects/props/Amarth_props/Amarth_props_box_01.cgf" />
  </ConstructionElement>
  <ConstructionElement Id="WoodenBox2" Category="Ground Furnitures" ElementName="@ui_WoodenBox2" Type="ground_furniture" Prefab="" Icon="../u_resources/housing/furnitures/Housing_Furniture_box1.jpg" CanBeAttached="1" ReceiveAttachments="1" WoodCost="0" RockCost="0" IronCost="0" GoldCost="1" AvailableInHousing="1" AvailableInDungeonChallenge="1">
    <Element Name="Corner" IsMainEntity="1" BaseEntity="BasicEntity" PositionOffset="0,0,0" Rotation="0,0,0" Model="Objects/props/Amarth_props/Amarth_props_box_02.cgf" />
  </ConstructionElement>
  <ConstructionElement Id="stacked_logs_small" Category="Ground Furnitures" ElementName="@ui_stacked_logs_small" Type="ground_furniture" Prefab="" Icon="../u_resources/housing/furnitures/Housing_Furniture_stackedlog_small.jpg" CanBeAttached="0" ReceiveAttachments="1" WoodCost="0" RockCost="0" IronCost="0" GoldCost="3" AvailableInHousing="1" AvailableInDungeonChallenge="1">
    <Element Name="Corner" IsMainEntity="1" BaseEntity="BasicEntity" PositionOffset="0,0,0" Rotation="0,0,0" Model="Objects/props/misc/stacked_logs/stacked_logs_half_2m_a.cgf" />
  </ConstructionElement>
  <ConstructionElement Id="stacked_logs_long" Category="Ground Furnitures" ElementName="@ui_stacked_logs_long" Type="ground_furniture" Prefab="" Icon="../u_resources/housing/furnitures/Housing_Furniture_stackedlog_medium.jpg" CanBeAttached="0" ReceiveAttachments="1" WoodCost="0" RockCost="0" IronCost="0" GoldCost="2" AvailableInHousing="1" AvailableInDungeonChallenge="1">
    <Element Name="Corner" IsMainEntity="1" BaseEntity="BasicEntity" PositionOffset="0,0,0" Rotation="0,0,0" Model="Objects/props/misc/stacked_logs/stacked_logs_half_4m_a.cgf" />
  </ConstructionElement>
  <ConstructionElement Id="stacked_logs_big" Category="Ground Furnitures" ElementName="@ui_stacked_logs_big" Type="ground_furniture" Prefab="" Icon="../u_resources/housing/furnitures/Housing_Furniture_stackedlog_big.jpg" CanBeAttached="0" ReceiveAttachments="1" WoodCost="0" RockCost="0" IronCost="0" GoldCost="3" AvailableInHousing="1" AvailableInDungeonChallenge="1">
    <Element Name="Corner" IsMainEntity="1" BaseEntity="BasicEntity" PositionOffset="0,0,0" Rotation="0,0,0" Model="Objects/props/misc/stacked_logs/stacked_logs_full_2m_a.cgf" />
  </ConstructionElement>
  <ConstructionElement Id="pot1" Category="Ground Furnitures" ElementName="@ui_pot1" Type="ground_furniture" Prefab="" Icon="../u_resources/housing/furnitures/Housing_Furniture_pot1.jpg" CanBeAttached="1" ReceiveAttachments="0" WoodCost="0" RockCost="0" IronCost="0" GoldCost="1" AvailableInHousing="1" AvailableInDungeonChallenge="1">
    <Element Name="Corner" IsMainEntity="1" BaseEntity="BasicEntity" PositionOffset="0,0,0" Rotation="0,0,0" Model="Objects/props/pots/pot01_pot01a_destroyable.cgf" />
  </ConstructionElement>
  <ConstructionElement Id="pot2" Category="Ground Furnitures" ElementName="@ui_pot2" Type="ground_furniture" Prefab="" Icon="../u_resources/housing/furnitures/Housing_Furniture_pot2.jpg" CanBeAttached="1" ReceiveAttachments="0" WoodCost="0" RockCost="0" IronCost="0" GoldCost="1" AvailableInHousing="1" AvailableInDungeonChallenge="1">
    <Element Name="Corner" IsMainEntity="1" BaseEntity="BasicEntity" PositionOffset="0,0,0" Rotation="0,0,0" Model="Objects/props/pots/pot01_pot02a_destroyable.cgf" />
  </ConstructionElement>
  <ConstructionElement Id="baliste1" Category="Ground Furnitures" ElementName="@ui_baliste1" Type="ground_furniture" Prefab="" Icon="../u_resources/housing/furnitures/Housing_Furniture_baliste.jpg" CanBeAttached="0" ReceiveAttachments="0" WoodCost="0" RockCost="0" IronCost="0" GoldCost="20" AvailableInHousing="1" AvailableInDungeonChallenge="1">
    <Element Name="Corner" IsMainEntity="1" BaseEntity="BasicEntity" PositionOffset="0,0,0" Rotation="0,0,0" Model="Objects/props/baliste/Baliste.cgf" />
  </ConstructionElement>
  <ConstructionElement Id="Carpet01" Category="Ground Furnitures" ElementName="@ui_Carpet01" Type="ground_furniture" Prefab="" Icon="../u_resources/housing/furnitures/Housing_Furniture_carpet1.jpg" CanBeAttached="0" ReceiveAttachments="1" IgnorePhysic="1" WoodCost="0" RockCost="0" IronCost="0" GoldCost="1" AvailableInHousing="1" AvailableInDungeonChallenge="1">
    <Element Name="Corner" IsMainEntity="1" BaseEntity="BasicEntity" PositionOffset="0,0,0" Rotation="0,0,0" Model="Objects/Housing/Furnitures/Carpet/Carpet01.cgf" />
  </ConstructionElement>
  <ConstructionElement Id="Carpet02" Category="Ground Furnitures" ElementName="@ui_Carpet02" Type="ground_furniture" Prefab="" Icon="../u_resources/housing/furnitures/Housing_Furniture_carpet2.jpg" CanBeAttached="0" ReceiveAttachments="1" IgnorePhysic="1" WoodCost="0" RockCost="0" IronCost="0" GoldCost="1" AvailableInHousing="1" AvailableInDungeonChallenge="1">
    <Element Name="Corner" IsMainEntity="1" BaseEntity="BasicEntity" PositionOffset="0,0,0" Rotation="0,0,0" Model="Objects/Housing/Furnitures/Carpet/Carpet02.cgf" />
  </ConstructionElement>
  <ConstructionElement Id="Carpet03" Category="Ground Furnitures" ElementName="@ui_Carpet03" Type="ground_furniture" Prefab="" Icon="../u_resources/housing/furnitures/Housing_Furniture_carpet3.jpg" CanBeAttached="0" ReceiveAttachments="1" IgnorePhysic="1" WoodCost="0" RockCost="0" IronCost="0" GoldCost="1" AvailableInHousing="1" AvailableInDungeonChallenge="1">
    <Element Name="Corner" IsMainEntity="1" BaseEntity="BasicEntity" PositionOffset="0,0,0" Rotation="0,0,0" Model="Objects/Housing/Furnitures/Carpet/Carpet03.cgf" />
  </ConstructionElement>
  <ConstructionElement Id="Carpet_deroll" Category="Ground Furnitures" ElementName="@ui_Carpet_deroll" Type="ground_furniture" Prefab="" Icon="../u_resources/housing/furnitures/Housing_Furniture_carpet_deroll.jpg" CanBeAttached="0" ReceiveAttachments="1" IgnorePhysic="1" WoodCost="0" RockCost="0" IronCost="0" GoldCost="1" AvailableInHousing="1" AvailableInDungeonChallenge="1">
    <Element Name="Corner" IsMainEntity="1" BaseEntity="BasicEntity" PositionOffset="0,0,0" Rotation="0,0,0" Model="Objects/Housing/Furnitures/Carpet/CarpetRoll02.cgf" />
  </ConstructionElement>
  <ConstructionElement Id="Carpet_roll" Category="Ground Furnitures" ElementName="@ui_Carpet_roll" Type="ground_furniture" Prefab="" Icon="../u_resources/housing/furnitures/Housing_Furniture_carpet_roll.jpg" CanBeAttached="0" ReceiveAttachments="1" IgnorePhysic="1" WoodCost="0" RockCost="0" IronCost="0" GoldCost="1" AvailableInHousing="1" AvailableInDungeonChallenge="1">
    <Element Name="Corner" IsMainEntity="1" BaseEntity="BasicEntity" PositionOffset="0,0,0" Rotation="0,0,0" Model="Objects/Housing/Furnitures/Carpet/CarpetRoll01.cgf" />
  </ConstructionElement>
  <ConstructionElement Id="StoneStatue" Category="Ground Furnitures" ElementName="@ui_StoneStatue" Type="ground_furniture" Prefab="Game/Prefabs/housing_furniture_stonestatue1.xml" Icon="../u_resources/housing/furnitures/Housing_Furniture_stonestatue.jpg" CanBeAttached="0" ReceiveAttachments="0" WoodCost="0" RockCost="0" IronCost="0" GoldCost="30" AvailableInHousing="1" AvailableInDungeonChallenge="1">
    <Element Name="Corner" IsMainEntity="1" BaseEntity="BasicEntity" PositionOffset="0,0,0" Rotation="0,0,0" Model="Objects/props/Blocks/Block02.cgf" />
  </ConstructionElement>
  <ConstructionElement Id="CopperStatue" Category="Ground Furnitures" ElementName="@ui_CopperStatue" Type="ground_furniture" Prefab="Game/Prefabs/housing_furniture_copperstatue1.xml" Icon="../u_resources/housing/furnitures/Housing_Furniture_copperstatue.jpg" CanBeAttached="0" ReceiveAttachments="0" WoodCost="0" RockCost="0" IronCost="0" GoldCost="50" AvailableInHousing="1" AvailableInDungeonChallenge="1">
    <Element Name="Corner" IsMainEntity="1" BaseEntity="BasicEntity" PositionOffset="0,0,0" Rotation="0,0,0" Model="Objects/props/Blocks/Block02.cgf" />
  </ConstructionElement>
  <ConstructionElement Id="BenchA" Category="Ground Furnitures" ElementName="@ui_BenchA" Type="ground_furniture" Prefab="" Icon="../u_resources/housing/furnitures/Housing_Furniture_benchA.jpg" CanBeAttached="0" ReceiveAttachments="1" WoodCost="0" RockCost="0" IronCost="0" GoldCost="2" AvailableInHousing="1" AvailableInDungeonChallenge="1">
    <Element Name="Corner" IsMainEntity="1" BaseEntity="BasicEntity" PositionOffset="0,0,0" Rotation="0,0,0" Model="Objects/props/Brigand_forest_props/Brigand_forest_props_bench_A.cgf" />
  </ConstructionElement>
  <ConstructionElement Id="BenchB" Category="Ground Furnitures" ElementName="@ui_BenchB" Type="ground_furniture" Prefab="" Icon="../u_resources/housing/furnitures/Housing_Furniture_benchB.jpg" CanBeAttached="0" ReceiveAttachments="1" WoodCost="0" RockCost="0" IronCost="0" GoldCost="3" AvailableInHousing="1" AvailableInDungeonChallenge="1">
    <Element Name="Corner" IsMainEntity="1" BaseEntity="BasicEntity" PositionOffset="0,0,0" Rotation="0,0,0" Model="Objects/props/Brigand_forest_props/Brigand_forest_props_bench_B.cgf" />
  </ConstructionElement>
  <ConstructionElement Id="Throne01" Category="Ground Furnitures" ElementName="@ui_Throne01" Type="ground_furniture" Prefab="" Icon="../u_resources/housing/furnitures/Housing_Furniture_Throne01.jpg" CanBeAttached="0" ReceiveAttachments="0" WoodCost="0" RockCost="0" IronCost="0" GoldCost="20" AvailableInHousing="1" AvailableInDungeonChallenge="1">
    <Element Name="Corner" IsMainEntity="1" BaseEntity="BasicEntity" PositionOffset="0,0,0" Rotation="0,0,0" Model="Objects/props/Throne/Throne01.cgf" />
  </ConstructionElement>
  <ConstructionElement Id="Couch_01" Category="Ground Furnitures" ElementName="@ui_Couch_01" Type="ground_furniture" Prefab="" Icon="../u_resources/housing/furnitures/Housing_Furniture_couch01.jpg" CanBeAttached="0" ReceiveAttachments="0" WoodCost="0" RockCost="0" IronCost="0" GoldCost="8" AvailableInHousing="1" AvailableInDungeonChallenge="1">
    <Element Name="Corner" IsMainEntity="1" BaseEntity="BasicEntity" PositionOffset="0,0,0" Rotation="0,0,0" Model="Objects/props/Couch/Couch_01.cgf" />
  </ConstructionElement>
  <ConstructionElement Id="Couch_02" Category="Ground Furnitures" ElementName="@ui_Couch_02" Type="ground_furniture" Prefab="" Icon="../u_resources/housing/furnitures/Housing_Furniture_couch02.jpg" CanBeAttached="0" ReceiveAttachments="0" WoodCost="0" RockCost="0" IronCost="0" GoldCost="8" AvailableInHousing="1" AvailableInDungeonChallenge="1">
    <Element Name="Corner" IsMainEntity="1" BaseEntity="BasicEntity" PositionOffset="0,0,0" Rotation="0,0,0" Model="Objects/props/Couch/Couch_02.cgf" />
  </ConstructionElement>
  <ConstructionElement Id="DoubleDeckCouch" Category="Ground Furnitures" ElementName="@ui_DoubleDeckCouch" Type="ground_furniture" Prefab="" Icon="../u_resources/housing/furnitures/Housing_Furniture_DoubleDeckCouch.jpg" CanBeAttached="0" ReceiveAttachments="0" WoodCost="0" RockCost="0" IronCost="0" GoldCost="8" AvailableInHousing="1" AvailableInDungeonChallenge="1">
    <Element Name="Corner" IsMainEntity="1" BaseEntity="BasicEntity" PositionOffset="0,0,0" Rotation="0,0,0" Model="Objects/props/Double_Deck/Double_Deck_01.cgf" />
  </ConstructionElement>
  <ConstructionElement Id="Chair_01" Category="Ground Furnitures" ElementName="@ui_Chair_01" Type="ground_furniture" Prefab="" Icon="../u_resources/housing/furnitures/Housing_Furniture_chair_01.jpg" CanBeAttached="0" ReceiveAttachments="0" WoodCost="0" RockCost="0" IronCost="0" GoldCost="2" AvailableInHousing="1" AvailableInDungeonChallenge="1">
    <Element Name="Corner" IsMainEntity="1" BaseEntity="BasicEntity" PositionOffset="0,0,0" Rotation="0,0,0" Model="Objects/Housing/Furnitures/Chair/Chair_01.cgf" />
  </ConstructionElement>
  <ConstructionElement Id="Chair_02" Category="Ground Furnitures" ElementName="@ui_Chair_02" Type="ground_furniture" Prefab="" Icon="../u_resources/housing/furnitures/Housing_Furniture_chair_02.jpg" CanBeAttached="0" ReceiveAttachments="0" WoodCost="0" RockCost="0" IronCost="0" GoldCost="2" AvailableInHousing="1" AvailableInDungeonChallenge="1">
    <Element Name="Corner" IsMainEntity="1" BaseEntity="BasicEntity" PositionOffset="0,0,0" Rotation="0,0,0" Model="Objects/Housing/Furnitures/Chair/Chair_02.cgf" />
  </ConstructionElement>
  <ConstructionElement Id="Throne_black" Category="Ground Furnitures" ElementName="@ui_Throne_black" Type="ground_furniture" Prefab="" Icon="../u_resources/housing/furnitures/Housing_Furniture_Throne_black.jpg" CanBeAttached="0" ReceiveAttachments="0" WoodCost="0" RockCost="0" IronCost="0" GoldCost="300" AvailableInHousing="1" AvailableInDungeonChallenge="1">
    <Element Name="Corner" IsMainEntity="1" BaseEntity="BasicEntity" PositionOffset="0,0,0" Rotation="0,0,0" Model="Objects/Housing/Furnitures/Chair/Throne_01.cgf" />
  </ConstructionElement>
  <ConstructionElement Id="Throne_white" Category="Ground Furnitures" ElementName="@ui_Throne_white" Type="ground_furniture" Prefab="" Icon="../u_resources/housing/furnitures/Housing_Furniture_Throne_white.jpg" CanBeAttached="0" ReceiveAttachments="0" WoodCost="0" RockCost="0" IronCost="0" GoldCost="300" AvailableInHousing="1" AvailableInDungeonChallenge="1">
    <Element Name="Corner" IsMainEntity="1" BaseEntity="BasicEntity" PositionOffset="0,0,0" Rotation="0,0,0" Model="Objects/Housing/Furnitures/Chair/Throne_02.cgf" />
  </ConstructionElement>
  <ConstructionElement Id="Bed01" Category="Ground Furnitures" ElementName="@ui_Bed01" Type="ground_furniture" Prefab="" Icon="../u_resources/housing/furnitures/Housing_Furniture_bed_middle.jpg" CanBeAttached="0" ReceiveAttachments="0" WoodCost="0" RockCost="0" IronCost="0" GoldCost="20" AvailableInHousing="1" AvailableInDungeonChallenge="1">
    <Element Name="Corner" IsMainEntity="1" BaseEntity="BasicEntity" PositionOffset="0,0,0" Rotation="0,0,0" Model="Objects/Housing/Furnitures/Bed/Bed_01.cgf" />
  </ConstructionElement>
  <ConstructionElement Id="Bed02" Category="Ground Furnitures" ElementName="@ui_Bed02" Type="ground_furniture" Prefab="" Icon="../u_resources/housing/furnitures/Housing_Furniture_bed_poor.jpg" CanBeAttached="0" ReceiveAttachments="0" WoodCost="0" RockCost="0" IronCost="0" GoldCost="10" AvailableInHousing="1" AvailableInDungeonChallenge="1">
    <Element Name="Corner" IsMainEntity="1" BaseEntity="BasicEntity" PositionOffset="0,0,0" Rotation="0,0,0" Model="Objects/Housing/Furnitures/Bed/Bed_02.cgf" />
  </ConstructionElement>
  <ConstructionElement Id="Bed03" Category="Ground Furnitures" ElementName="@ui_Bed03" Type="ground_furniture" Prefab="" Icon="../u_resources/housing/furnitures/Housing_Furniture_bed_rich.jpg" CanBeAttached="0" ReceiveAttachments="0" WoodCost="0" RockCost="0" IronCost="0" GoldCost="30" AvailableInHousing="1" AvailableInDungeonChallenge="1">
    <Element Name="Corner" IsMainEntity="1" BaseEntity="BasicEntity" PositionOffset="0,0,0" Rotation="0,0,0" Model="Objects/Housing/Furnitures/Bed/Bed_03.cgf" />
  </ConstructionElement>
  <ConstructionElement Id="CandleGroup" Category="Lights" ElementName="@ui_CandleGroup" Type="ground_furniture" Prefab="Game/Prefabs/housing_candlesGroup.xml" Icon="../u_resources/housing/furnitures/Housing_Furniture_light_candlegroup.jpg" CanBeAttached="1" ReceiveAttachments="0" WoodCost="0" RockCost="0" IronCost="0" GoldCost="2" AvailableInHousing="1" AvailableInDungeonChallenge="1">
    <Element Name="Corner" IsMainEntity="1" BaseEntity="BasicEntity" PositionOffset="0,0,0" Rotation="0,0,0" Model="objects/props/candles/candle_goup_phys.cgf" />
  </ConstructionElement>
  <ConstructionElement Id="CandleSimple" Category="Lights" ElementName="@ui_CandleSimple" Type="ground_furniture" Prefab="Game/Prefabs/housing_light_candlesimple.xml" Icon="../u_resources/housing/furnitures/Housing_Furniture_simple_candle.jpg" CanBeAttached="1" ReceiveAttachments="0" WoodCost="0" RockCost="0" IronCost="0" GoldCost="1" AvailableInHousing="1" AvailableInDungeonChallenge="1">
    <Element Name="Corner" IsMainEntity="1" BaseEntity="BasicEntity" PositionOffset="0,0,0" Rotation="0,0,0" Model="objects/props/candles/candle01_phys.cgf" />
  </ConstructionElement>
  <ConstructionElement Id="Chandelier" Category="Lights" ElementName="@ui_Chandelier" Type="ground_furniture" Prefab="Game/Prefabs/housing_nordhouse_chandelier.xml" Icon="../u_resources/housing/furnitures/Housing_Furniture_light_chandelier.jpg" CanBeAttached="1" ReceiveAttachments="0" WoodCost="0" RockCost="0" IronCost="0" GoldCost="4" AvailableInHousing="1" AvailableInDungeonChallenge="1">
    <Element Name="Corner" IsMainEntity="1" BaseEntity="BasicEntity" PositionOffset="0,0,0" Rotation="0,0,0" Model="Objects/britannia/props/candles/holder_standing_a/br_candle_holder_standing_a.cgf" />
  </ConstructionElement>
  <ConstructionElement Id="CeilingChandelier" Category="Lights" ElementName="@ui_Ceiling_Chandelier" Type="ceiling_furniture" Prefab="Game/Prefabs/housing_ceiling_chandelier.xml" Icon="../u_resources/housing/furnitures/Housing_Furniture_light_ceilingchandelier.jpg" CanBeAttached="0" ReceiveAttachments="0" WoodCost="0" RockCost="0" IronCost="0" GoldCost="8" AvailableInHousing="1" AvailableInDungeonChallenge="1">
    <Element Name="Corner" IsMainEntity="1" BaseEntity="BasicEntity" PositionOffset="0,0,0" Rotation="0,0,0" Model="Objects/rome/props/chandeliers/palace_set_a/ro_chandelier_palace_set_a_chandelier_a.cgf" />
  </ConstructionElement>
  <ConstructionElement Id="CeilingChandelier_gold" Category="Lights" ElementName="@ui_Ceiling_Chandelier_gold" Type="ceiling_furniture" Prefab="Game/Prefabs/housing_ceiling_chandelier_gold.xml" Icon="../u_resources/housing/furnitures/Housing_Furniture_light_ceilingchandelier_gold.jpg" CanBeAttached="0" ReceiveAttachments="0" WoodCost="0" RockCost="0" IronCost="0" GoldCost="15" AvailableInHousing="1" AvailableInDungeonChallenge="1">
    <Element Name="Corner" IsMainEntity="1" BaseEntity="BasicEntity" PositionOffset="0,0,0" Rotation="0,0,0" Model="Objects/props/Chandelier/ceiling_chaudelier04.cgf" />
  </ConstructionElement>
  <ConstructionElement Id="Lampe_Pillar_Big" Category="Lights" ElementName="@ui_Lampe_Pillar_Big" Type="ground_furniture" Prefab="Game/Prefabs/housing_pillar_lampe_big.xml" Icon="../u_resources/housing/furnitures/Housing_Furniture_lampe_pillar_big.jpg" CanBeAttached="1" ReceiveAttachments="0" WoodCost="0" RockCost="0" IronCost="0" GoldCost="6" AvailableInHousing="1" AvailableInDungeonChallenge="1">
    <Element Name="Corner" IsMainEntity="1" BaseEntity="BasicEntity" PositionOffset="0,0,0" Rotation="0,0,0" Model="Objects/Housing/Furnitures/Lamp/Lampe_Pillar_Big.cgf" />
  </ConstructionElement>
  <ConstructionElement Id="Lampe_Pillar_Small" Category="Lights" ElementName="@ui_Lampe_Pillar_Small" Type="ground_furniture" Prefab="Game/Prefabs/housing_pillar_lampe_small.xml" Icon="../u_resources/housing/furnitures/Housing_Furniture_lampe_pillar_small.jpg" CanBeAttached="1" ReceiveAttachments="0" WoodCost="0" RockCost="0" IronCost="0" GoldCost="4" AvailableInHousing="1" AvailableInDungeonChallenge="1">
    <Element Name="Corner" IsMainEntity="1" BaseEntity="BasicEntity" PositionOffset="0,0,0" Rotation="0,0,0" Model="Objects/Housing/Furnitures/Lamp/Lampe_Pillar_Small.cgf" />
  </ConstructionElement>
  <ConstructionElement Id="Fountain_01" Category="Ground Furnitures" ElementName="@ui_Fountain_01" Type="ground_furniture" Prefab="Game/Prefabs/housing_fountain_01.xml" Icon="../u_resources/housing/furnitures/Housing_Furniture_fountain01.jpg" CanBeAttached="0" ReceiveAttachments="1" WoodCost="0" RockCost="0" IronCost="0" GoldCost="15" AvailableInHousing="1" AvailableInDungeonChallenge="1">
    <Element Name="Corner" IsMainEntity="1" BaseEntity="BasicEntity" PositionOffset="0,0,0" Rotation="0,0,0" Model="Objects/props/Fountain/Fountain_01.cgf" />
  </ConstructionElement>
  <ConstructionElement Id="Housing_plant_palmstar1" Category="Plants" ElementName="@ui_Housing_plant_palmstar1" Type="ground_furniture" Prefab="Game/Prefabs/Housing_plant_palmstar1.xml" Icon="../u_resources/housing/furnitures/Housing_Furniture_plant_palmstar1.jpg" CanBeAttached="0" ReceiveAttachments="0" WoodCost="0" RockCost="0" IronCost="0" GoldCost="5" AvailableInHousing="1" AvailableInDungeonChallenge="1">
    <Element Name="Corner" IsMainEntity="1" BaseEntity="BasicEntity" PositionOffset="0,0,0" Rotation="0,0,0" Model="Objects/props/pots/Plant_pot1.cgf" />
  </ConstructionElement>
  <ConstructionElement Id="Housing_plant_palmstar2" Category="Plants" ElementName="@ui_Housing_plant_palmstar2" Type="ground_furniture" Prefab="Game/Prefabs/Housing_plant_palmstar2.xml" Icon="../u_resources/housing/furnitures/Housing_Furniture_plant_palmstar2.jpg" CanBeAttached="0" ReceiveAttachments="0" WoodCost="0" RockCost="0" IronCost="0" GoldCost="5" AvailableInHousing="1" AvailableInDungeonChallenge="1">
    <Element Name="Corner" IsMainEntity="1" BaseEntity="BasicEntity" PositionOffset="0,0,0" Rotation="0,0,0" Model="Objects/props/pots/Plant_pot1.cgf" />
  </ConstructionElement>
  <ConstructionElement Id="housing_plant_palm1" Category="Plants" ElementName="@ui_housing_plant_palm1" Type="ground_furniture" Prefab="Game/Prefabs/housing_plant_palm1.xml" Icon="../u_resources/housing/furnitures/Housing_Furniture_plant_palm1.jpg" CanBeAttached="0" ReceiveAttachments="0" WoodCost="0" RockCost="0" IronCost="0" GoldCost="5" AvailableInHousing="1" AvailableInDungeonChallenge="1">
    <Element Name="Corner" IsMainEntity="1" BaseEntity="BasicEntity" PositionOffset="0,0,0" Rotation="0,0,0" Model="Objects/props/pots/Plant_pot1.cgf" />
  </ConstructionElement>
  <ConstructionElement Id="housing_plant_palm2" Category="Plants" ElementName="@ui_housing_plant_palm2" Type="ground_furniture" Prefab="Game/Prefabs/housing_plant_palm2.xml" Icon="../u_resources/housing/furnitures/Housing_Furniture_plant_palm2.jpg" CanBeAttached="0" ReceiveAttachments="0" WoodCost="0" RockCost="0" IronCost="0" GoldCost="5" AvailableInHousing="1" AvailableInDungeonChallenge="1">
    <Element Name="Corner" IsMainEntity="1" BaseEntity="BasicEntity" PositionOffset="0,0,0" Rotation="0,0,0" Model="Objects/props/pots/Plant_pot1.cgf" />
  </ConstructionElement>
  <ConstructionElement Id="housing_plant_palm3" Category="Plants" ElementName="@ui_housing_plant_palm3" Type="ground_furniture" Prefab="Game/Prefabs/housing_plant_palm3.xml" Icon="../u_resources/housing/furnitures/Housing_Furniture_plant_palm3.jpg" CanBeAttached="0" ReceiveAttachments="0" WoodCost="0" RockCost="0" IronCost="0" GoldCost="5" AvailableInHousing="1" AvailableInDungeonChallenge="1">
    <Element Name="Corner" IsMainEntity="1" BaseEntity="BasicEntity" PositionOffset="0,0,0" Rotation="0,0,0" Model="Objects/props/pots/Plant_pot1.cgf" />
  </ConstructionElement>
  <ConstructionElement Id="housing_plant_smallbush1" Category="Plants" ElementName="@ui_housing_plant_smallbush1" Type="ground_furniture" Prefab="Game/Prefabs/housing_plant_smallbush1.xml" Icon="../u_resources/housing/furnitures/Housing_Furniture_plant_smallbush1.jpg" CanBeAttached="1" ReceiveAttachments="0" WoodCost="0" RockCost="0" IronCost="0" GoldCost="5" AvailableInHousing="1" AvailableInDungeonChallenge="1">
    <Element Name="Corner" IsMainEntity="1" BaseEntity="BasicEntity" PositionOffset="0,0,0" Rotation="0,0,0" Model="Objects/props/pots/Plant_pot1.cgf" />
  </ConstructionElement>
  <ConstructionElement Id="housing_plant_smallbush2" Category="Plants" ElementName="@ui_housing_plant_smallbush2" Type="ground_furniture" Prefab="Game/Prefabs/housing_plant_smallbush2.xml" Icon="../u_resources/housing/furnitures/Housing_Furniture_plant_smallbush2.jpg" CanBeAttached="1" ReceiveAttachments="0" WoodCost="0" RockCost="0" IronCost="0" GoldCost="5" AvailableInHousing="1" AvailableInDungeonChallenge="1">
    <Element Name="Corner" IsMainEntity="1" BaseEntity="BasicEntity" PositionOffset="0,0,0" Rotation="0,0,0" Model="Objects/props/pots/Plant_pot1.cgf" />
  </ConstructionElement>
  <ConstructionElement Id="housing_plant_smallbush3" Category="Plants" ElementName="@ui_housing_plant_smallbush3" Type="ground_furniture" Prefab="Game/Prefabs/housing_plant_smallbush3.xml" Icon="../u_resources/housing/furnitures/Housing_Furniture_plant_smallbush3.jpg" CanBeAttached="1" ReceiveAttachments="0" WoodCost="0" RockCost="0" IronCost="0" GoldCost="5" AvailableInHousing="1" AvailableInDungeonChallenge="1">
    <Element Name="Corner" IsMainEntity="1" BaseEntity="BasicEntity" PositionOffset="0,0,0" Rotation="0,0,0" Model="Objects/props/pots/Plant_pot1.cgf" />
  </ConstructionElement>
  <ConstructionElement Id="housing_plant_tallbush1" Category="Plants" ElementName="@ui_housing_plant_tallbush1" Type="ground_furniture" Prefab="Game/Prefabs/housing_plant_tallbush1.xml" Icon="../u_resources/housing/furnitures/Housing_Furniture_plant_tallbush.jpg" CanBeAttached="0" ReceiveAttachments="0" WoodCost="0" RockCost="0" IronCost="0" GoldCost="5" AvailableInHousing="1" AvailableInDungeonChallenge="1">
    <Element Name="Corner" IsMainEntity="1" BaseEntity="BasicEntity" PositionOffset="0,0,0" Rotation="0,0,0" Model="Objects/props/pots/Plant_pot1.cgf" />
  </ConstructionElement>
  <ConstructionElement Id="BottleA" Category="Ground Furnitures" ElementName="@ui_BottleA" Type="ground_furniture" Prefab="" Icon="../u_resources/housing/furnitures/Housing_Furniture_bottleA.jpg" CanBeAttached="1" ReceiveAttachments="0" WoodCost="0" RockCost="0" IronCost="0" GoldCost="1" AvailableInHousing="1" AvailableInDungeonChallenge="1">
    <Element Name="Corner" IsMainEntity="1" BaseEntity="BasicEntity" PositionOffset="0,0,0" Rotation="0,0,0" Model="Objects/props/Brigand_forest_props/Brigand_forest_props_bottle_A.cgf" />
  </ConstructionElement>
  <ConstructionElement Id="BottleB" Category="Ground Furnitures" ElementName="@ui_BottleB" Type="ground_furniture" Prefab="" Icon="../u_resources/housing/furnitures/Housing_Furniture_bottleB.jpg" CanBeAttached="1" ReceiveAttachments="0" WoodCost="0" RockCost="0" IronCost="0" GoldCost="1" AvailableInHousing="1" AvailableInDungeonChallenge="1">
    <Element Name="Corner" IsMainEntity="1" BaseEntity="BasicEntity" PositionOffset="0,0,0" Rotation="0,0,0" Model="Objects/props/Brigand_forest_props/Brigand_forest_props_bottle_B.cgf" />
  </ConstructionElement>
  <ConstructionElement Id="BottleC" Category="Ground Furnitures" ElementName="@ui_BottleC" Type="ground_furniture" Prefab="" Icon="../u_resources/housing/furnitures/Housing_Furniture_bottleC.jpg" CanBeAttached="1" ReceiveAttachments="0" WoodCost="0" RockCost="0" IronCost="0" GoldCost="1" AvailableInHousing="1" AvailableInDungeonChallenge="1">
    <Element Name="Corner" IsMainEntity="1" BaseEntity="BasicEntity" PositionOffset="0,0,0" Rotation="0,0,0" Model="Objects/props/Brigand_forest_props/Brigand_forest_props_bottle_C.cgf" />
  </ConstructionElement>
  <ConstructionElement Id="BottleD" Category="Ground Furnitures" ElementName="@ui_BottleD" Type="ground_furniture" Prefab="" Icon="../u_resources/housing/furnitures/Housing_Furniture_bottleD.jpg" CanBeAttached="1" ReceiveAttachments="0" WoodCost="0" RockCost="0" IronCost="0" GoldCost="1" AvailableInHousing="1" AvailableInDungeonChallenge="1">
    <Element Name="Corner" IsMainEntity="1" BaseEntity="BasicEntity" PositionOffset="0,0,0" Rotation="0,0,0" Model="Objects/props/Brigand_forest_props/Brigand_forest_props_bottle_D.cgf" />
  </ConstructionElement>
  <ConstructionElement Id="Dishes_Poor_01" Category="Ground Furnitures" ElementName="@ui_Dishes_Poor_01" Type="ground_furniture" Prefab="" Icon="../u_resources/housing/furnitures/Housing_Furniture_dishes_poor_01.jpg" CanBeAttached="1" ReceiveAttachments="0" WoodCost="0" RockCost="0" IronCost="0" GoldCost="5" AvailableInHousing="1" AvailableInDungeonChallenge="1">
    <Element Name="Corner" IsMainEntity="1" BaseEntity="BasicEntity" PositionOffset="0,0,0" Rotation="0,0,0" Model="Objects/Housing/Furnitures/Dishes/SetDeTableDuPauvre01.cgf" />
  </ConstructionElement>
  <ConstructionElement Id="Dishes_Poor_02" Category="Ground Furnitures" ElementName="@ui_Dishes_Poor_02" Type="ground_furniture" Prefab="" Icon="../u_resources/housing/furnitures/Housing_Furniture_dishes_poor_02.jpg" CanBeAttached="1" ReceiveAttachments="0" WoodCost="0" RockCost="0" IronCost="0" GoldCost="5" AvailableInHousing="1" AvailableInDungeonChallenge="1">
    <Element Name="Corner" IsMainEntity="1" BaseEntity="BasicEntity" PositionOffset="0,0,0" Rotation="0,0,0" Model="Objects/Housing/Furnitures/Dishes/SetDeTableDuPauvre02.cgf" />
  </ConstructionElement>
  <ConstructionElement Id="Dishes_Poor_03" Category="Ground Furnitures" ElementName="@ui_Dishes_Poor_03" Type="ground_furniture" Prefab="" Icon="../u_resources/housing/furnitures/Housing_Furniture_dishes_poor_03.jpg" CanBeAttached="1" ReceiveAttachments="0" WoodCost="0" RockCost="0" IronCost="0" GoldCost="5" AvailableInHousing="1" AvailableInDungeonChallenge="1">
    <Element Name="Corner" IsMainEntity="1" BaseEntity="BasicEntity" PositionOffset="0,0,0" Rotation="0,0,0" Model="Objects/Housing/Furnitures/Dishes/SetDeTableDuPauvre03.cgf" />
  </ConstructionElement>
  <ConstructionElement Id="Dishes_Rich_01" Category="Ground Furnitures" ElementName="@ui_Dishes_Rich_01" Type="ground_furniture" Prefab="" Icon="../u_resources/housing/furnitures/Housing_Furniture_dishes_rich_01.jpg" CanBeAttached="1" ReceiveAttachments="0" WoodCost="0" RockCost="0" IronCost="0" GoldCost="10" AvailableInHousing="1" AvailableInDungeonChallenge="1">
    <Element Name="Corner" IsMainEntity="1" BaseEntity="BasicEntity" PositionOffset="0,0,0" Rotation="0,0,0" Model="Objects/Housing/Furnitures/Dishes/SetDeTableDuRiche01.cgf" />
  </ConstructionElement>
  <ConstructionElement Id="Dishes_Rich_02" Category="Ground Furnitures" ElementName="@ui_Dishes_Rich_02" Type="ground_furniture" Prefab="" Icon="../u_resources/housing/furnitures/Housing_Furniture_dishes_rich_02.jpg" CanBeAttached="1" ReceiveAttachments="0" WoodCost="0" RockCost="0" IronCost="0" GoldCost="10" AvailableInHousing="1" AvailableInDungeonChallenge="1">
    <Element Name="Corner" IsMainEntity="1" BaseEntity="BasicEntity" PositionOffset="0,0,0" Rotation="0,0,0" Model="Objects/Housing/Furnitures/Dishes/SetDeTableDuRiche02.cgf" />
  </ConstructionElement>
  <ConstructionElement Id="Dishes_Rich_03" Category="Ground Furnitures" ElementName="@ui_Dishes_Rich_03" Type="ground_furniture" Prefab="" Icon="../u_resources/housing/furnitures/Housing_Furniture_dishes_rich_03.jpg" CanBeAttached="1" ReceiveAttachments="0" WoodCost="0" RockCost="0" IronCost="0" GoldCost="10" AvailableInHousing="1" AvailableInDungeonChallenge="1">
    <Element Name="Corner" IsMainEntity="1" BaseEntity="BasicEntity" PositionOffset="0,0,0" Rotation="0,0,0" Model="Objects/Housing/Furnitures/Dishes/SetDeTableDuRiche03.cgf" />
  </ConstructionElement>
  <ConstructionElement Id="Horne_Poor" Category="Ground Furnitures" ElementName="@ui_Horne_Poor" Type="ground_furniture" Prefab="" Icon="../u_resources/housing/furnitures/Housing_Furniture_horne_poor.jpg" CanBeAttached="1" ReceiveAttachments="0" WoodCost="0" RockCost="0" IronCost="0" GoldCost="5" AvailableInHousing="1" AvailableInDungeonChallenge="1">
    <Element Name="Corner" IsMainEntity="1" BaseEntity="BasicEntity" PositionOffset="0,0,0" Rotation="0,0,0" Model="Objects/Housing/Furnitures/Dishes/WoodHorn.cgf" />
  </ConstructionElement>
  <ConstructionElement Id="Horne_Rich" Category="Ground Furnitures" ElementName="@ui_Horne_Rich" Type="ground_furniture" Prefab="" Icon="../u_resources/housing/furnitures/Housing_Furniture_horne_rich.jpg" CanBeAttached="1" ReceiveAttachments="0" WoodCost="0" RockCost="0" IronCost="0" GoldCost="10" AvailableInHousing="1" AvailableInDungeonChallenge="1">
    <Element Name="Corner" IsMainEntity="1" BaseEntity="BasicEntity" PositionOffset="0,0,0" Rotation="0,0,0" Model="Objects/Housing/Furnitures/Dishes/GoldHorn.cgf" />
  </ConstructionElement>
  <ConstructionElement Id="Tankard_Poor" Category="Ground Furnitures" ElementName="@ui_Tankard_Poor" Type="ground_furniture" Prefab="" Icon="../u_resources/housing/furnitures/Housing_Furniture_tankard_poor.jpg" CanBeAttached="1" ReceiveAttachments="0" WoodCost="0" RockCost="0" IronCost="0" GoldCost="2" AvailableInHousing="1" AvailableInDungeonChallenge="1">
    <Element Name="Corner" IsMainEntity="1" BaseEntity="BasicEntity" PositionOffset="0,0,0" Rotation="0,0,0" Model="Objects/Housing/Furnitures/Dishes/WoodTankard.cgf" />
  </ConstructionElement>
  <ConstructionElement Id="Tankard_Rich" Category="Ground Furnitures" ElementName="@ui_Tankard_Rich" Type="ground_furniture" Prefab="" Icon="../u_resources/housing/furnitures/Housing_Furniture_tankard_rich.jpg" CanBeAttached="1" ReceiveAttachments="0" WoodCost="0" RockCost="0" IronCost="0" GoldCost="5" AvailableInHousing="1" AvailableInDungeonChallenge="1">
    <Element Name="Corner" IsMainEntity="1" BaseEntity="BasicEntity" PositionOffset="0,0,0" Rotation="0,0,0" Model="Objects/Housing/Furnitures/Dishes/GoldTankard.cgf" />
  </ConstructionElement>
  <ConstructionElement Id="DecalBloodSplat1" Category="Ground Furnitures" ElementName="@ui_DecalBloodSplat1" Type="ground_furniture" Prefab="Game/Prefabs/housing_decal_bloodsplat1.xml" Icon="../u_resources/housing/furnitures/Housing_Furniture_decal_bloodsplat1.jpg" CanBeAttached="1" ReceiveAttachments="1" WoodCost="0" RockCost="0" IronCost="0" GoldCost="1" AvailableInHousing="1" AvailableInDungeonChallenge="1">
    <Element Name="Corner" IsMainEntity="1" BaseEntity="BasicEntity" PositionOffset="0,0,0" Rotation="0,0,0" Model="Objects/default/Plane_1x1_nodraw.cgf" />
  </ConstructionElement>
  <ConstructionElement Id="DecalBloodSplat2" Category="Ground Furnitures" ElementName="@ui_DecalBloodSplat2" Type="ground_furniture" Prefab="Game/Prefabs/housing_decal_bloodsplat2.xml" Icon="../u_resources/housing/furnitures/Housing_Furniture_decal_bloodsplat2.jpg" CanBeAttached="1" ReceiveAttachments="1" WoodCost="0" RockCost="0" IronCost="0" GoldCost="1" AvailableInHousing="1" AvailableInDungeonChallenge="1">
    <Element Name="Corner" IsMainEntity="1" BaseEntity="BasicEntity" PositionOffset="0,0,0" Rotation="0,0,0" Model="Objects/default/Plane_1x1_nodraw.cgf" />
  </ConstructionElement>
  <ConstructionElement Id="DecalBloodSplat6" Category="Ground Furnitures" ElementName="@ui_DecalBloodSplat6" Type="ground_furniture" Prefab="Game/Prefabs/housing_decal_spalt6.xml" Icon="../u_resources/housing/furnitures/Housing_Furniture_decal_bloodsplat6.jpg" CanBeAttached="1" ReceiveAttachments="1" WoodCost="0" RockCost="0" IronCost="0" GoldCost="1" AvailableInHousing="1" AvailableInDungeonChallenge="1">
    <Element Name="Corner" IsMainEntity="1" BaseEntity="BasicEntity" PositionOffset="0,0,0" Rotation="0,0,0" Model="Objects/default/Plane_1x1_nodraw.cgf" />
  </ConstructionElement>
  <ConstructionElement Id="DecalBbloodsplatx3" Category="Ground Furnitures" ElementName="@ui_Decalbloodsplatx3" Type="ground_furniture" Prefab="Game/Prefabs/housing_decal_bloodsplatx3.xml" Icon="../u_resources/housing/furnitures/Housing_Furniture_decal_bloodsplatx3.jpg" CanBeAttached="1" ReceiveAttachments="1" WoodCost="0" RockCost="0" IronCost="0" GoldCost="1" AvailableInHousing="1" AvailableInDungeonChallenge="1">
    <Element Name="Corner" IsMainEntity="1" BaseEntity="BasicEntity" PositionOffset="0,0,0" Rotation="0,0,0" Model="Objects/default/Plane_1x1_nodraw.cgf" />
  </ConstructionElement>
  <ConstructionElement Id="Decalbloodsplat4" Category="Ground Furnitures" ElementName="@ui_Decalbloodsplat4" Type="ground_furniture" Prefab="Game/Prefabs/housing_decal_bloodsplat4.xml" Icon="../u_resources/housing/furnitures/Housing_Furniture_decal_bloodsplat4.jpg" CanBeAttached="1" ReceiveAttachments="1" WoodCost="0" RockCost="0" IronCost="0" GoldCost="1" AvailableInHousing="1" AvailableInDungeonChallenge="1">
    <Element Name="Corner" IsMainEntity="1" BaseEntity="BasicEntity" PositionOffset="0,0,0" Rotation="0,0,0" Model="Objects/default/Plane_1x1_nodraw.cgf" />
  </ConstructionElement>
  <ConstructionElement Id="ironvirgin" Category="Ground Furnitures" ElementName="@ui_ironvirgin" Type="ground_furniture" Prefab="" Icon="../u_resources/housing/furnitures/Housing_Furniture_ironvirgin.jpg" CanBeAttached="1" ReceiveAttachments="0" WoodCost="0" RockCost="0" IronCost="0" GoldCost="1" AvailableInHousing="1" AvailableInDungeonChallenge="1">
    <Element Name="Corner" IsMainEntity="100" BaseEntity="BasicEntity" PositionOffset="0,0,0" Rotation="0,0,0" Model="objects/props/cage/ironvirgin.cga" />
  </ConstructionElement>
  <ConstructionElement Id="CageGrounded_Square" Category="Ground Furnitures" ElementName="@ui_CageGrounded_Square" Type="ground_furniture" Prefab="" Icon="../u_resources/housing/furnitures/Housing_Furniture_cage_grounded_square.jpg" CanBeAttached="1" ReceiveAttachments="0" WoodCost="0" RockCost="0" IronCost="0" GoldCost="20" AvailableInHousing="1" AvailableInDungeonChallenge="1">
    <Element Name="Corner" IsMainEntity="1" BaseEntity="BasicEntity" PositionOffset="0,0,0" Rotation="0,0,0" Model="Objects/props/Cage/CageGrounded_Square.cgf" />
  </ConstructionElement>
  <ConstructionElement Id="CageGrounded_Diag" Category="Ground Furnitures" ElementName="@ui_CageGrounded_Diag" Type="ground_furniture" Prefab="" Icon="../u_resources/housing/furnitures/Housing_Furniture_cage_grounded_diag.jpg" CanBeAttached="1" ReceiveAttachments="0" WoodCost="0" RockCost="0" IronCost="0" GoldCost="30" AvailableInHousing="1" AvailableInDungeonChallenge="1">
    <Element Name="Corner" IsMainEntity="1" BaseEntity="BasicEntity" PositionOffset="0,0,0" Rotation="0,0,0" Model="Objects/props/Cage/CageGrounded_Diag.cgf" />
  </ConstructionElement>
  <ConstructionElement Id="CageGrounded_Cylinder" Category="Ground Furnitures" ElementName="@ui_CageGrounded_Cylinder" Type="ground_furniture" Prefab="" Icon="../u_resources/housing/furnitures/Housing_Furniture_cage_grounded_cylinder.jpg" CanBeAttached="1" ReceiveAttachments="0" WoodCost="0" RockCost="0" IronCost="0" GoldCost="10" AvailableInHousing="1" AvailableInDungeonChallenge="1">
    <Element Name="Corner" IsMainEntity="1" BaseEntity="BasicEntity" PositionOffset="0,0,0" Rotation="0,0,0" Model="Objects/props/Cage/CageGrounded_Cylinder.cgf" />
  </ConstructionElement>
</MetaData>