<MetaData>
  <ConstructionElement Id="Housing_Wooden_Wall01" Category="Walls" ElementName="@ui_Housing_Wooden_Wall01" Type="Wall" XSize="1" YSize="1" ListPriority="110" Icon="../u_resources/housing/wall/Housing_Wall_wooden_wall1.jpg" WoodCost="0" RockCost="0" IronCost="0" GoldCost="5" AvailableInHousing="1" AvailableInDungeonChallenge="0">
    <Element Name="" IsMainEntity="1" BaseEntity="ConstructionElement" PositionOffset="0,0,0" Rotation="0,0,0" Model="Game\Objects\Housing\Walls\Housing_Wooden_Wall01.cgf" />
  </ConstructionElement>
  <ConstructionElement Id="Housing_Wooden_Wall02" Category="Walls" ElementName="@ui_Housing_Wooden_Wall02" Type="Wall" XSize="1" YSize="1" ListPriority="111" Icon="../u_resources/housing/wall/Housing_Wall_wooden_wall2.jpg" WoodCost="0" RockCost="0" IronCost="0" GoldCost="7" AvailableInHousing="1" AvailableInDungeonChallenge="0">
    <Element Name="" IsMainEntity="0" BaseEntity="ConstructionElement" PositionOffset="0,0,0" Rotation="0,0,0" Model="Game\Objects\Housing\Walls\Housing_Wooden_Wall02.cgf" />
  </ConstructionElement>
  <ConstructionElement Id="Housing_Wooden_Wall03" Category="Walls" ElementName="@ui_Housing_Wooden_Wall03" Type="Wall" XSize="1" YSize="1" ListPriority="112" Icon="../u_resources/housing/wall/Housing_Wall_wooden_wall3.jpg" WoodCost="0" RockCost="0" IronCost="0" GoldCost="7">
    <Element Name="" IsMainEntity="0" BaseEntity="ConstructionElement" PositionOffset="0,0,0" Rotation="0,0,0" Model="Game\Objects\Housing\Walls\Housing_Wooden_Wall03.cgf" />
  </ConstructionElement>
  <ConstructionElement Id="Housing_Wooden_Door1" Category="Walls" ElementName="@ui_Housing_Wooden_Door1" Type="Door" XSize="1" YSize="1" ListPriority="100" Prefab="Game/Prefabs/housing_wooden_door1.xml" Icon="../u_resources/housing/wall/Housing_Wall_wooden_door1.jpg" WoodCost="0" RockCost="0" IronCost="0" GoldCost="10" AvailableInHousing="1" AvailableInDungeonChallenge="0">
    <Element Name="" IsMainEntity="0" BaseEntity="ConstructionElement" PositionOffset="0,0,0" Rotation="0,0,0" Model="Game\Objects\Housing\Walls\Housing_Wooden_Door1.cgf" />
  </ConstructionElement>
  <ConstructionElement Id="Housing_Wooden_Window01" Category="Walls" ElementName="@ui_Housing_Wooden_Window01" Type="Window" XSize="1" YSize="1" ListPriority="120" Prefab="Game/Prefabs/housing_wooden_window01.xml" Icon="../u_resources/housing/wall/Housing_Wall_wooden_window1.jpg" WoodCost="0" RockCost="0" IronCost="0" GoldCost="10" AvailableInHousing="1" AvailableInDungeonChallenge="0">
    <Element Name="" IsMainEntity="0" BaseEntity="ConstructionElement" PositionOffset="0,0,0" Rotation="0,0,0" Model="Game\Objects\Housing\Walls\Housing_Wooden_Window01.cgf" />
  </ConstructionElement>
  <ConstructionElement Id="Housing_Wooden_Window02" Category="Walls" ElementName="@ui_Housing_Wooden_Window02" Type="Window" XSize="1" YSize="1" ListPriority="121" Prefab="Game/Prefabs/housing_wooden_window02.xml" Icon="../u_resources/housing/wall/Housing_Wall_wooden_window2.jpg" WoodCost="0" RockCost="0" IronCost="0" GoldCost="10" AvailableInHousing="1" AvailableInDungeonChallenge="0">
    <Element Name="" IsMainEntity="0" BaseEntity="ConstructionElement" PositionOffset="0,0,0" Rotation="0,0,0" Model="Game\Objects\Housing\Walls\Housing_Wooden_Window02.cgf" />
  </ConstructionElement>
  <ConstructionElement Id="Housing_Stone_Wall01" Category="Walls" ElementName="@ui_Housing_Stone_Wall01" Type="Wall" XSize="1" YSize="1" ListPriority="210" Icon="../u_resources/housing/wall/Housing_Wall_stone_wall1.jpg" WoodCost="0" RockCost="0" IronCost="0" GoldCost="25" AvailableInHousing="1" AvailableInDungeonChallenge="0">
    <Element Name="" IsMainEntity="0" BaseEntity="ConstructionElement" PositionOffset="0,0,0" Rotation="0,0,0" Model="Game\Objects\Housing\Walls\Housing_Stone_Wall01.cgf" />
  </ConstructionElement>
  <ConstructionElement Id="Housing_Stone_Wall02" Category="Walls" ElementName="@ui_Housing_Stone_Wall02" Type="Wall" XSize="1" YSize="1" ListPriority="211" Icon="../u_resources/housing/wall/Housing_Wall_stone_wall2.jpg" WoodCost="0" RockCost="0" IronCost="0" GoldCost="25" AvailableInHousing="1" AvailableInDungeonChallenge="0">
    <Element Name="" IsMainEntity="0" BaseEntity="ConstructionElement" PositionOffset="0,0,0" Rotation="0,0,0" Model="Game\Objects\Housing\Walls\Housing_Stone_Wall02.cgf" />
  </ConstructionElement>
  <ConstructionElement Id="Housing_Stone_Wall03" Category="Walls" ElementName="@ui_Housing_Stone_Wall03" Type="Wall" XSize="1" YSize="1" ListPriority="212" Icon="../u_resources/housing/wall/Housing_Wall_stone_wall3.jpg" WoodCost="0" RockCost="0" IronCost="0" GoldCost="25" AvailableInHousing="1" AvailableInDungeonChallenge="0">
    <Element Name="" IsMainEntity="0" BaseEntity="ConstructionElement" PositionOffset="0,0,0" Rotation="0,0,0" Model="Game\Objects\Housing\Walls\Housing_Stone_Wall03.cgf" />
  </ConstructionElement>
  <ConstructionElement Id="Housing_Stone_Door1" Category="Walls" ElementName="@ui_Housing_Stone_Door1" Type="Door" XSize="1" YSize="1" ListPriority="200" Prefab="Game/Prefabs/housing_stone_door1.xml" Icon="../u_resources/housing/wall/Housing_Wall_stone_door1.jpg" WoodCost="0" RockCost="0" IronCost="0" GoldCost="30" AvailableInHousing="1" AvailableInDungeonChallenge="0">
    <Element Name="" IsMainEntity="0" BaseEntity="ConstructionElement" PositionOffset="0,0,0" Rotation="0,0,0" Model="Game\Objects\Housing\Walls\Housing_Stone_Door1.cgf" />
  </ConstructionElement>
  <ConstructionElement Id="Housing_Stone_Door2" Category="Walls" ElementName="@ui_Housing_Stone_Door2" Type="Door" XSize="1" YSize="1" ListPriority="201" Prefab="Game/Prefabs/housing_stone_door2.xml" Icon="../u_resources/housing/wall/Housing_Wall_stone_door2.jpg" WoodCost="0" RockCost="0" IronCost="0" GoldCost="30" AvailableInHousing="1" AvailableInDungeonChallenge="0">
    <Element Name="" IsMainEntity="0" BaseEntity="ConstructionElement" PositionOffset="0,0,0" Rotation="0,0,0" Model="Game\Objects\Housing\Walls\Housing_Stone_Door2.cgf" />
  </ConstructionElement>
  <ConstructionElement Id="Housing_Stone_Window1" Category="Walls" ElementName="@ui_Housing_Stone_Window1" Type="Window" XSize="1" YSize="1" ListPriority="220" Prefab="Game/Prefabs/Housing_Stone_Window1.xml" Icon="../u_resources/housing/wall/Housing_Wall_stone_window1.jpg" WoodCost="0" RockCost="0" IronCost="0" GoldCost="40" AvailableInHousing="1" AvailableInDungeonChallenge="0">
    <Element Name="" IsMainEntity="0" BaseEntity="ConstructionElement" PositionOffset="0,0,0" Rotation="0,0,0" Model="Game\Objects\Housing\Walls\Housing_Stone_Window1.cgf" />
  </ConstructionElement>
  <ConstructionElement Id="Housing_Stone_Window2" Category="Walls" ElementName="@ui_Housing_Stone_Window2" Type="Window" XSize="1" YSize="1" ListPriority="221" Prefab="Game/Prefabs/Housing_Stone_Window2.xml" Icon="../u_resources/housing/wall/Housing_Wall_stone_window2.jpg" WoodCost="0" RockCost="0" IronCost="0" GoldCost="40" AvailableInHousing="1" AvailableInDungeonChallenge="0">
    <Element Name="" IsMainEntity="0" BaseEntity="ConstructionElement" PositionOffset="0,0,0" Rotation="0,0,0" Model="Game\Objects\Housing\Walls\Housing_Stone_Window2.cgf" />
  </ConstructionElement>
  <ConstructionElement Id="Housing_Stone_Window3" Category="Walls" ElementName="@ui_Housing_Stone_Window3" Type="Window" XSize="1" YSize="1" ListPriority="222" Prefab="Game/Prefabs/Housing_Stone_Window3.xml" Icon="../u_resources/housing/wall/Housing_Wall_stone_window3.jpg" WoodCost="0" RockCost="0" IronCost="0" GoldCost="40" AvailableInHousing="1" AvailableInDungeonChallenge="0">
    <Element Name="" IsMainEntity="0" BaseEntity="ConstructionElement" PositionOffset="0,0,0" Rotation="0,0,0" Model="Game\Objects\Housing\Walls\Housing_Stone_Window3.cgf" />
  </ConstructionElement>
  <ConstructionElement Id="Housing_Stone_Fireplace" Category="Walls" ElementName="@ui_Housing_Stone_Fireplace" Type="Wall" XSize="1" YSize="1" ListPriority="209" Prefab="Game/Prefabs/Housing_Stone_Fireplace.xml" Icon="../u_resources/housing/wall/Housing_Wall_stone_fireplace.jpg" WoodCost="0" RockCost="0" IronCost="0" GoldCost="50" AvailableInHousing="1" AvailableInDungeonChallenge="0">
    <Element Name="" IsMainEntity="0" BaseEntity="ConstructionElement" PositionOffset="0,0,0" Rotation="0,0,0" Model="Game\Objects\Housing\Walls\Housing_Stone_fireplace.cgf" />
  </ConstructionElement>
  <ConstructionElement Id="Housing_Marble_Wall01" Category="Walls" ElementName="@ui_Housing_Marble_Wall01" Type="Wall" XSize="1" YSize="1" ListPriority="310" Icon="../u_resources/housing/wall/Housing_Wall_marbre_wallBeige.jpg" WoodCost="0" RockCost="0" IronCost="0" GoldCost="70" AvailableInHousing="1" AvailableInDungeonChallenge="0">
    <Element Name="" IsMainEntity="0" BaseEntity="ConstructionElement" PositionOffset="0,0,0" Rotation="0,0,0" Model="Game\Objects\Housing\Walls\Housing_Marble_Wall01.cgf" />
  </ConstructionElement>
  <ConstructionElement Id="Housing_MarbleWhite_Wall01" Category="Walls" ElementName="@ui_Housing_MarbleWhite_Wall01" Type="Wall" XSize="1" YSize="1" ListPriority="311" Icon="../u_resources/housing/wall/Housing_Wall_marbre_wallWhite.jpg" WoodCost="0" RockCost="0" IronCost="0" GoldCost="70" AvailableInHousing="1" AvailableInDungeonChallenge="0">
    <Element Name="" IsMainEntity="0" BaseEntity="ConstructionElement" PositionOffset="0,0,0" Rotation="0,0,0" Model="Game\Objects\Housing\Walls\Housing_MarbleWhite_Wall1.cgf" />
  </ConstructionElement>
  <ConstructionElement Id="Housing_MarbleBlack_Wall01" Category="Walls" ElementName="@ui_Housing_MarbleBlack_Wall01" Type="Wall" XSize="1" YSize="1" ListPriority="312" Icon="../u_resources/housing/wall/Housing_Wall_marbre_wallBlack.jpg" WoodCost="0" RockCost="0" IronCost="0" GoldCost="80" AvailableInHousing="1" AvailableInDungeonChallenge="0">
    <Element Name="" IsMainEntity="0" BaseEntity="ConstructionElement" PositionOffset="0,0,0" Rotation="0,0,0" Model="Game\Objects\Housing\Walls\Housing_MarbleBlack_Wall1.cgf" />
  </ConstructionElement>
  <ConstructionElement Id="Housing_Marble_window1" Category="Walls" ElementName="@ui_Housing_Marble_window1" Type="Window" XSize="1" YSize="1" ListPriority="320" Prefab="Game/Prefabs/housing_marblebeige_window1.xml" Icon="../u_resources/housing/wall/Housing_Wall_marbre_windowbeige.jpg" WoodCost="0" RockCost="0" IronCost="0" GoldCost="100" AvailableInHousing="1" AvailableInDungeonChallenge="0">
    <Element Name="" IsMainEntity="0" BaseEntity="ConstructionElement" PositionOffset="0,0,0" Rotation="0,0,0" Model="Game\Objects\Housing\Walls\Housing_Marble_Window1.cgf" />
  </ConstructionElement>
  <ConstructionElement Id="Housing_MarbleWhite_window1" Category="Walls" ElementName="@ui_Housing_MarbleWhite_window1" Type="Window" XSize="1" YSize="1" ListPriority="321" Prefab="Game/Prefabs/housing_marblewhite_window1.xml" Icon="../u_resources/housing/wall/Housing_Wall_marbre_windowwhite.jpg" WoodCost="0" RockCost="0" IronCost="0" GoldCost="100" AvailableInHousing="1" AvailableInDungeonChallenge="0">
    <Element Name="" IsMainEntity="0" BaseEntity="ConstructionElement" PositionOffset="0,0,0" Rotation="0,0,0" Model="Game\Objects\Housing\Walls\Housing_MarbleWhite_Window1.cgf" />
  </ConstructionElement>
  <ConstructionElement Id="Housing_MarbleBlack_window1" Category="Walls" ElementName="@ui_Housing_MarbleBlack_window1" Type="Window" XSize="1" YSize="1" ListPriority="322" Prefab="Game/Prefabs/housing_marbleblack_window1.xml" Icon="../u_resources/housing/wall/Housing_Wall_marbre_windowblack.jpg" WoodCost="0" RockCost="0" IronCost="0" GoldCost="120" AvailableInHousing="1" AvailableInDungeonChallenge="0">
    <Element Name="" IsMainEntity="0" BaseEntity="ConstructionElement" PositionOffset="0,0,0" Rotation="0,0,0" Model="Game\Objects\Housing\Walls\Housing_MarbleBlack_Window1.cgf" />
  </ConstructionElement>
  <ConstructionElement Id="Housing_Marble_Door1" Category="Walls" ElementName="@ui_Housing_Marble_Door1" Type="Door" XSize="1" YSize="1" ListPriority="300" Prefab="Game/Prefabs/housing_marble_door1.xml" Icon="../u_resources/housing/wall/Housing_Wall_marble_doorBeige.jpg" WoodCost="0" RockCost="0" IronCost="0" GoldCost="100" AvailableInHousing="1" AvailableInDungeonChallenge="0">
    <Element Name="" IsMainEntity="0" BaseEntity="ConstructionElement" PositionOffset="0,0,0" Rotation="0,0,0" Model="Game\Objects\Housing\walls\housing_marble_door1.cgf" />
  </ConstructionElement>
  <ConstructionElement Id="Housing_MarbleWhite_Door1" Category="Walls" ElementName="@ui_Housing_MarbleWhite_Door1" Type="Door" XSize="1" YSize="1" ListPriority="301" Prefab="Game/Prefabs/housing_marblewhite_door1.xml" Icon="../u_resources/housing/wall/Housing_Wall_marble_doorWhite.jpg" WoodCost="0" RockCost="0" IronCost="0" GoldCost="100" AvailableInHousing="1" AvailableInDungeonChallenge="0">
    <Element Name="" IsMainEntity="0" BaseEntity="ConstructionElement" PositionOffset="0,0,0" Rotation="0,0,0" Model="Game\Objects\Housing\Walls\Housing_MarbleWhite_Door1.cgf" />
  </ConstructionElement>
  <ConstructionElement Id="Housing_MarbleBlack_Door1" Category="Walls" ElementName="@ui_Housing_MarbleBlack_Door1" Type="Door" XSize="1" YSize="1" ListPriority="302" Prefab="Game/Prefabs/housing_marbleblack_door1.xml" Icon="../u_resources/housing/wall/Housing_Wall_marble_doorBlack.jpg" WoodCost="0" RockCost="0" IronCost="0" GoldCost="120" AvailableInHousing="1" AvailableInDungeonChallenge="0">
    <Element Name="" IsMainEntity="0" BaseEntity="ConstructionElement" PositionOffset="0,0,0" Rotation="0,0,0" Model="Game\objects\housing\Walls\Housing_MarbleBlack_Door1.cgf" />
  </ConstructionElement>
  <ConstructionElement Id="DC_Wall01" Category="Walls" ElementName="@ui_DC_Wall01" Type="Wall" XSize="1" YSize="1" ListPriority="110" Icon="../u_resources/housing/wall/Housing_Wall_wooden_wall1.jpg" WoodCost="0" RockCost="0" IronCost="0" GoldCost="5" AvailableInHousing="0" AvailableInDungeonChallenge="1">
    <Element Name="" IsMainEntity="1" BaseEntity="ConstructionElement" PositionOffset="0,0,0" Rotation="0,0,0" Model="objects/dungeonchallenge/walls/gc_wall_01_trans1.cgf" />
  </ConstructionElement>
</MetaData>