<MetaData>
  <ConstructionElement Id="DeerHead" Category="Wall Furnitures" ElementName="@ui_DeerHead" Type="wall_furniture" Prefab="" Icon="../u_resources/housing/furniture_deer_head.jpg" CanBeAttached="1" ReceiveAttachments="0" WoodCost="0" RockCost="0" IronCost="0" GoldCost="1" AvailableInHousing="1" AvailableInDungeonChallenge="1">
    <Element Name="Corner" IsMainEntity="1" BaseEntity="BasicEntity" PositionOffset="0,0,0" Rotation="0,0,0" Model="Objects\props\Trophies\Deer\TrophyDeer.cgf" />
  </ConstructionElement>
  <ConstructionElement Id="OgreHead" Category="Wall Furnitures" ElementName="@ui_Ogrehead" Type="wall_furniture" Prefab="" Icon="../u_resources/housing/furniture_ogre_head.jpg" CanBeAttached="1" ReceiveAttachments="0" WoodCost="0" RockCost="0" IronCost="0" GoldCost="1" AvailableInHousing="1" AvailableInDungeonChallenge="1">
    <Element Name="Corner" IsMainEntity="1" BaseEntity="BasicEntity" PositionOffset="0,0,0" Rotation="0,0,180" Model="Objects/props/Trophies/Ogre/TrophyOgreHead.cgf" />
  </ConstructionElement>
  <ConstructionElement Id="Painting_01" Category="Wall Furnitures" ElementName="@ui_Painting_01" Type="wall_furniture" Prefab="" Icon="../u_resources/housing/furnitures/Housing_Furniture_painting_01.jpg" CanBeAttached="1" ReceiveAttachments="0" WoodCost="0" RockCost="0" IronCost="0" GoldCost="1" AvailableInHousing="1" AvailableInDungeonChallenge="1">
    <Element Name="Corner" IsMainEntity="1" BaseEntity="BasicEntity" PositionOffset="0,0,0" Rotation="0,0,180" Model="Objects/Housing/Furnitures/Paintings/Painting_01.cgf" />
  </ConstructionElement>
  <ConstructionElement Id="Painting_02" Category="Wall Furnitures" ElementName="@ui_Painting_02" Type="wall_furniture" Prefab="" Icon="../u_resources/housing/furnitures/Housing_Furniture_painting_02.jpg" CanBeAttached="1" ReceiveAttachments="0" WoodCost="0" RockCost="0" IronCost="0" GoldCost="1" AvailableInHousing="1" AvailableInDungeonChallenge="1">
    <Element Name="Corner" IsMainEntity="1" BaseEntity="BasicEntity" PositionOffset="0,0,0" Rotation="0,0,180" Model="Objects/Housing/Furnitures/Paintings/Painting_02.cgf" />
  </ConstructionElement>
  <ConstructionElement Id="Painting_03" Category="Wall Furnitures" ElementName="@ui_Painting_03" Type="wall_furniture" Prefab="" Icon="../u_resources/housing/furnitures/Housing_Furniture_painting_03.jpg" CanBeAttached="1" ReceiveAttachments="0" WoodCost="0" RockCost="0" IronCost="0" GoldCost="1" AvailableInHousing="1" AvailableInDungeonChallenge="1">
    <Element Name="Corner" IsMainEntity="1" BaseEntity="BasicEntity" PositionOffset="0,0,0" Rotation="0,0,180" Model="Objects/Housing/Furnitures/Paintings/Painting_03.cgf" />
  </ConstructionElement>
  <ConstructionElement Id="Painting_04" Category="Wall Furnitures" ElementName="@ui_Painting_04" Type="wall_furniture" Prefab="" Icon="../u_resources/housing/furnitures/Housing_Furniture_painting_04.jpg" CanBeAttached="1" ReceiveAttachments="0" WoodCost="0" RockCost="0" IronCost="0" GoldCost="1" AvailableInHousing="1" AvailableInDungeonChallenge="1">
    <Element Name="Corner" IsMainEntity="1" BaseEntity="BasicEntity" PositionOffset="0,0,0" Rotation="0,0,180" Model="Objects/Housing/Furnitures/Paintings/Painting_04.cgf" />
  </ConstructionElement>
  <ConstructionElement Id="Painting_05" Category="Wall Furnitures" ElementName="@ui_Painting_05" Type="wall_furniture" Prefab="" Icon="../u_resources/housing/furnitures/Housing_Furniture_painting_05.jpg" CanBeAttached="1" ReceiveAttachments="0" WoodCost="0" RockCost="0" IronCost="0" GoldCost="1" AvailableInHousing="1" AvailableInDungeonChallenge="1">
    <Element Name="Corner" IsMainEntity="1" BaseEntity="BasicEntity" PositionOffset="0,0,0" Rotation="0,0,180" Model="Objects/Housing/Furnitures/Paintings/Painting_05.cgf" />
  </ConstructionElement>
  <ConstructionElement Id="Painting_06" Category="Wall Furnitures" ElementName="@ui_Painting_06" Type="wall_furniture" Prefab="" Icon="../u_resources/housing/furnitures/Housing_Furniture_painting_06.jpg" CanBeAttached="1" ReceiveAttachments="0" WoodCost="0" RockCost="0" IronCost="0" GoldCost="1" AvailableInHousing="1" AvailableInDungeonChallenge="1">
    <Element Name="Corner" IsMainEntity="1" BaseEntity="BasicEntity" PositionOffset="0,0,0" Rotation="0,0,180" Model="Objects/Housing/Furnitures/Paintings/Painting_06.cgf" />
  </ConstructionElement>
  <ConstructionElement Id="Painting_07" Category="Wall Furnitures" ElementName="@ui_Painting_07" Type="wall_furniture" Prefab="" Icon="../u_resources/housing/furnitures/Housing_Furniture_painting_07.jpg" CanBeAttached="1" ReceiveAttachments="0" WoodCost="0" RockCost="0" IronCost="0" GoldCost="1" AvailableInHousing="1" AvailableInDungeonChallenge="1">
    <Element Name="Corner" IsMainEntity="1" BaseEntity="BasicEntity" PositionOffset="0,0,0" Rotation="0,0,180" Model="Objects/Housing/Furnitures/Paintings/Painting_07.cgf" />
  </ConstructionElement>
  <ConstructionElement Id="Painting_08" Category="Wall Furnitures" ElementName="@ui_Painting_08" Type="wall_furniture" Prefab="" Icon="../u_resources/housing/furnitures/Housing_Furniture_painting_08.jpg" CanBeAttached="1" ReceiveAttachments="0" WoodCost="0" RockCost="0" IronCost="0" GoldCost="1" AvailableInHousing="1" AvailableInDungeonChallenge="1">
    <Element Name="Corner" IsMainEntity="1" BaseEntity="BasicEntity" PositionOffset="0,0,0" Rotation="0,0,180" Model="Objects/Housing/Furnitures/Paintings/Painting_08.cgf" />
  </ConstructionElement>
  <ConstructionElement Id="Painting_09" Category="Wall Furnitures" ElementName="@ui_Painting_09" Type="wall_furniture" Prefab="" Icon="../u_resources/housing/furnitures/Housing_Furniture_painting_09.jpg" CanBeAttached="1" ReceiveAttachments="0" WoodCost="0" RockCost="0" IronCost="0" GoldCost="1" AvailableInHousing="1" AvailableInDungeonChallenge="1">
    <Element Name="Corner" IsMainEntity="1" BaseEntity="BasicEntity" PositionOffset="0,0,0" Rotation="0,0,180" Model="Objects/Housing/Furnitures/Paintings/Painting_09.cgf" />
  </ConstructionElement>
  <ConstructionElement Id="Cage_Wall_Small" Category="Wall Furnitures" ElementName="@ui_Cage_Wall_Small" Type="wall_furniture" Prefab="" Icon="../u_resources/housing/furnitures/Housing_Furniture_cage_wall_small.jpg" CanBeAttached="1" ReceiveAttachments="0" WoodCost="0" RockCost="0" IronCost="0" GoldCost="8" AvailableInHousing="1" AvailableInDungeonChallenge="1">
    <Element Name="Corner" IsMainEntity="1" BaseEntity="BasicEntity" PositionOffset="0,0,0" Rotation="0,0,0" Model="Objects/props/Cage/CageWall_Small.cgf" />
  </ConstructionElement>
  <ConstructionElement Id="Cage_Wall_Big" Category="Wall Furnitures" ElementName="@ui_Cage_Wall_Big" Type="wall_furniture" Prefab="" Icon="../u_resources/housing/furnitures/Housing_Furniture_cage_wall_big.jpg" CanBeAttached="1" ReceiveAttachments="0" WoodCost="0" RockCost="0" IronCost="0" GoldCost="12" AvailableInHousing="1" AvailableInDungeonChallenge="1">
    <Element Name="Corner" IsMainEntity="1" BaseEntity="BasicEntity" PositionOffset="0,0,0" Rotation="0,0,0" Model="Objects/props/Cage/CageWall_Big.cgf" />
  </ConstructionElement>
</MetaData>