<Families>
  <SpawnClassFamily Name="BanditM1">
    <SpawnChoice SpawnClassName="bandits_1" Weight="100" />
  </SpawnClassFamily>
  <SpawnClassFamily Name="BanditM2">
    <SpawnChoice SpawnClassName="bandits_1_2" Weight="100" />
  </SpawnClassFamily>
  <SpawnClassFamily Name="BanditM3">
    <SpawnChoice SpawnClassName="bandits_1_3" Weight="100" />
  </SpawnClassFamily>
  <SpawnClassFamily Name="Bandits_R">
    <SpawnChoice SpawnClassName="bandits_2" Weight="100" />
  </SpawnClassFamily>
  <SpawnClassFamily Name="Bandits_W">
    <SpawnChoice SpawnClassName="bandits_4" Weight="100" />
  </SpawnClassFamily>
  <SpawnClassFamily Name="Bandits_KM">
    <SpawnChoice SpawnClassName="bandits_3" Weight="100" />
  </SpawnClassFamily>
  <SpawnClassFamily Name="Bandits_T">
    <SpawnChoice SpawnClassName="bandits_5" Weight="100" />
  </SpawnClassFamily>
  <SpawnClassFamily Name="Bandits_WL">
    <SpawnChoice SpawnClassName="bandits_6" Weight="100" />
  </SpawnClassFamily>
  <SpawnClassFamily Name="Bandits_Trashs">
    <SpawnChoice SpawnClassName="bandits_7" Weight="100" />
  </SpawnClassFamily>
  <SpawnClassFamily Name="Bandits_Pack">
    <SpawnChoice SpawnClassName="bandits_8" Weight="100" />
  </SpawnClassFamily>
  <SpawnClassFamily Name="Bandits_Hunt">
    <SpawnChoice SpawnClassName="bandits_9" Weight="100" />
  </SpawnClassFamily>
  <SpawnClassFamily Name="Bandits_Ambush">
    <SpawnChoice SpawnClassName="bandits_10" Weight="100" />
  </SpawnClassFamily>
  <SpawnClassFamily Name="Bandits_Elite">
    <SpawnChoice SpawnClassName="bandits_11" Weight="100" />
  </SpawnClassFamily>
  <SpawnClassFamily Name="Bandits_Random">
    <SpawnChoice SpawnClassName="bandits_8" Weight="25" />
    <SpawnChoice SpawnClassName="bandits_9" Weight="25" />
    <SpawnChoice SpawnClassName="bandits_10" Weight="35" />
    <SpawnChoice SpawnClassName="bandits_11" Weight="20" />
    <SpawnChoice SpawnClassName="bandits_12" Weight="5" />
  </SpawnClassFamily>
</Families>