<MetaData>
  <SpawnClassFamily Name="Scf_A1_CoS_TPS_A">
    <SpawnChoice SpawnClassName="Sc_A1_CoS_TPS_A" Weight="100" />
  </SpawnClassFamily>
  <SpawnClassFamily Name="Scf_A1_CoS_TPS_LS">
    <SpawnChoice SpawnClassName="Sc_A1_CoS_TPS_LS" Weight="100" />
  </SpawnClassFamily>
  <SpawnClassFamily Name="Scf_A1_CoS_TPS_HB">
    <SpawnChoice SpawnClassName="Sc_A1_CoS_TPS_HB" Weight="100" />
  </SpawnClassFamily>
  <SpawnClassFamily Name="Scf_A1_CoS_TPS_CoS">
    <SpawnChoice SpawnClassName="Sc_A1_CoS_TPS_CoS" Weight="100" />
  </SpawnClassFamily>
  <SpawnClassFamily Name="Scf_A1_CoS_TPS_TB">
    <SpawnChoice SpawnClassName="Sc_A1_CoS_TPS_TB" Weight="100" />
  </SpawnClassFamily>
  <SpawnClassFamily Name="Scf_A1_CoS_TPS_R">
    <SpawnChoice SpawnClassName="Sc_A1_CoS_TPS_R" Weight="100" />
  </SpawnClassFamily>
  <SpawnClassFamily Name="Scf_A1_CoS_TPS_G">
    <SpawnChoice SpawnClassName="Sc_A1_CoS_TPS_G" Weight="100" />
  </SpawnClassFamily>
  <SpawnClassFamily Name="Scf_A1_CoS_TPS_EASY">
    <SpawnChoice SpawnClassName="Sc_A1_CoS_TPS_E1" Weight="40" />
    <SpawnChoice SpawnClassName="Sc_A1_CoS_TPS_E2" Weight="40" />
    <SpawnChoice SpawnClassName="Sc_A1_CoS_TPS_E3" Weight="20" />
  </SpawnClassFamily>
  <SpawnClassFamily Name="Scf_A1_CoS_TPS_MEDIUM">
    <SpawnChoice SpawnClassName="Sc_A1_CoS_TPS_M1" Weight="20" />
    <SpawnChoice SpawnClassName="Sc_A1_CoS_TPS_M2" Weight="20" />
    <SpawnChoice SpawnClassName="Sc_A1_CoS_TPS_M3" Weight="50" />
    <SpawnChoice SpawnClassName="Sc_A1_CoS_TPS_M4" Weight="10" />
  </SpawnClassFamily>
  <SpawnClassFamily Name="Scf_A1_CoS_TPS_HARD">
    <SpawnChoice SpawnClassName="Sc_A1_CoS_TPS_H1" Weight="20" />
    <SpawnChoice SpawnClassName="Sc_A1_CoS_TPS_H2" Weight="20" />
    <SpawnChoice SpawnClassName="Sc_A1_CoS_TPS_H3" Weight="50" />
    <SpawnChoice SpawnClassName="Sc_A1_CoS_TPS_H4" Weight="10" />
  </SpawnClassFamily>
  <SpawnClassFamily Name="Scf_A1_CoS_TPS_VERYHARD">
    <SpawnChoice SpawnClassName="Sc_A1_CoS_TPS_VH1" Weight="20" />
    <SpawnChoice SpawnClassName="Sc_A1_CoS_TPS_VH2" Weight="20" />
    <SpawnChoice SpawnClassName="Sc_A1_CoS_TPS_VH3" Weight="20" />
    <SpawnChoice SpawnClassName="Sc_A1_CoS_TPS_VH4" Weight="10" />
    <SpawnChoice SpawnClassName="Sc_A1_CoS_TPS_VH5" Weight="8" />
    <SpawnChoice SpawnClassName="Sc_A1_CoS_TPS_VH6" Weight="2" />
    <SpawnChoice SpawnClassName="Sc_A1_CoS_TPS_VH7" Weight="20" />
  </SpawnClassFamily>
</MetaData>