<Families>
  <SpawnClassFamily Name="Scf_A1_S_SL_O">
    <SpawnChoice SpawnClassName="Sc_A1_S_SL_O" Weight="100" />
  </SpawnClassFamily>
  <SpawnClassFamily Name="A1_S_SL_Ob">
    <SpawnChoice SpawnClassName="Sc_A1_S_SL_Ob" Weight="100" />
  </SpawnClassFamily>
  <SpawnClassFamily Name="Scf_A1_S_SL_Bspi">
    <SpawnChoice SpawnClassName="Sc_A1_S_SL_Bspi" Weight="100" />
  </SpawnClassFamily>
  <SpawnClassFamily Name="Scf_A1_S_SL_BSc">
    <SpawnChoice SpawnClassName="Sc_A1_S_SL_Bscr" Weight="100" />
  </SpawnClassFamily>
  <SpawnClassFamily Name="Scf_A1_S_SL_BSpa">
    <SpawnChoice SpawnClassName="Sc_A1_S_SL_Bspa" Weight="100" />
  </SpawnClassFamily>
  <SpawnClassFamily Name="Scf_A1_S_SL_A">
    <SpawnChoice SpawnClassName="Sc_A1_S_SL_Ap" Weight="100" />
  </SpawnClassFamily>
  <SpawnClassFamily Name="Scf_A1_S_SL_EASY">
    <SpawnChoice SpawnClassName="Sc_A1_S_SL_E1" Weight="20" />
    <SpawnChoice SpawnClassName="Sc_A1_S_SL_E2" Weight="25" />
    <SpawnChoice SpawnClassName="Sc_A1_S_SL_E3" Weight="25" />
    <SpawnChoice SpawnClassName="Sc_A1_S_SL_E4" Weight="25" />
    <SpawnChoice SpawnClassName="Sc_A1_S_SL_E5" Weight="5" />
  </SpawnClassFamily>
  <SpawnClassFamily Name="Scf_A1_S_SL_MEDIUM">
    <SpawnChoice SpawnClassName="Sc_A1_S_SL_M1" Weight="25" />
    <SpawnChoice SpawnClassName="Sc_A1_S_SL_M2" Weight="25" />
    <SpawnChoice SpawnClassName="Sc_A1_S_SL_M3" Weight="25" />
    <SpawnChoice SpawnClassName="Sc_A1_S_SL_M4" Weight="25" />
  </SpawnClassFamily>
  <SpawnClassFamily Name="Scf_A1_S_SL_HARD">
    <SpawnChoice SpawnClassName="Sc_A1_S_SL_H1" Weight="25" />
    <SpawnChoice SpawnClassName="Sc_A1_S_SL_H2" Weight="25" />
    <SpawnChoice SpawnClassName="Sc_A1_S_SL_H3" Weight="25" />
    <SpawnChoice SpawnClassName="Sc_A1_S_SL_H4" Weight="5" />
    <SpawnChoice SpawnClassName="Sc_A1_S_SL_H5" Weight="20" />
  </SpawnClassFamily>
  <SpawnClassFamily Name="Scf_A1_S_SL_VERYHARD">
    <SpawnChoice SpawnClassName="Sc_A1_S_SL_VH1" Weight="33" />
    <SpawnChoice SpawnClassName="Sc_A1_S_SL_VH2" Weight="33" />
    <SpawnChoice SpawnClassName="Sc_A1_S_SL_VH3" Weight="33" />
    <SpawnChoice SpawnClassName="Sc_A1_S_SL_VH4" Weight="1" />
  </SpawnClassFamily>
</Families>