<Families>
  <SpawnClassFamily Name="Scf_A1_S_FS_O">
    <SpawnChoice SpawnClassName="Sc_A1_S_FS_O" Weight="100" />
  </SpawnClassFamily>
  <SpawnClassFamily Name="A1_S_FS_Ob">
    <SpawnChoice SpawnClassName="Sc_A1_S_FS_Ob" Weight="100" />
  </SpawnClassFamily>
  <SpawnClassFamily Name="Scf_A1_O_FS_Me1">
    <SpawnChoice SpawnClassName="Sc_A1_O_FS_Me1" Weight="100" />
  </SpawnClassFamily>
  <SpawnClassFamily Name="Scf_A1_O_FS_Me2">
    <SpawnChoice SpawnClassName="Sc_A1_O_FS_Me2" Weight="100" />
  </SpawnClassFamily>
  <SpawnClassFamily Name="Scf_A1_O_FS_Me3">
    <SpawnChoice SpawnClassName="Sc_A1_O_FS_Me3" Weight="100" />
  </SpawnClassFamily>
  <SpawnClassFamily Name="A1_O_FS_R">
    <SpawnChoice SpawnClassName="Sc_A1_O_FS_R" Weight="100" />
  </SpawnClassFamily>
  <SpawnClassFamily Name="A1_O_FS_W">
    <SpawnChoice SpawnClassName="Sc_A1_O_FS_W" Weight="100" />
  </SpawnClassFamily>
  <SpawnClassFamily Name="Scf_A1_S_FS_Bspi">
    <SpawnChoice SpawnClassName="Sc_A1_S_FS_Bspi" Weight="100" />
  </SpawnClassFamily>
  <SpawnClassFamily Name="Scf_A1_S_FS_BSpa">
    <SpawnChoice SpawnClassName="Sc_A1_S_FS_Bspa" Weight="100" />
  </SpawnClassFamily>
  <SpawnClassFamily Name="Scf_A1_O_FS_KM">
    <SpawnChoice SpawnClassName="Sc_A1_O_FS_KM" Weight="100" />
  </SpawnClassFamily>
  <SpawnClassFamily Name="Scf_A1_S_FS_A">
    <SpawnChoice SpawnClassName="Sc_A1_S_FS_Ap" Weight="100" />
  </SpawnClassFamily>
  <SpawnClassFamily Name="Scf_A1_S_FS_EASY">
    <SpawnChoice SpawnClassName="Sc_A1_S_FS_E1" Weight="20" />
    <SpawnChoice SpawnClassName="Sc_A1_S_FS_E2" Weight="25" />
    <SpawnChoice SpawnClassName="Sc_A1_S_FS_E3" Weight="25" />
  </SpawnClassFamily>
  <SpawnClassFamily Name="Scf_A1_O_FS_EASY">
    <SpawnChoice SpawnClassName="Sc_A1_S_FS_E1" Weight="20" />
    <SpawnChoice SpawnClassName="Sc_A1_S_FS_E2" Weight="25" />
  </SpawnClassFamily>
  <SpawnClassFamily Name="Scf_A1_S_FS_MEDIUM">
    <SpawnChoice SpawnClassName="Sc_A1_S_FS_M1" Weight="45" />
    <SpawnChoice SpawnClassName="Sc_A1_S_FS_M2" Weight="45" />
    <SpawnChoice SpawnClassName="Sc_A1_S_FS_M3" Weight="10" />
  </SpawnClassFamily>
  <SpawnClassFamily Name="Scf_A1_O_FS_MEDIUM">
    <SpawnChoice SpawnClassName="Sc_A1_S_FS_M1" Weight="25" />
    <SpawnChoice SpawnClassName="Sc_A1_S_FS_M2" Weight="25" />
  </SpawnClassFamily>
  <SpawnClassFamily Name="Scf_A1_S_FS_HARD">
    <SpawnChoice SpawnClassName="Sc_A1_S_FS_H1" Weight="20" />
    <SpawnChoice SpawnClassName="Sc_A1_S_FS_H2" Weight="20" />
    <SpawnChoice SpawnClassName="Sc_A1_S_FS_H3" Weight="5" />
    <SpawnChoice SpawnClassName="Sc_A1_S_FS_H4" Weight="50" />
    <SpawnChoice SpawnClassName="Sc_A1_S_FS_H5" Weight="5" />
  </SpawnClassFamily>
  <SpawnClassFamily Name="Scf_A1_S_FS_VERYHARD">
    <SpawnChoice SpawnClassName="Sc_A1_S_FS_VH1" Weight="49.5" />
    <SpawnChoice SpawnClassName="Sc_A1_S_FS_VH2" Weight="50" />
    <SpawnChoice SpawnClassName="Sc_A1_S_FS_VH3" Weight="0.5" />
  </SpawnClassFamily>
</Families>