<Families>
  <SpawnClassFamily Name="Scf_A1_O_BO_Me1">
    <SpawnChoice SpawnClassName="Sc_A1_O_BO_Me1" Weight="100" />
  </SpawnClassFamily>
  <SpawnClassFamily Name="Scf_A1_O_BO_Me2">
    <SpawnChoice SpawnClassName="Sc_A1_O_BO_Me2" Weight="100" />
  </SpawnClassFamily>
  <SpawnClassFamily Name="Scf_A1_O_BO_Me3">
    <SpawnChoice SpawnClassName="Sc_A1_O_BO_Me3" Weight="100" />
  </SpawnClassFamily>
  <SpawnClassFamily Name="Scf_A1_O_BO_R">
    <SpawnChoice SpawnClassName="Sc_A1_O_BO_R" Weight="100" />
  </SpawnClassFamily>
  <SpawnClassFamily Name="Scf_A1_O_BO_W">
    <SpawnChoice SpawnClassName="Sc_A1_O_BO_W" Weight="100" />
  </SpawnClassFamily>
  <SpawnClassFamily Name="Scf_A1_O_BO_KM">
    <SpawnChoice SpawnClassName="Sc_A1_O_BO_KM" Weight="100" />
  </SpawnClassFamily>
  <SpawnClassFamily Name="Scf_A1_O_BO_EASY">
    <SpawnChoice SpawnClassName="Sc_A1_O_BO_E1" Weight="45" />
    <SpawnChoice SpawnClassName="Sc_A1_O_BO_E2" Weight="45" />
    <SpawnChoice SpawnClassName="Sc_A1_O_BO_E3" Weight="10" />
  </SpawnClassFamily>
  <SpawnClassFamily Name="Scf_A1_O_BO_MEDIUM">
    <SpawnChoice SpawnClassName="Sc_A1_O_BO_M1" Weight="45" />
    <SpawnChoice SpawnClassName="Sc_A1_O_BO_M2" Weight="45" />
    <SpawnChoice SpawnClassName="Sc_A1_O_BO_M3" Weight="10" />
  </SpawnClassFamily>
  <SpawnClassFamily Name="Scf_A1_O_BO_HARD">
    <SpawnChoice SpawnClassName="Sc_A1_O_BO_H1" Weight="98" />
    <SpawnChoice SpawnClassName="Sc_A1_O_BO_H2" Weight="2" />
  </SpawnClassFamily>
  <SpawnClassFamily Name="Scf_A1_O_BO_VERYHARD">
    <SpawnChoice SpawnClassName="Sc_A1_O_BO_VH1" Weight="100" />
  </SpawnClassFamily>
</Families>