<Families>
  <SpawnClassFamily Name="Scf_A1_S_GV_O">
    <SpawnChoice SpawnClassName="Sc_A1_S_GV_O" Weight="100" />
  </SpawnClassFamily>
  <SpawnClassFamily Name="Scf_A1_O_GV_Me1">
    <SpawnChoice SpawnClassName="Sc_A1_O_GV_Me1" Weight="100" />
  </SpawnClassFamily>
  <SpawnClassFamily Name="Scf_A1_O_GV_Me2">
    <SpawnChoice SpawnClassName="Sc_A1_O_GV_Me2" Weight="100" />
  </SpawnClassFamily>
  <SpawnClassFamily Name="Scf_A1_O_GV_Me3">
    <SpawnChoice SpawnClassName="Sc_A1_O_GV_Me3" Weight="100" />
  </SpawnClassFamily>
  <SpawnClassFamily Name="Scf_A1_O_GV_R">
    <SpawnChoice SpawnClassName="Sc_A1_O_GV_R" Weight="100" />
  </SpawnClassFamily>
  <SpawnClassFamily Name="Scf_A1_O_GV_W">
    <SpawnChoice SpawnClassName="Sc_A1_O_GV_W" Weight="100" />
  </SpawnClassFamily>
  <SpawnClassFamily Name="Scf_A1_O_GV_KM">
    <SpawnChoice SpawnClassName="Sc_A1_O_GV_KM" Weight="100" />
  </SpawnClassFamily>
  <SpawnClassFamily Name="Scf_A1_O_GV_T">
    <SpawnChoice SpawnClassName="Sc_A1_O_GV_T" Weight="100" />
  </SpawnClassFamily>
  <SpawnClassFamily Name="Scf_A1_O_GV_ST">
    <SpawnChoice SpawnClassName="Sc_A1_O_GV_ST" Weight="100" />
  </SpawnClassFamily>
  <SpawnClassFamily Name="Scf_A1_O_GV_EASY">
    <SpawnChoice SpawnClassName="Sc_A1_O_GV_E1" Weight="20" />
    <SpawnChoice SpawnClassName="Sc_A1_O_GV_E2" Weight="40" />
    <SpawnChoice SpawnClassName="Sc_A1_O_GV_E3" Weight="40" />
  </SpawnClassFamily>
  <SpawnClassFamily Name="Scf_A1_O_GV_MEDIUM">
    <SpawnChoice SpawnClassName="Sc_A1_O_GV_M1" Weight="45" />
    <SpawnChoice SpawnClassName="Sc_A1_O_GV_M2" Weight="45" />
    <SpawnChoice SpawnClassName="Sc_A1_O_GV_M3" Weight="10" />
  </SpawnClassFamily>
  <SpawnClassFamily Name="Scf_A1_O_GV_HARD">
    <SpawnChoice SpawnClassName="Sc_A1_O_GV_H1" Weight="20" />
    <SpawnChoice SpawnClassName="Sc_A1_O_GV_H2" Weight="20" />
    <SpawnChoice SpawnClassName="Sc_A1_O_GV_H2" Weight="20" />
    <SpawnChoice SpawnClassName="Sc_A1_O_GV_H2" Weight="40" />
  </SpawnClassFamily>
  <SpawnClassFamily Name="Scf_A1_O_GV_VERYHARD">
    <SpawnChoice SpawnClassName="Sc_A1_O_GV_VH1" Weight="70" />
    <SpawnChoice SpawnClassName="Sc_A1_O_GV_VH2" Weight="25" />
    <SpawnChoice SpawnClassName="Sc_A1_O_GV_VH3" Weight="5" />
  </SpawnClassFamily>
</Families>