<Families>
  <SpawnClassFamily Name="svriir_O">
    <SpawnChoice SpawnClassName="sc_svriir_T" Weight="100" />
  </SpawnClassFamily>
  <SpawnClassFamily Name="svriir_Tuto">
    <SpawnChoice SpawnClassName="sc_svriir_Tuto" Weight="100" />
  </SpawnClassFamily>
  <SpawnClassFamily Name="svriir_Tuto2">
    <SpawnChoice SpawnClassName="sc_svriir_Tuto2" Weight="100" />
  </SpawnClassFamily>
  <SpawnClassFamily Name="svriir_Ob">
    <SpawnChoice SpawnClassName="sc_svriir_T6" Weight="100" />
  </SpawnClassFamily>
  <SpawnClassFamily Name="svriir_BS">
    <SpawnChoice SpawnClassName="sc_svriir_T2" Weight="100" />
  </SpawnClassFamily>
  <SpawnClassFamily Name="svriir_BSc">
    <SpawnChoice SpawnClassName="sc_svriir_T3" Weight="100" />
  </SpawnClassFamily>
  <SpawnClassFamily Name="svriir_BSpa">
    <SpawnChoice SpawnClassName="sc_svriir_T4" Weight="100" />
  </SpawnClassFamily>
  <SpawnClassFamily Name="svriir_A">
    <SpawnChoice SpawnClassName="sc_svriir_T5" Weight="100" />
  </SpawnClassFamily>
  <SpawnClassFamily Name="svriir_EASY">
    <SpawnChoice SpawnClassName="sc_svriir_T9" Weight="25" />
    <SpawnChoice SpawnClassName="sc_svriir_T10" Weight="35" />
    <SpawnChoice SpawnClassName="sc_svriir_T11" Weight="35" />
    <SpawnChoice SpawnClassName="sc_svriir_T12" Weight="5" />
  </SpawnClassFamily>
  <SpawnClassFamily Name="svriir_MEDIUM">
    <SpawnChoice SpawnClassName="sc_svriir_T13" Weight="25" />
    <SpawnChoice SpawnClassName="sc_svriir_T14" Weight="25" />
    <SpawnChoice SpawnClassName="sc_svriir_T15" Weight="25" />
    <SpawnChoice SpawnClassName="sc_svriir_T16" Weight="25" />
  </SpawnClassFamily>
  <SpawnClassFamily Name="svriir_HARD">
    <SpawnChoice SpawnClassName="sc_svriir_T17" Weight="25" />
    <SpawnChoice SpawnClassName="sc_svriir_T18" Weight="25" />
    <SpawnChoice SpawnClassName="sc_svriir_T19" Weight="20" />
    <SpawnChoice SpawnClassName="sc_svriir_T20" Weight="10" />
    <SpawnChoice SpawnClassName="sc_svriir_T21" Weight="20" />
  </SpawnClassFamily>
  <SpawnClassFamily Name="svriir_VERYHARD">
    <SpawnChoice SpawnClassName="sc_svriir_T22" Weight="33" />
    <SpawnChoice SpawnClassName="sc_svriir_T23" Weight="34" />
    <SpawnChoice SpawnClassName="sc_svriir_T24" Weight="33" />
  </SpawnClassFamily>
</Families>