<Families>
  <SpawnClassFamily Name="Scf_A1_S_SC_O">
    <SpawnChoice SpawnClassName="Sc_A1_S_SC_O" Weight="100" />
  </SpawnClassFamily>
  <SpawnClassFamily Name="Scf_A1_S_SC_Tuto">
    <SpawnChoice SpawnClassName="Sc_A1_S_SC_Tuto" Weight="100" />
  </SpawnClassFamily>
  <SpawnClassFamily Name="Scf_A1_S_SC_Tuto2">
    <SpawnChoice SpawnClassName="Sc_A1_S_SC_Tuto2" Weight="100" />
  </SpawnClassFamily>
  <SpawnClassFamily Name="Scf_A1_S_SC_Ob">
    <SpawnChoice SpawnClassName="Sc_A1_S_SC_Ob" Weight="100" />
  </SpawnClassFamily>
  <SpawnClassFamily Name="Scf_A1_S_SC_Bspi">
    <SpawnChoice SpawnClassName="Sc_A1_S_SC_Bspi" Weight="100" />
  </SpawnClassFamily>
  <SpawnClassFamily Name="Scf_A1_S_SC_EASY">
    <SpawnChoice SpawnClassName="Sc_A1_S_SC_E1" Weight="50" />
    <SpawnChoice SpawnClassName="Sc_A1_S_SC_E2" Weight="50" />
  </SpawnClassFamily>
  <SpawnClassFamily Name="Scf_A1_S_SC_MEDIUM">
    <SpawnChoice SpawnClassName="Sc_A1_S_SC_M1" Weight="30" />
    <SpawnChoice SpawnClassName="Sc_A1_S_SC_M2" Weight="30" />
    <SpawnChoice SpawnClassName="Sc_A1_S_SC_M3" Weight="30" />
    <SpawnChoice SpawnClassName="Sc_A1_S_SC_M4" Weight="10" />
  </SpawnClassFamily>
</Families>