<MetaData>
  <SpawnClassFamily Name="Scf_A1_Cos_N_Z">
    <SpawnChoice SpawnClassName="Sc_A1_Cos_N_Z" Weight="100" />
  </SpawnClassFamily>
  <SpawnClassFamily Name="Scf_A1_Cos_N_ZS">
    <SpawnChoice SpawnClassName="Sc_A1_Cos_N_ZS" Weight="100" />
  </SpawnClassFamily>
  <SpawnClassFamily Name="Scf_A1_Cos_N_HB">
    <SpawnChoice SpawnClassName="Sc_A1_Cos_N_HB" Weight="100" />
  </SpawnClassFamily>
  <SpawnClassFamily Name="Scf_A1_Cos_N_R">
    <SpawnChoice SpawnClassName="Sc_A1_Cos_N_R" Weight="100" />
  </SpawnClassFamily>
  <SpawnClassFamily Name="Scf_A1_Cos_N_TB">
    <SpawnChoice SpawnClassName="Sc_A1_Cos_N_TB" Weight="100" />
  </SpawnClassFamily>
  <SpawnClassFamily Name="Scf_A1_Cos_N_B">
    <SpawnChoice SpawnClassName="Sc_A1_Cos_N_B" Weight="100" />
  </SpawnClassFamily>
  <SpawnClassFamily Name="Scf_A1_Cos_N_EASY">
    <SpawnChoice SpawnClassName="Sc_A1_Cos_N_E1" Weight="30" />
    <SpawnChoice SpawnClassName="Sc_A1_Cos_N_E2" Weight="30" />
    <SpawnChoice SpawnClassName="Sc_A1_Cos_N_E3" Weight="20" />
    <SpawnChoice SpawnClassName="Sc_A1_Cos_N_E5" Weight="10" />
    <SpawnChoice SpawnClassName="Sc_A1_Cos_N_E6" Weight="10" />
  </SpawnClassFamily>
  <SpawnClassFamily Name="Scf_A1_Cos_N2_EASY">
    <SpawnChoice SpawnClassName="Sc_A1_Cos_N_E1" Weight="15" />
    <SpawnChoice SpawnClassName="Sc_A1_Cos_N_E2" Weight="15" />
    <SpawnChoice SpawnClassName="Sc_A1_Cos_N_E3" Weight="15" />
    <SpawnChoice SpawnClassName="Sc_A1_Cos_N_E4" Weight="15" />
    <SpawnChoice SpawnClassName="Sc_A1_Cos_N_E5" Weight="15" />
    <SpawnChoice SpawnClassName="Sc_A1_Cos_N_E6" Weight="10" />
    <SpawnChoice SpawnClassName="Sc_A1_Cos_N_E7" Weight="15" />
  </SpawnClassFamily>
  <SpawnClassFamily Name="Scf_A1_Cos_N_MEDIUM">
    <SpawnChoice SpawnClassName="Sc_A1_Cos_N_M1" Weight="50" />
    <SpawnChoice SpawnClassName="Sc_A1_Cos_N_M2" Weight="50" />
  </SpawnClassFamily>
  <SpawnClassFamily Name="Scf_A1_Cos_N2_MEDIUM">
    <SpawnChoice SpawnClassName="Sc_A1_Cos_N_M1" Weight="30" />
    <SpawnChoice SpawnClassName="Sc_A1_Cos_N_M2" Weight="30" />
    <SpawnChoice SpawnClassName="Sc_A1_Cos_N_M3" Weight="30" />
    <SpawnChoice SpawnClassName="Sc_A1_Cos_N_M4" Weight="10" />
  </SpawnClassFamily>
  <SpawnClassFamily Name="Scf_A1_Cos_N_HARD">
    <SpawnChoice SpawnClassName="Sc_A1_Cos_N_H1" Weight="100" />
  </SpawnClassFamily>
  <SpawnClassFamily Name="Scf_A1_Cos_N2_HARD">
    <SpawnChoice SpawnClassName="Sc_A1_Cos_N_H1" Weight="20" />
    <SpawnChoice SpawnClassName="Sc_A1_Cos_N_H2" Weight="40" />
    <SpawnChoice SpawnClassName="Sc_A1_Cos_N_H3" Weight="40" />
  </SpawnClassFamily>
  <SpawnClassFamily Name="Scf_A1_Cos_N2_VERYHARD">
    <SpawnChoice SpawnClassName="Sc_A1_Cos_N_VH1" Weight="49" />
    <SpawnChoice SpawnClassName="Sc_A1_Cos_N_VH2" Weight="49" />
    <SpawnChoice SpawnClassName="Sc_A1_Cos_N_VH3" Weight="1" />
  </SpawnClassFamily>
</MetaData>