<MetaData>
  <SpawnClassFamily Name="undead_M">
    <SpawnChoice SpawnClassName="sc_Necropolis1_M" Weight="100" />
  </SpawnClassFamily>
  <SpawnClassFamily Name="undead_M2">
    <SpawnChoice SpawnClassName="sc_Necropolis1_M" Weight="100" />
  </SpawnClassFamily>
  <SpawnClassFamily Name="undead_R">
    <SpawnChoice SpawnClassName="sc_Necropolis1_R" Weight="100" />
  </SpawnClassFamily>
  <SpawnClassFamily Name="undead_HB">
    <SpawnChoice SpawnClassName="sc_Necropolis1_HB" Weight="100" />
  </SpawnClassFamily>
  <SpawnClassFamily Name="undead_TB">
    <SpawnChoice SpawnClassName="sc_Necropolis1_TB" Weight="100" />
  </SpawnClassFamily>
  <SpawnClassFamily Name="undead_B">
    <SpawnChoice SpawnClassName="sc_Necropolis1_B" Weight="100" />
  </SpawnClassFamily>
  <SpawnClassFamily Name="undead_T">
    <SpawnChoice SpawnClassName="sc_Necropolis1_T" Weight="100" />
  </SpawnClassFamily>
  <SpawnClassFamily Name="undead_E">
    <SpawnChoice SpawnClassName="sc_Necropolis1_T" Weight="100" />
  </SpawnClassFamily>
  <SpawnClassFamily Name="undead_Me">
    <SpawnChoice SpawnClassName="sc_Necropolis1_Medium" Weight="30" />
    <SpawnChoice SpawnClassName="sc_Necropolis1_Medium2" Weight="35" />
    <SpawnChoice SpawnClassName="sc_Necropolis1_Medium3" Weight="35" />
  </SpawnClassFamily>
  <SpawnClassFamily Name="undead_H">
    <SpawnChoice SpawnClassName="sc_Necropolis1_Hard" Weight="30" />
    <SpawnChoice SpawnClassName="sc_Necropolis1_Hard2" Weight="30" />
    <SpawnChoice SpawnClassName="sc_Necropolis1_Hard3" Weight="40" />
  </SpawnClassFamily>
  <SpawnClassFamily Name="undead_VH">
    <SpawnChoice SpawnClassName="sc_Necropolis1_VeryHard" Weight="90" />
    <SpawnChoice SpawnClassName="sc_Necropolis1_VeryHard2" Weight="10" />
  </SpawnClassFamily>
</MetaData>