<Families>
  <SpawnClassFamily Name="Scf_A1_OS_EP_EASY">
    <SpawnChoice SpawnClassName="Sc_A1_O_EP_E1" Weight="25" />
    <SpawnChoice SpawnClassName="Sc_A1_O_EP_E2" Weight="35" />
    <SpawnChoice SpawnClassName="Sc_A1_S_EP_E3" Weight="35" />
    <SpawnChoice SpawnClassName="Sc_A1_S_EP_E4" Weight="5" />
  </SpawnClassFamily>
  <SpawnClassFamily Name="Scf_A1_OS_EP_MEDIUM">
    <SpawnChoice SpawnClassName="Sc_A1_O_EP_M1" Weight="25" />
    <SpawnChoice SpawnClassName="Sc_A1_S_EP_M2" Weight="25" />
    <SpawnChoice SpawnClassName="Sc_A1_S_EP_M3" Weight="25" />
    <SpawnChoice SpawnClassName="Sc_A1_S_EP_M4" Weight="25" />
  </SpawnClassFamily>
  <SpawnClassFamily Name="Scf_A1_S_EP_HARD">
    <SpawnChoice SpawnClassName="Sc_A1_S_EP_H1" Weight="50" />
    <SpawnChoice SpawnClassName="Sc_A1_S_EP_H2" Weight="50" />
  </SpawnClassFamily>
  <SpawnClassFamily Name="Scf_A1_S_EP__VERYHARD">
    <SpawnChoice SpawnClassName="Sc_A1_S_EP_VH1" Weight="33" />
    <SpawnChoice SpawnClassName="Sc_A1_S_EP_VH2" Weight="34" />
    <SpawnChoice SpawnClassName="Sc_A1_S_EP_VH2" Weight="33" />
  </SpawnClassFamily>
</Families>