<Families>
  <SpawnClassFamily Name="Scf_A1_S_SP_EASY">
    <SpawnChoice SpawnClassName="Sc_A1_S_SP_E1" Weight="50" />
    <SpawnChoice SpawnClassName="Sc_A1_S_SP_E2" Weight="50" />
  </SpawnClassFamily>
  <SpawnClassFamily Name="Scf_A1_S_SP_MEDIUM">
    <SpawnChoice SpawnClassName="Sc_A1_S_SP_M1" Weight="30" />
    <SpawnChoice SpawnClassName="Sc_A1_S_SP_M2" Weight="30" />
    <SpawnChoice SpawnClassName="Sc_A1_S_SP_M3" Weight="30" />
    <SpawnChoice SpawnClassName="Sc_A1_S_SP_M4" Weight="10" />
  </SpawnClassFamily>
</Families>