<MetaData>
  <SpawnClassFamily Name="AdventureMode_NPC1_COSDamned">
    <SpawnChoice SpawnClassName="Sc_AdventureMode_COSDamned_MiniHalfBreedPhysical" Weight="1" ReqPlayerLevelMin="6" />
    <SpawnChoice SpawnClassName="Sc_AdventureMode_COSDamned_LostSoul" Weight="1" ReqPlayerLevelMin="9" />
    <SpawnChoice SpawnClassName="Sc_AdventureMode_COSDamned_PrimordialArmor" Weight="1" ReqPlayerLevelMin="9" />
    <SpawnChoice SpawnClassName="Sc_AdventureMode_COSDamned_MiniSpecterShadow" Weight="1" ReqPlayerLevelMin="14" />
    <SpawnChoice SpawnClassName="Sc_AdventureMode_COSDamned_MiniHalfBreedShadow" Weight="1" ReqPlayerLevelMin="15" />
    <SpawnChoice SpawnClassName="Sc_AdventureMode_COSDamned_MiniSpecterAether" Weight="1" ReqPlayerLevelMin="15" />
    <SpawnChoice SpawnClassName="Sc_AdventureMode_COSDamned_Cultist" Weight="1" ReqPlayerLevelMin="6" />
    <SpawnChoice SpawnClassName="Sc_AdventureMode_COSDamned_Specter" Weight="1" ReqPlayerLevelMin="6" />
    <SpawnChoice SpawnClassName="Sc_AdventureMode_COSDamned_HalfBreed" Weight="1" ReqPlayerLevelMin="12" />
    <SpawnChoice SpawnClassName="Sc_AdventureMode_COSDamned_CorruptedPrimordialGuardian" Weight="1" ReqPlayerLevelMin="9" />
    <SpawnChoice SpawnClassName="Sc_AdventureMode_COSDamned_DemonOfSouls" Weight="1" ReqPlayerLevelMin="13" />
  </SpawnClassFamily>
  <SpawnClassFamily Name="AdventureMode_NPC1_COSUndead">
    <SpawnChoice SpawnClassName="Sc_AdventureMode_COSUndead_DeathCloak" Weight="1" ReqPlayerLevelMin="3" />
    <SpawnChoice SpawnClassName="Sc_AdventureMode_COSUndead_Zombie" Weight="1" ReqPlayerLevelMin="3" />
    <SpawnChoice SpawnClassName="Sc_AdventureMode_COSUndead_ZombieFrost" Weight="1" ReqPlayerLevelMin="3" />
    <SpawnChoice SpawnClassName="Sc_AdventureMode_COSUndead_ZombieSoldier" Weight="1" ReqPlayerLevelMin="3" />
    <SpawnChoice SpawnClassName="Sc_AdventureMode_COSUndead_MiniLanternBearer" Weight="1" ReqPlayerLevelMin="12" />
    <SpawnChoice SpawnClassName="Sc_AdventureMode_Wildlife_SmallSpider" Weight="1" ReqPlayerLevelMin="12" />
    <SpawnChoice SpawnClassName="Sc_AdventureMode_Wildlife_MeleeSpider" Weight="1" ReqPlayerLevelMin="12" />
    <SpawnChoice SpawnClassName="Sc_AdventureMode_Wildlife_RangeSpider" Weight="1" ReqPlayerLevelMin="12" />
    <SpawnChoice SpawnClassName="Sc_AdventureMode_COSUndead_UndeadSpiker" Weight="1" ReqPlayerLevelMin="5" />
    <SpawnChoice SpawnClassName="Sc_AdventureMode_COSUndead_LanternBearer" Weight="1" ReqPlayerLevelMin="9" />
    <SpawnChoice SpawnClassName="Sc_AdventureMode_COSUndead_UndeadSpikerFrost" Weight="1" ReqPlayerLevelMin="10" />
    <SpawnChoice SpawnClassName="Sc_AdventureMode_COSUndead_LanternBearerAOE" Weight="1" ReqPlayerLevelMin="15" />
    <SpawnChoice SpawnClassName="Sc_AdventureMode_COSUndead_Butcher" Weight="1" ReqPlayerLevelMin="7" />
  </SpawnClassFamily>
  <SpawnClassFamily Name="AdventureMode_NPC1_SvriirLand">
    <SpawnChoice SpawnClassName="Sc_AdventureMode_LandSvriir_SvriirOmega" Weight="1" ReqPlayerLevelMin="1" />
    <SpawnChoice SpawnClassName="Sc_AdventureMode_LandSvriir_SvriirOmegaBaby" Weight="1" ReqPlayerLevelMin="1" />
    <SpawnChoice SpawnClassName="Sc_AdventureMode_LandSvriir_MiniSpitter" Weight="1" ReqPlayerLevelMin="1" />
    <SpawnChoice SpawnClassName="Sc_AdventureMode_Svriir_Morgon" Weight="1" ReqPlayerLevelMin="11" />
    <SpawnChoice SpawnClassName="Sc_AdventureMode_Svriir_RendMorgon" Weight="1" ReqPlayerLevelMin="14" />
    <SpawnChoice SpawnClassName="Sc_AdventureMode_Svriir_ToxicMorgon" Weight="1" ReqPlayerLevelMin="15" />
    <SpawnChoice SpawnClassName="Sc_AdventureMode_LandSvriir_OmegaFemale" Weight="1" ReqPlayerLevelMin="15" />
    <SpawnChoice SpawnClassName="Sc_AdventureMode_LandSvriir_BetaSpitter" Weight="1" ReqPlayerLevelMin="3" />
    <SpawnChoice SpawnClassName="Sc_AdventureMode_LandSvriir_BetaScreecher" Weight="1" ReqPlayerLevelMin="7" />
    <SpawnChoice SpawnClassName="Sc_AdventureMode_LandSvriir_BetaSpawner" Weight="1" ReqPlayerLevelMin="10" />
    <SpawnChoice SpawnClassName="Sc_AdventureMode_LandSvriir_Alpha" Weight="1" ReqPlayerLevelMin="8" />
  </SpawnClassFamily>
  <SpawnClassFamily Name="AdventureMode_NPC1_SvriirCave">
    <SpawnChoice SpawnClassName="Sc_AdventureMode_CaveSvriir_SvriirOmega" Weight="1" ReqPlayerLevelMin="1" />
    <SpawnChoice SpawnClassName="Sc_AdventureMode_CaveSvriir_SvriirOmegaBaby" Weight="1" ReqPlayerLevelMin="1" />
    <SpawnChoice SpawnClassName="Sc_AdventureMode_CaveSvriir_MiniSpitter" Weight="1" ReqPlayerLevelMin="1" />
    <SpawnChoice SpawnClassName="Sc_AdventureMode_Svriir_Morgon" Weight="1" ReqPlayerLevelMin="11" />
    <SpawnChoice SpawnClassName="Sc_AdventureMode_Svriir_RendMorgon" Weight="1" ReqPlayerLevelMin="14" />
    <SpawnChoice SpawnClassName="Sc_AdventureMode_Svriir_ToxicMorgon" Weight="1" ReqPlayerLevelMin="15" />
    <SpawnChoice SpawnClassName="Sc_AdventureMode_CaveSvriir_OmegaFemale" Weight="1" ReqPlayerLevelMin="15" />
    <SpawnChoice SpawnClassName="Sc_AdventureMode_CaveSvriir_BetaSpitter" Weight="1" ReqPlayerLevelMin="3" />
    <SpawnChoice SpawnClassName="Sc_AdventureMode_CaveSvriir_BetaScreecher" Weight="1" ReqPlayerLevelMin="7" />
    <SpawnChoice SpawnClassName="Sc_AdventureMode_CaveSvriir_BetaSpawner" Weight="1" ReqPlayerLevelMin="10" />
    <SpawnChoice SpawnClassName="Sc_AdventureMode_LandSvriir_Alpha" Weight="1" ReqPlayerLevelMin="8" />
  </SpawnClassFamily>
  <SpawnClassFamily Name="AdventureMode_NPC1_SvriirSea">
    <SpawnChoice SpawnClassName="Sc_AdventureMode_SeaSvriir_SvriirOmega" Weight="1" ReqPlayerLevelMin="1" />
    <SpawnChoice SpawnClassName="Sc_AdventureMode_SeaSvriir_SvriirOmegaBaby" Weight="1" ReqPlayerLevelMin="1" />
    <SpawnChoice SpawnClassName="Sc_AdventureMode_SeaSvriir_MiniSpitter" Weight="1" ReqPlayerLevelMin="1" />
    <SpawnChoice SpawnClassName="Sc_AdventureMode_Svriir_Morgon" Weight="1" ReqPlayerLevelMin="11" />
    <SpawnChoice SpawnClassName="Sc_AdventureMode_Svriir_RendMorgon" Weight="1" ReqPlayerLevelMin="14" />
    <SpawnChoice SpawnClassName="Sc_AdventureMode_Svriir_ToxicMorgon" Weight="1" ReqPlayerLevelMin="15" />
    <SpawnChoice SpawnClassName="Sc_AdventureMode_SeaSvriir_OmegaFemale" Weight="1" ReqPlayerLevelMin="15" />
    <SpawnChoice SpawnClassName="Sc_AdventureMode_SeaSvriir_BetaSpitter" Weight="1" ReqPlayerLevelMin="3" />
    <SpawnChoice SpawnClassName="Sc_AdventureMode_SeaSvriir_BetaScreecher" Weight="1" ReqPlayerLevelMin="7" />
    <SpawnChoice SpawnClassName="Sc_AdventureMode_SeaSvriir_BetaSpawner" Weight="1" ReqPlayerLevelMin="10" />
    <SpawnChoice SpawnClassName="Sc_AdventureMode_LandSvriir_Alpha" Weight="1" ReqPlayerLevelMin="8" />
  </SpawnClassFamily>
  <SpawnClassFamily Name="AdventureMode_NPC1_Outlaw">
    <SpawnChoice SpawnClassName="Sc_AdventureMode_Outlaw_Melee1" Weight="1" ReqPlayerLevelMin="5" />
    <SpawnChoice SpawnClassName="Sc_AdventureMode_Outlaw_Melee2" Weight="1" ReqPlayerLevelMin="5" />
    <SpawnChoice SpawnClassName="Sc_AdventureMode_Outlaw_Melee3" Weight="1" ReqPlayerLevelMin="5" />
    <SpawnChoice SpawnClassName="Sc_AdventureMode_Outlaw_Worg1" Weight="1" ReqPlayerLevelMin="5" />
    <SpawnChoice SpawnClassName="Sc_AdventureMode_Outlaw_Worg2" Weight="1" ReqPlayerLevelMin="5" />
    <SpawnChoice SpawnClassName="Sc_AdventureMode_Outlaw_WorgAlpha" Weight="1" ReqPlayerLevelMin="5" />
    <SpawnChoice SpawnClassName="Sc_AdventureMode_Wildlife_Bear" Weight="1" ReqPlayerLevelMin="11" />
    <SpawnChoice SpawnClassName="Sc_AdventureMode_Outlaw_KennelMaster" Weight="1" ReqPlayerLevelMin="5" />
    <SpawnChoice SpawnClassName="Sc_AdventureMode_Outlaw_Trapper" Weight="1" ReqPlayerLevelMin="6" />
    <SpawnChoice SpawnClassName="Sc_AdventureMode_Outlaw_Brute" Weight="1" ReqPlayerLevelMin="6" />
    <SpawnChoice SpawnClassName="Sc_AdventureMode_Outlaw_TrapperStun" Weight="1" ReqPlayerLevelMin="14" />
    <SpawnChoice SpawnClassName="Sc_AdventureMode_Outlaw_SadisticThug" Weight="1" ReqPlayerLevelMin="9" />
  </SpawnClassFamily>
  <SpawnClassFamily Name="AdventureMode_NPC2_COSDamned">
    <SpawnChoice SpawnClassName="Sc_AdventureMode_COSDamned_MiniHalfBreedPhysical" Weight="1" />
    <SpawnChoice SpawnClassName="Sc_AdventureMode_COSDamned_LostSoul" Weight="1" />
    <SpawnChoice SpawnClassName="Sc_AdventureMode_COSDamned_PrimordialArmor" Weight="1" />
    <SpawnChoice SpawnClassName="Sc_AdventureMode_COSDamned_MiniSpecterShadow" Weight="1" />
    <SpawnChoice SpawnClassName="Sc_AdventureMode_COSDamned_MiniHalfBreedShadow" Weight="1" />
    <SpawnChoice SpawnClassName="Sc_AdventureMode_COSDamned_MiniSpecterAether" Weight="1" />
    <SpawnChoice SpawnClassName="Sc_AdventureMode_COSDamned_Cultist" Weight="1" />
    <SpawnChoice SpawnClassName="Sc_AdventureMode_COSDamned_Specter" Weight="1" />
    <SpawnChoice SpawnClassName="Sc_AdventureMode_COSDamned_HalfBreed" Weight="1" />
    <SpawnChoice SpawnClassName="Sc_AdventureMode_COSDamned_CorruptedPrimordialGuardian" Weight="1" />
    <SpawnChoice SpawnClassName="Sc_AdventureMode_COSDamned_DemonOfSouls" Weight="1" />
  </SpawnClassFamily>
  <SpawnClassFamily Name="AdventureMode_NPC2_COSUndead">
    <SpawnChoice SpawnClassName="Sc_AdventureMode_COSUndead_DeathCloak" Weight="1" />
    <SpawnChoice SpawnClassName="Sc_AdventureMode_COSUndead_Zombie" Weight="1" />
    <SpawnChoice SpawnClassName="Sc_AdventureMode_COSUndead_ZombieFrost" Weight="1" />
    <SpawnChoice SpawnClassName="Sc_AdventureMode_COSUndead_ZombieSoldier" Weight="1" />
    <SpawnChoice SpawnClassName="Sc_AdventureMode_COSUndead_MiniLanternBearer" Weight="1" />
    <SpawnChoice SpawnClassName="Sc_AdventureMode_Wildlife_SmallSpider" Weight="1" />
    <SpawnChoice SpawnClassName="Sc_AdventureMode_Wildlife_MeleeSpider" Weight="1" />
    <SpawnChoice SpawnClassName="Sc_AdventureMode_Wildlife_RangeSpider" Weight="1" />
    <SpawnChoice SpawnClassName="Sc_AdventureMode_COSUndead_UndeadSpiker" Weight="1" />
    <SpawnChoice SpawnClassName="Sc_AdventureMode_COSUndead_LanternBearer" Weight="1" />
    <SpawnChoice SpawnClassName="Sc_AdventureMode_COSUndead_UndeadSpikerFrost" Weight="1" />
    <SpawnChoice SpawnClassName="Sc_AdventureMode_COSUndead_LanternBearerAOE" Weight="1" />
    <SpawnChoice SpawnClassName="Sc_AdventureMode_COSUndead_Butcher" Weight="1" />
  </SpawnClassFamily>
  <SpawnClassFamily Name="AdventureMode_NPC2_SvriirLand">
    <SpawnChoice SpawnClassName="Sc_AdventureMode_LandSvriir_SvriirOmega" Weight="1" />
    <SpawnChoice SpawnClassName="Sc_AdventureMode_LandSvriir_SvriirOmegaBaby" Weight="1" />
    <SpawnChoice SpawnClassName="Sc_AdventureMode_LandSvriir_MiniSpitter" Weight="1" />
    <SpawnChoice SpawnClassName="Sc_AdventureMode_Svriir_Morgon" Weight="1" />
    <SpawnChoice SpawnClassName="Sc_AdventureMode_Svriir_RendMorgon" Weight="1" />
    <SpawnChoice SpawnClassName="Sc_AdventureMode_Svriir_ToxicMorgon" Weight="1" />
    <SpawnChoice SpawnClassName="Sc_AdventureMode_LandSvriir_OmegaFemale" Weight="1" />
    <SpawnChoice SpawnClassName="Sc_AdventureMode_LandSvriir_BetaSpitter" Weight="1" />
    <SpawnChoice SpawnClassName="Sc_AdventureMode_LandSvriir_BetaScreecher" Weight="1" />
    <SpawnChoice SpawnClassName="Sc_AdventureMode_LandSvriir_BetaSpawner" Weight="1" />
    <SpawnChoice SpawnClassName="Sc_AdventureMode_LandSvriir_Alpha" Weight="1" />
  </SpawnClassFamily>
  <SpawnClassFamily Name="AdventureMode_NPC2_SvriirCave">
    <SpawnChoice SpawnClassName="Sc_AdventureMode_CaveSvriir_SvriirOmega" Weight="1" />
    <SpawnChoice SpawnClassName="Sc_AdventureMode_CaveSvriir_SvriirOmegaBaby" Weight="1" />
    <SpawnChoice SpawnClassName="Sc_AdventureMode_CaveSvriir_MiniSpitter" Weight="1" />
    <SpawnChoice SpawnClassName="Sc_AdventureMode_Svriir_Morgon" Weight="1" />
    <SpawnChoice SpawnClassName="Sc_AdventureMode_Svriir_RendMorgon" Weight="1" />
    <SpawnChoice SpawnClassName="Sc_AdventureMode_Svriir_ToxicMorgon" Weight="1" />
    <SpawnChoice SpawnClassName="Sc_AdventureMode_CaveSvriir_OmegaFemale" Weight="1" />
    <SpawnChoice SpawnClassName="Sc_AdventureMode_CaveSvriir_BetaSpitter" Weight="1" />
    <SpawnChoice SpawnClassName="Sc_AdventureMode_CaveSvriir_BetaScreecher" Weight="1" />
    <SpawnChoice SpawnClassName="Sc_AdventureMode_CaveSvriir_BetaSpawner" Weight="1" />
    <SpawnChoice SpawnClassName="Sc_AdventureMode_LandSvriir_Alpha" Weight="1" />
  </SpawnClassFamily>
  <SpawnClassFamily Name="AdventureMode_NPC2_SvriirSea">
    <SpawnChoice SpawnClassName="Sc_AdventureMode_SeaSvriir_SvriirOmega" Weight="1" />
    <SpawnChoice SpawnClassName="Sc_AdventureMode_SeaSvriir_SvriirOmegaBaby" Weight="1" />
    <SpawnChoice SpawnClassName="Sc_AdventureMode_SeaSvriir_MiniSpitter" Weight="1" />
    <SpawnChoice SpawnClassName="Sc_AdventureMode_Svriir_Morgon" Weight="1" />
    <SpawnChoice SpawnClassName="Sc_AdventureMode_Svriir_RendMorgon" Weight="1" />
    <SpawnChoice SpawnClassName="Sc_AdventureMode_Svriir_ToxicMorgon" Weight="1" />
    <SpawnChoice SpawnClassName="Sc_AdventureMode_SeaSvriir_OmegaFemale" Weight="1" />
    <SpawnChoice SpawnClassName="Sc_AdventureMode_SeaSvriir_BetaSpitter" Weight="1" />
    <SpawnChoice SpawnClassName="Sc_AdventureMode_SeaSvriir_BetaScreecher" Weight="1" />
    <SpawnChoice SpawnClassName="Sc_AdventureMode_SeaSvriir_BetaSpawner" Weight="1" />
    <SpawnChoice SpawnClassName="Sc_AdventureMode_LandSvriir_Alpha" Weight="1" />
  </SpawnClassFamily>
  <SpawnClassFamily Name="AdventureMode_NPC2_Outlaw">
    <SpawnChoice SpawnClassName="Sc_AdventureMode_Outlaw_Melee1" Weight="1" />
    <SpawnChoice SpawnClassName="Sc_AdventureMode_Outlaw_Melee2" Weight="1" />
    <SpawnChoice SpawnClassName="Sc_AdventureMode_Outlaw_Melee3" Weight="1" />
    <SpawnChoice SpawnClassName="Sc_AdventureMode_Outlaw_Worg1" Weight="1" />
    <SpawnChoice SpawnClassName="Sc_AdventureMode_Outlaw_Worg2" Weight="1" />
    <SpawnChoice SpawnClassName="Sc_AdventureMode_Outlaw_WorgAlpha" Weight="1" />
    <SpawnChoice SpawnClassName="Sc_AdventureMode_Wildlife_Bear" Weight="1" />
    <SpawnChoice SpawnClassName="Sc_AdventureMode_Outlaw_KennelMaster" Weight="1" />
    <SpawnChoice SpawnClassName="Sc_AdventureMode_Outlaw_Trapper" Weight="1" />
    <SpawnChoice SpawnClassName="Sc_AdventureMode_Outlaw_TrapperStun" Weight="1" />
    <SpawnChoice SpawnClassName="Sc_AdventureMode_Outlaw_Brute" Weight="1" />
    <SpawnChoice SpawnClassName="Sc_AdventureMode_Outlaw_SadisticThug" Weight="1" />
  </SpawnClassFamily>
</MetaData>