<MetaData>
  <SpawnClassFamily Name="FMP_SCF_DEV_COSS_1">
    <SpawnChoice SpawnClassName="FMP_SC_DEV_COSS_EASY_1" Weight="40" />
    <SpawnChoice SpawnClassName="FMP_SC_DEV_COSS_MEDIUM_1" Weight="10" />
    <SpawnChoice SpawnClassName="FMP_SC_DEV_COSS_HARD_1" Weight="2" />
  </SpawnClassFamily>
  <SpawnClassFamily Name="FMP_SCF_DEV_OTLW_1">
    <SpawnChoice SpawnClassName="FMP_SC_DEV_OTLW_EASY_1" Weight="40" />
    <SpawnChoice SpawnClassName="FMP_SC_DEV_OTLW_MEDIUM_1" Weight="10" />
    <SpawnChoice SpawnClassName="FMP_SC_DEV_OTLW_HARD_1" Weight="2" />
  </SpawnClassFamily>
  <SpawnClassFamily Name="FMP_SCF_DEV_COSS_OTLW_1">
    <SpawnChoice SpawnClassName="FMP_SC_DEV_COSS_EASY_1" Weight="40" />
    <SpawnChoice SpawnClassName="FMP_SC_DEV_COSS_MEDIUM_1" Weight="10" />
    <SpawnChoice SpawnClassName="FMP_SC_DEV_COSS_HARD_1" Weight="2" />
    <SpawnChoice SpawnClassName="FMP_SC_DEV_OTLW_EASY_1" Weight="40" />
    <SpawnChoice SpawnClassName="FMP_SC_DEV_OTLW_MEDIUM_1" Weight="10" />
    <SpawnChoice SpawnClassName="FMP_SC_DEV_OTLW_HARD_1" Weight="2" />
  </SpawnClassFamily>
</MetaData>