<MetaData>
  <SpawnClassFamily Name="RMP_SCF_TRASH_GYM">
    <SpawnChoice SpawnClassName="RMP_SC_SvriirOmega" Weight="1" />
  </SpawnClassFamily>
  <SpawnClassFamily Name="RMP_SCF_LIEUTENANT_GYM">
    <SpawnChoice SpawnClassName="RMP_SC_SvriirSpitter" Weight="1" />
    <SpawnChoice SpawnClassName="RMP_SC_SvriirScreecher" Weight="1" />
  </SpawnClassFamily>
  <SpawnClassFamily Name="RMP_SCF_ELITE_GYM">
    <SpawnChoice SpawnClassName="RMP_SC_SvriirAlpha" Weight="1" />
  </SpawnClassFamily>
</MetaData>