<MetaData>
  <SpawnClassFamily Name="RMP_SCF_DEV_COSS_0">
    <SpawnChoice SpawnClassName="RMP_SC_DEV_COSS_Zombie_1" Weight="1" />
    <SpawnChoice SpawnClassName="RMP_SC_DEV_COSS_Spiker_1" Weight="1" />
    <SpawnChoice SpawnClassName="RMP_SC_DEV_COSS_Halfbreed_1" Weight="1" />
    <SpawnChoice SpawnClassName="RMP_SC_DEV_COSS_DemonOfSouls_1" Weight="1" />
  </SpawnClassFamily>
  <SpawnClassFamily Name="RMP_SCF_DEV_COSS_1">
    <SpawnChoice SpawnClassName="RMP_SC_DEV_COSS_Spiker_1" Weight="1" />
    <SpawnChoice SpawnClassName="RMP_SC_DEV_COSS_Halfbreed_1" Weight="1" />
  </SpawnClassFamily>
  <SpawnClassFamily Name="RMP_SCF_DEV_COSS_2">
    <SpawnChoice SpawnClassName="RMP_SC_DEV_COSS_Zombie_1" Weight="1" />
    <SpawnChoice SpawnClassName="RMP_SC_DEV_COSS_DemonOfSouls_1" Weight="1" />
  </SpawnClassFamily>
  <SpawnClassFamily Name="RMP_SCF_DEV_OTLW_0">
    <SpawnChoice SpawnClassName="RMP_SC_DEV_OTLW_BanditMelee_1" Weight="1" />
    <SpawnChoice SpawnClassName="RMP_SC_DEV_OTWL_BanditRange_1" Weight="1" />
    <SpawnChoice SpawnClassName="RMP_SC_DEV_OTWL_Trapper_1" Weight="1" />
    <SpawnChoice SpawnClassName="RMP_SC_DEV_OTWL_SadisticThug_1" Weight="1" />
  </SpawnClassFamily>
  <SpawnClassFamily Name="RMP_SCF_DEV_OTLW_1">
    <SpawnChoice SpawnClassName="RMP_SC_DEV_OTLW_BanditMelee_1" Weight="1" />
    <SpawnChoice SpawnClassName="RMP_SC_DEV_OTWL_Trapper_1" Weight="1" />
  </SpawnClassFamily>
  <SpawnClassFamily Name="RMP_SCF_DEV_OTLW_2">
    <SpawnChoice SpawnClassName="RMP_SC_DEV_OTWL_BanditRange_1" Weight="1" />
    <SpawnChoice SpawnClassName="RMP_SC_DEV_OTWL_SadisticThug_1" Weight="1" />
  </SpawnClassFamily>
</MetaData>