<Families>
  <SpawnClassFamily Name="BT2_EASY">
    <SpawnChoice SpawnClassName="BT2_Easy_1" Weight="20" />
    <SpawnChoice SpawnClassName="BT2_Easy_2" Weight="14" />
    <SpawnChoice SpawnClassName="BT2_Easy_3" Weight="14" />
    <SpawnChoice SpawnClassName="BT2_Easy_4" Weight="2" />
    <SpawnChoice SpawnClassName="BT2_Easy_5" Weight="20" />
    <SpawnChoice SpawnClassName="BT2_Easy_6" Weight="10" />
    <SpawnChoice SpawnClassName="BT2_Easy_7" Weight="10" />
    <SpawnChoice SpawnClassName="BT2_Easy_8" Weight="10" />
  </SpawnClassFamily>
  <SpawnClassFamily Name="BT2_MEDIUM">
    <SpawnChoice SpawnClassName="BT2_Medium_1" Weight="22.5" />
    <SpawnChoice SpawnClassName="BT2_Medium_2" Weight="30" />
    <SpawnChoice SpawnClassName="BT2_Medium_3" Weight="22.5" />
    <SpawnChoice SpawnClassName="BT2_Medium_4" Weight="22.5" />
    <SpawnChoice SpawnClassName="BT2_Medium_5" Weight="22.5" />
    <SpawnChoice SpawnClassName="BT2_Medium_6" Weight="22.5" />
  </SpawnClassFamily>
  <SpawnClassFamily Name="BT2_HARD">
    <SpawnChoice SpawnClassName="BT2_Hard_1" Weight="2.5" />
    <SpawnChoice SpawnClassName="BT2_Hard_2" Weight="2.5" />
    <SpawnChoice SpawnClassName="BT2_Hard_3" Weight="2.5" />
    <SpawnChoice SpawnClassName="BT2_Hard_4" Weight="15" />
    <SpawnChoice SpawnClassName="BT2_Hard_5" Weight="15" />
    <SpawnChoice SpawnClassName="BT2_Hard_6" Weight="2.5" />
    <SpawnChoice SpawnClassName="BT2_Hard_7" Weight="15" />
    <SpawnChoice SpawnClassName="BT2_Hard_8" Weight="15" />
    <SpawnChoice SpawnClassName="BT2_Hard_9" Weight="15" />
    <SpawnChoice SpawnClassName="BT2_Hard_10" Weight="15" />
  </SpawnClassFamily>
  <SpawnClassFamily Name="BT2_VERYHARD">
    <SpawnChoice SpawnClassName="BT2_VeryHard_1" Weight="18" />
    <SpawnChoice SpawnClassName="BT2_VeryHard_2" Weight="5" />
    <SpawnChoice SpawnClassName="BT2_VeryHard_3" Weight="18" />
    <SpawnChoice SpawnClassName="BT2_VeryHard_4" Weight="5" />
    <SpawnChoice SpawnClassName="BT2_VeryHard_5" Weight="18" />
    <SpawnChoice SpawnClassName="BT2_VeryHard_6" Weight="18" />
    <SpawnChoice SpawnClassName="BT2_VeryHard_7" Weight="18" />
  </SpawnClassFamily>
</Families>