<Families>
  <SpawnClassFamily Name="BT1_EASY">
    <SpawnChoice SpawnClassName="BT1_Easy_1" Weight="50" />
    <SpawnChoice SpawnClassName="BT1_Easy_2" Weight="24" />
    <SpawnChoice SpawnClassName="BT1_Easy_3" Weight="24" />
    <SpawnChoice SpawnClassName="BT1_Easy_4" Weight="2" />
  </SpawnClassFamily>
  <SpawnClassFamily Name="BT1_MEDIUM">
    <SpawnChoice SpawnClassName="BT1_Medium_1" Weight="25" />
    <SpawnChoice SpawnClassName="BT1_Medium_2" Weight="35" />
    <SpawnChoice SpawnClassName="BT1_Medium_3" Weight="35" />
    <SpawnChoice SpawnClassName="BT1_Medium_4" Weight="5" />
  </SpawnClassFamily>
  <SpawnClassFamily Name="BT1_HARD">
    <SpawnChoice SpawnClassName="BT1_Hard_1" Weight="55" />
    <SpawnChoice SpawnClassName="BT1_Hard_2" Weight="45" />
  </SpawnClassFamily>
  <SpawnClassFamily Name="BT1_VERYHARD">
    <SpawnChoice SpawnClassName="BT1_VeryHard_1" Weight="0.1" />
    <SpawnChoice SpawnClassName="BT1_VeryHard_2" Weight="49.9" />
    <SpawnChoice SpawnClassName="BT1_VeryHard_3" Weight="50" />
  </SpawnClassFamily>
</Families>