<MetaData>
  <SpawnClass Name="Sc_LostSoul_COSDamned_YudaiFirstEncounter_1">
    <Spawn Type="Actor" ClassName="CultOfSouls_LostSoul" NumberMin="1" NumberMax="1" LevelMin="1" LevelMax="1" LevelOffset="0" Center="0" SpawnOverTime="1" BossProba="0" LootClassOverride="" XPBonusPercent="0" IgnoreAnimation="1" />
  </SpawnClass>
  <SpawnClass Name="Sc_LostSoul_COSDamned_YudaiFirstEncounter_2">
    <Spawn Type="Actor" ClassName="CultOfSouls_LostSoul" NumberMin="1" NumberMax="1" LevelMin="1" LevelMax="1" LevelOffset="0" Center="0" SpawnOverTime="1" BossProba="0" LootClassOverride="" XPBonusPercent="0" IgnoreAnimation="0" />
  </SpawnClass>
  <SpawnClass Name="Sc_Sty_A1_CoS_YudaiIntro">
    <Spawn Type="Actor" ClassName="CultOfSouls_YudaiIntro" NumberMin="1" NumberMax="1" LevelMin="17" LevelMax="17" LevelOffset="0" Center="0" SpawnOverTime="1" BossProba="100" LootClassOverride="" XPBonusPercent="0" IgnoreAnimation="0" ForceEntityName="Yudai">
      <BossRank Id="5" Frequency="100" />
    </Spawn>
  </SpawnClass>
  <SpawnClass Name="Sc_svriir_O_svriirsraid">
    <Spawn Type="Actor" ClassName="SvriirOmega" NumberMin="1" NumberMax="1" LevelMin="3" LevelMax="4" LevelOffset="0" Center="0" SpawnOverTime="1" BossProba="0" LootClassOverride="" XPBonusPercent="0" IgnoreAnimation="0" />
  </SpawnClass>
  <SpawnClass Name="Sc_svriir_B_svriirsraid">
    <Spawn Type="Actor" ClassName="SvriirOmegaBaby" NumberMin="1" NumberMax="1" LevelMin="3" LevelMax="4" LevelOffset="0" Center="0" SpawnOverTime="1" BossProba="0" LootClassOverride="" XPBonusPercent="0" IgnoreAnimation="0" />
  </SpawnClass>
  <SpawnClass Name="Sc_svriir_S_svriirsraid">
    <Spawn Type="Actor" ClassName="SvriirBetaSpitter" NumberMin="1" NumberMax="1" LevelMin="3" LevelMax="4" LevelOffset="0" Center="0" SpawnOverTime="1" BossProba="0" LootClassOverride="" XPBonusPercent="0" IgnoreAnimation="0" />
  </SpawnClass>
  <SpawnClass Name="Sc_svriir_A_svriirsraid">
    <Spawn Type="Actor" ClassName="SvriirSobok" NumberMin="1" NumberMax="1" LevelMin="3" LevelMax="4" LevelOffset="0" Center="0" SpawnOverTime="1" BossProba="0" LootClassOverride="" XPBonusPercent="0" IgnoreAnimation="1" />
  </SpawnClass>
  <SpawnClass Name="Sc_guard_M_svriirsraid">
    <Spawn Type="Actor" ClassName="SvriirsRaidStormfallGuardMelee" NumberMin="1" NumberMax="1" LevelMin="3" LevelMax="5" LevelOffset="0" Center="0" SpawnOverTime="1" BossProba="0" LootClassOverride="" XPBonusPercent="0" IgnoreAnimation="1" />
  </SpawnClass>
  <SpawnClass Name="Sc_guard_R_svriirsraid">
    <Spawn Type="Actor" ClassName="SvriirsRaidStormfallGuardRanged" NumberMin="1" NumberMax="1" LevelMin="3" LevelMax="5" LevelOffset="0" Center="0" SpawnOverTime="1" BossProba="0" LootClassOverride="" XPBonusPercent="0" IgnoreAnimation="1" />
  </SpawnClass>
  <SpawnClass Name="Sc_guard_M60_svriirsraid">
    <Spawn Type="Actor" ClassName="SvriirsRaidStormfallGuardRanged" NumberMin="1" NumberMax="1" LevelMin="60" LevelMax="60" LevelOffset="0" Center="0" SpawnOverTime="1" BossProba="0" LootClassOverride="" XPBonusPercent="0" IgnoreAnimation="1" />
  </SpawnClass>
  <SpawnClass Name="Sc_TavernEvent_Alastor">
    <Spawn Type="Actor" ClassName="RepublicAssassinTavern" NumberMin="1" NumberMax="1" LevelMin="8" LevelMax="8" LevelOffset="0" Center="0" SpawnOverTime="1" BossProba="100" LootClassOverride="" XPBonusPercent="0" IgnoreAnimation="0" ForceEntityName="Alastor">
      <BossRank Id="5" Frequency="100" />
    </Spawn>
  </SpawnClass>
  <SpawnClass Name="Sc_R_I_TavernEvent">
    <Spawn Type="Actor" ClassName="RepublicInfantrySword" NumberMin="1" NumberMax="1" LevelMin="8" LevelMax="8" LevelOffset="0" Center="0" SpawnOverTime="1" BossProba="0" LootClassOverride="" XPBonusPercent="0" IgnoreAnimation="0" />
  </SpawnClass>
  <SpawnClass Name="Sc_Sty_A1_S_D_Sirkis">
    <Spawn Type="Actor" ClassName="Sirkis" NumberMin="1" NumberMax="1" LevelMin="7" LevelMax="8" LevelOffset="0" Center="0" SpawnOverTime="1" BossProba="100" LootClassOverride="" XPBonusPercent="0" IgnoreAnimation="1" ForceEntityName="Sirkis">
      <BossRank Id="5" Frequency="100" />
    </Spawn>
  </SpawnClass>
  <SpawnClass Name="Sc_Sty_A1_CoS_Vhegguadh">
    <Spawn Type="Actor" ClassName="CultOfSouls_Vhegguadh" NumberMin="1" NumberMax="1" LevelMin="14" LevelMax="14" LevelOffset="0" Center="0" SpawnOverTime="1" BossProba="100" LootClassOverride="" XPBonusPercent="0" IgnoreAnimation="1" ForceEntityName="Vhegguadh">
      <BossRank Id="5" Frequency="100" />
    </Spawn>
  </SpawnClass>
  <SpawnClass Name="Sc_PrimordialGate_CoS_Deteron">
    <Spawn Type="Actor" ClassName="CultOfSouls_Deteron" NumberMin="1" NumberMax="1" LevelMin="14" LevelMax="14" LevelOffset="0" Center="0" SpawnOverTime="1" BossProba="100" LootClassOverride="" XPBonusPercent="0" IgnoreAnimation="0" ForceEntityName="Deteron">
      <BossRank Id="5" Frequency="100" />
    </Spawn>
  </SpawnClass>
  <SpawnClass Name="Sc_PrimordialGate_CoS_F">
    <Spawn Type="Actor" ClassName="CultOfSouls_Fanatic" NumberMin="1" NumberMax="1" LevelMin="14" LevelMax="14" LevelOffset="0" Center="0" SpawnOverTime="1" BossProba="100" LootClassOverride="" XPBonusPercent="0" IgnoreAnimation="1" ForceEntityName="Fanatic" />
  </SpawnClass>
  <SpawnClass Name="Sc_Sty_A1_CoS_Yudai">
    <Spawn Type="Actor" ClassName="CultOfSouls_Yudai" NumberMin="1" NumberMax="1" LevelMin="17" LevelMax="17" LevelOffset="0" Center="0" SpawnOverTime="1" BossProba="100" LootClassOverride="" XPBonusPercent="0" IgnoreAnimation="1" ForceEntityName="Yudai">
      <BossRank Id="5" Frequency="100" />
    </Spawn>
  </SpawnClass>
  <SpawnClass Name="Sc_republic_JE1">
    <Spawn Type="Actor" ClassName="Justicar_01" NumberMin="1" NumberMax="1" LevelMin="18" LevelMax="18" LevelOffset="0" Center="0" SpawnOverTime="1" BossProba="100" LootClassOverride="" XPBonusPercent="0" IgnoreAnimation="0" ForceEntityName="Edric">
      <BossRank Id="5" Frequency="100" />
    </Spawn>
  </SpawnClass>
  <SpawnClass Name="Sc_republic_JE2">
    <Spawn Type="Actor" ClassName="Justicar_02" NumberMin="1" NumberMax="1" LevelMin="18" LevelMax="18" LevelOffset="0" Center="0" SpawnOverTime="1" BossProba="100" LootClassOverride="" XPBonusPercent="0" IgnoreAnimation="0" ForceEntityName="Edric">
      <BossRank Id="5" Frequency="100" />
    </Spawn>
  </SpawnClass>
  <SpawnClass Name="Sc_republic_JE3">
    <Spawn Type="Actor" ClassName="Justicar_03" NumberMin="1" NumberMax="1" LevelMin="18" LevelMax="18" LevelOffset="0" Center="0" SpawnOverTime="1" BossProba="100" LootClassOverride="" XPBonusPercent="0" IgnoreAnimation="0" ForceEntityName="Edric">
      <BossRank Id="5" Frequency="100" />
    </Spawn>
  </SpawnClass>
  <SpawnClass Name="Sc_LostSoul_COSDamned_EdricBossFight">
    <Spawn Type="Actor" ClassName="CultOfSouls_LostSoul" NumberMin="1" NumberMax="1" LevelMin="18" LevelMax="18" LevelOffset="0" Center="0" SpawnOverTime="1" BossProba="0" LootClassOverride="NoLoot" XPBonusPercent="0" IgnoreAnimation="0" />
  </SpawnClass>
  <SpawnClass Name="Sc_BanditAmbush_Worg">
    <Spawn Type="Actor" ClassName="OutlawsWorg01" NumberMin="1" NumberMax="1" LevelMin="9" LevelMax="9" LevelOffset="0" Center="0" SpawnOverTime="1" BossProba="0" LootClassOverride="NoLoot" XPBonusPercent="0" IgnoreAnimation="0" />
  </SpawnClass>
  <SpawnClass Name="Sc_BanditAmbush_WorgAlpha">
    <Spawn Type="Actor" ClassName="OutlawsWorgAlpha" NumberMin="1" NumberMax="1" LevelMin="9" LevelMax="9" LevelOffset="0" Center="0" SpawnOverTime="1" BossProba="0" LootClassOverride="NoLoot" XPBonusPercent="0" IgnoreAnimation="0" />
  </SpawnClass>
  <SpawnClass Name="Sc_BanditAmbush_BanditMelee">
    <Spawn Type="Actor" ClassName="OutlawsBanditMelee01" NumberMin="1" NumberMax="1" LevelMin="9" LevelMax="9" LevelOffset="0" Center="0" SpawnOverTime="1" BossProba="0" LootClassOverride="NoLoot" XPBonusPercent="0" IgnoreAnimation="0" />
  </SpawnClass>
  <SpawnClass Name="Sc_BanditAmbush_BanditRange">
    <Spawn Type="Actor" ClassName="OutlawsBanditRanged" NumberMin="1" NumberMax="1" LevelMin="9" LevelMax="9" LevelOffset="0" Center="0" SpawnOverTime="1" BossProba="0" LootClassOverride="NoLoot" XPBonusPercent="0" IgnoreAnimation="0" />
  </SpawnClass>
  <SpawnClass Name="Sc_BanditAmbush_Km">
    <Spawn Type="Actor" ClassName="OutlawsKennelMaster" NumberMin="1" NumberMax="1" LevelMin="9" LevelMax="9" LevelOffset="0" Center="0" SpawnOverTime="1" BossProba="100" LootClassOverride="NoLoot" XPBonusPercent="0" IgnoreAnimation="0">
      <BossRank Id="1" Frequency="100" />
    </Spawn>
  </SpawnClass>
  <SpawnClass Name="Sc_BanditAmbush_Tr">
    <Spawn Type="Actor" ClassName="OutlawsTrapper" NumberMin="1" NumberMax="1" LevelMin="9" LevelMax="9" LevelOffset="0" Center="0" SpawnOverTime="1" BossProba="100" LootClassOverride="NoLoot" XPBonusPercent="0" IgnoreAnimation="0">
      <BossRank Id="1" Frequency="100" />
    </Spawn>
  </SpawnClass>
  <SpawnClass Name="Sc_BanditAmbush_Br">
    <Spawn Type="Actor" ClassName="OutlawsBrute" NumberMin="1" NumberMax="1" LevelMin="9" LevelMax="9" LevelOffset="0" Center="0" SpawnOverTime="1" BossProba="100" LootClassOverride="NoLoot" XPBonusPercent="0" IgnoreAnimation="0">
      <BossRank Id="1" Frequency="100" />
    </Spawn>
  </SpawnClass>
  <SpawnClass Name="Sc_BanditAmbush_Naarlog">
    <Spawn Type="Actor" ClassName="Naarlog" NumberMin="1" NumberMax="1" LevelMin="9" LevelMax="9" LevelOffset="0" Center="0" SpawnOverTime="1" BossProba="100" LootClassOverride="" XPBonusPercent="0" IgnoreAnimation="0" ForceEntityName="Naarlog">
      <BossRank Id="5" Frequency="100" />
    </Spawn>
  </SpawnClass>
  <SpawnClass Name="Sc_DemonicCrystal_Wailon">
    <Spawn Type="Actor" ClassName="CultOfSouls_Wailon" NumberMin="1" NumberMax="1" LevelMin="11" LevelMax="11" LevelOffset="0" Center="0" SpawnOverTime="1" BossProba="100" LootClassOverride="NoLoot" XPBonusPercent="0" IgnoreAnimation="0">
      <BossRank Id="2" Frequency="100" />
    </Spawn>
    <Spawn Type="Actor" ClassName="CultOfSouls_HalfBreed" NumberMin="2" NumberMax="2" LevelMin="11" LevelMax="11" LevelOffset="0" Center="0" SpawnOverTime="1" BossProba="100" LootClassOverride="NoLoot" XPBonusPercent="0" IgnoreAnimation="0">
      <BossRank Id="1" Frequency="100" />
    </Spawn>
  </SpawnClass>
  <SpawnClass Name="Sc_CorruptedNeiddrerym_PG">
    <Spawn Type="Actor" ClassName="CultOfSouls_Neiddrerym" NumberMin="1" NumberMax="1" LevelMin="15" LevelMax="15" LevelOffset="0" Center="0" SpawnOverTime="1" BossProba="0" LootClassOverride="NoLoot" XPBonusPercent="0" IgnoreAnimation="1" ForceEntityName="Neiddrerym" />
  </SpawnClass>
  <SpawnClass Name="Sc_BoneBridge_1">
    <Spawn Type="Actor" ClassName="CultOfSouls_UndeadSpiker_frost" NumberMin="1" NumberMax="1" LevelMin="12" LevelMax="13" LevelOffset="0" Center="0" SpawnOverTime="1" BossProba="100" LootClassOverride="NoLoot" XPBonusPercent="0" IgnoreAnimation="0">
      <BossRank Id="1" Frequency="100" />
    </Spawn>
    <Spawn Type="Actor" ClassName="CultOfSouls_HalfBreed" NumberMin="1" NumberMax="1" LevelMin="12" LevelMax="13" LevelOffset="0" Center="0" SpawnOverTime="1" BossProba="100" LootClassOverride="NoLoot" XPBonusPercent="0" IgnoreAnimation="0">
      <BossRank Id="1" Frequency="100" />
    </Spawn>
  </SpawnClass>
  <SpawnClass Name="Sc_BoneBridge_2">
    <Spawn Type="Actor" ClassName="CultOfSouls_LanternBearer" NumberMin="1" NumberMax="1" LevelMin="12" LevelMax="13" LevelOffset="0" Center="0" SpawnOverTime="1" BossProba="100" LootClassOverride="NoLoot" XPBonusPercent="0" IgnoreAnimation="0">
      <BossRank Id="1" Frequency="100" />
    </Spawn>
    <Spawn Type="Actor" ClassName="CultOfSouls_HalfBreed" NumberMin="1" NumberMax="1" LevelMin="12" LevelMax="13" LevelOffset="0" Center="0" SpawnOverTime="1" BossProba="100" LootClassOverride="NoLoot" XPBonusPercent="0" IgnoreAnimation="0">
      <BossRank Id="1" Frequency="100" />
    </Spawn>
  </SpawnClass>
</MetaData>