<CustomizationOptions>
  <DefaultValues>
    <MaleHaircut id="hair02" />
    <FemaleHaircut id="hair01" />
    <Eye id="eye01" />
    <Beard id="beard01" />
  </DefaultValues>
  <Haircuts>
    <Male>
      <Haircut id="hair01" name="@ui_Haircut_1" />
      <Haircut id="hair02" name="@ui_Haircut_2" />
    </Male>
    <Female>
      <Haircut id="hair01" name="@ui_Haircut_1" />
      <Haircut id="hair02" name="@ui_Haircut_2" />
    </Female>
  </Haircuts>
  <Eyes>
    <Eye id="eye01" name="@ui_Eye_1" />
    <Eye id="eye02" name="@ui_Eye_2" />
  </Eyes>
  <Beards>
    <Beard id="beard01" name="@ui_Beard_1" />
    <Beard id="beard02" name="@ui_Beard_2" />
  </Beards>
</CustomizationOptions>