<MetaData>
  <BaseEntity ID="Charger_clone" EntityName="sarisel_chosen_charger_clone" Scale="1" CanKillAllies="0" />
  <Faction Name="Chosen" />
  <Keywords Value="lieutenant,melee" />
  <SpawnClassParams SpawnLevelMin="1" SpawnLevelMax="60" SpawnWeight="1" />
  <Attributes Archetype="archetype_lieutenant" HealthModifier="0.7" DamageModifier="2" XPModifier="1" Protection="" />
  <Movement MovementSpeed="0" WalkSpeed="0" />
  <InterruptionParams InterruptChance="0" />
  <StunParams IgnoreStunChance="0" StunCooldown="6" FreezeCooldown="6" />
  <BlownAwayParams CanBeBlownAway="0" BlownAwayAnimationTag="" />
  <DefaultBossModifiers />
  <LootClass />
  <AliveLootPreset Name="AliveLoot_Elite" />
  <Corpses PresetName="EliteCadaverPreset" />
  <BasicAIParams ClampToNavmesh="1" MaxTurnRate="360" UseAvoidance="0" />
  <Kythera>
    <Behavior Name="Generic" />
    <BT FleeOnLowHealthChance="0.0" EngageRange="100.0" MeleeAttack="false" FallBack="True" IdleWander="False" />
    <Movement ClampToNavMesh="True" />
    <Target SticknessBias="30.0" DistanceBias="6.0" DamageBias="0.0" AggressionBias="1.0" AggressionDecay="10.0" Category="None" />
    <Perception>
      <Proximity DayMaxDistance="100" NightMaxDistance="100" DetectionTime="0.01" />
    </Perception>
  </Kythera>
  <Skills>
    <Offensive>
      <Skill Name="AI_Chosen_Charger_clone_DefaultAttack" Orientated="BeforeCast" Interruptible="False" Enabled="True" BaseWeight="1.0" MaxRepeats="1">
        <Range Min="0.0" Preferred="15.0" Max="15.0" MinWeight="0.0" PreferredWeight="0.0" MaxWeight="0.0" />
      </Skill>
    </Offensive>
    <Approach />
  </Skills>
  <HUD UIName="@ui_AIName_ChargerClone" ZIconOffset="3.2" />
  <Spawn SpawnAnimation="rise_out_ground" TransparencyAtSpawn="0" />
  <Death UseDeathAnimation="1" DeathSkill="" />
  <GameplayParticles PresetName="size_large" />
  <Capsules>
    <EntityPhysics ColliderSize="0.5,0.5,0.5" />
    <MouseSelection SelectionCapsuleRadius="1.0" SelectionCapsuleHeight="0.85" SelectionCapsuleZOffset="-0.45" />
    <ProjectileCollision ProjectileCapsuleRadius="1.0" ProjectileCapsuleHeight="0.3" CanSnapOnCenterWhenColliding="0" />
  </Capsules>
  <VisualParams>
    <HitParticleParams BaseHitScale="1" DirectionalHitScale="1" CriticalHitScale="1" />
    <BloodDecals Preset="default" OverrideScale="1" />
  </VisualParams>
  <Audio AllowGroupSounds="0" SwitchSoundName="CHOS_ChargerClone_voice" />
  <BoneParticles>
    <BoneParticle BoneName="Bip01 Spine3" ParticleName="U_Monster.Charger.Charger_ChestAura_01_BW" Offset="-0.2,0,0" Dir="0,0,1" Scale="0.8" />
  </BoneParticles>
</MetaData>