<MetaData>
  <SpawnClass Name="sc_Adv_NPC2_Boss_SvriirLair_1">
    <Spawn Type="Actor" ClassName="SvriirBetaSpitter" NumberMin="2" NumberMax="2" LevelMin="1" LevelMax="60" LevelOffset="0" Center="0" SpawnOverTime="0" BossProba="100" LootClassOverride="" XPBonusPercent="0" IgnoreAnimation="0">
      <BossRank Id="2" Frequency="100" />
      <ChoiceBossModifiers Id="BossModifier_Fast" />
      <ChoiceBossModifiers Id="BossModifier_Tough" />
      <ChoiceBossModifiers Id="BossModifier_Unstoppable" />
      <ChoiceBossModifiers Id="BossModifier_FireImbued" />
      <ChoiceBossModifiers Id="BossModifier_FrostImbued" />
      <ChoiceBossModifiers Id="BossModifier_LightningImbued" />
      <ChoiceBossModifiers Id="BossModifier_PhysicalImbued" />
      <ChoiceBossModifiers Id="BossModifier_RendImbued" />
      <ChoiceBossModifiers Id="BossModifier_SacredImbued" />
      <ChoiceBossModifiers Id="BossModifier_ShadowImbued" />
      <ChoiceBossModifiers Id="BossModifier_AetherImbued" />
      <ChoiceBossModifiers Id="BossModifier_MultipleProjectiles" />
      <ChoiceBossModifiers Id="BossModifier_Regeneration" />
      <ChoiceBossModifiers Id="BossModifier_Powerful" />
      <ChoiceBossModifiers Id="BossModifier_ElementalShield" />
      <ChoiceBossModifiers Id="BossModifier_MaterialShield" />
      <ChoiceBossModifiers Id="BossModifier_OccultShield" />
    </Spawn>
    <Spawn Type="Actor" ClassName="SvriirAlphaPoison" NumberMin="1" NumberMax="1" LevelMin="1" LevelMax="60" LevelOffset="0" Center="0" SpawnOverTime="0" BossProba="100" LootClassOverride="" XPBonusPercent="0" IgnoreAnimation="0">
      <BossRank Id="4" Frequency="100" />
      <ChoiceBossModifiers Id="BossModifier_Fast" />
      <ChoiceBossModifiers Id="BossModifier_Tough" />
      <ChoiceBossModifiers Id="BossModifier_Unstoppable" />
      <ChoiceBossModifiers Id="BossModifier_FireImbued" />
      <ChoiceBossModifiers Id="BossModifier_FrostImbued" />
      <ChoiceBossModifiers Id="BossModifier_LightningImbued" />
      <ChoiceBossModifiers Id="BossModifier_PhysicalImbued" />
      <ChoiceBossModifiers Id="BossModifier_RendImbued" />
      <ChoiceBossModifiers Id="BossModifier_SacredImbued" />
      <ChoiceBossModifiers Id="BossModifier_ShadowImbued" />
      <ChoiceBossModifiers Id="BossModifier_AetherImbued" />
      <ChoiceBossModifiers Id="BossModifier_Regeneration" />
      <ChoiceBossModifiers Id="BossModifier_Powerful" />
      <ChoiceBossModifiers Id="BossModifier_ElementalShield" />
      <ChoiceBossModifiers Id="BossModifier_MaterialShield" />
      <ChoiceBossModifiers Id="BossModifier_OccultShield" />
    </Spawn>
  </SpawnClass>
  <SpawnClass Name="sc_Adv_NPC2_Boss_SvriirLair_2">
    <Spawn Type="Actor" ClassName="SvriirBetaSpawner" NumberMin="2" NumberMax="2" LevelMin="1" LevelMax="60" LevelOffset="0" Center="0" SpawnOverTime="0" BossProba="100" LootClassOverride="" XPBonusPercent="0" IgnoreAnimation="0">
      <BossRank Id="2" Frequency="100" />
      <ChoiceBossModifiers Id="BossModifier_Fast" />
      <ChoiceBossModifiers Id="BossModifier_Tough" />
      <ChoiceBossModifiers Id="BossModifier_Unstoppable" />
      <ChoiceBossModifiers Id="BossModifier_FireImbued" />
      <ChoiceBossModifiers Id="BossModifier_FrostImbued" />
      <ChoiceBossModifiers Id="BossModifier_LightningImbued" />
      <ChoiceBossModifiers Id="BossModifier_RendImbued" />
      <ChoiceBossModifiers Id="BossModifier_SacredImbued" />
      <ChoiceBossModifiers Id="BossModifier_ShadowImbued" />
      <ChoiceBossModifiers Id="BossModifier_ToxicImbued" />
      <ChoiceBossModifiers Id="BossModifier_AetherImbued" />
      <ChoiceBossModifiers Id="BossModifier_MultipleProjectiles" />
      <ChoiceBossModifiers Id="BossModifier_Regeneration" />
      <ChoiceBossModifiers Id="BossModifier_Powerful" />
      <ChoiceBossModifiers Id="BossModifier_ElementalShield" />
      <ChoiceBossModifiers Id="BossModifier_MaterialShield" />
      <ChoiceBossModifiers Id="BossModifier_OccultShield" />
    </Spawn>
    <Spawn Type="Actor" ClassName="SvriirAlphaPoison" NumberMin="1" NumberMax="1" LevelMin="1" LevelMax="60" LevelOffset="0" Center="0" SpawnOverTime="0" BossProba="100" LootClassOverride="" XPBonusPercent="0" IgnoreAnimation="0">
      <BossRank Id="4" Frequency="100" />
      <ChoiceBossModifiers Id="BossModifier_Fast" />
      <ChoiceBossModifiers Id="BossModifier_Tough" />
      <ChoiceBossModifiers Id="BossModifier_Unstoppable" />
      <ChoiceBossModifiers Id="BossModifier_FireImbued" />
      <ChoiceBossModifiers Id="BossModifier_FrostImbued" />
      <ChoiceBossModifiers Id="BossModifier_LightningImbued" />
      <ChoiceBossModifiers Id="BossModifier_PhysicalImbued" />
      <ChoiceBossModifiers Id="BossModifier_RendImbued" />
      <ChoiceBossModifiers Id="BossModifier_SacredImbued" />
      <ChoiceBossModifiers Id="BossModifier_ShadowImbued" />
      <ChoiceBossModifiers Id="BossModifier_AetherImbued" />
      <ChoiceBossModifiers Id="BossModifier_Regeneration" />
      <ChoiceBossModifiers Id="BossModifier_Powerful" />
      <ChoiceBossModifiers Id="BossModifier_ElementalShield" />
      <ChoiceBossModifiers Id="BossModifier_MaterialShield" />
      <ChoiceBossModifiers Id="BossModifier_OccultShield" />
    </Spawn>
  </SpawnClass>
  <SpawnClass Name="sc_Adv_NPC2_Boss_Cave_1">
    <Spawn Type="Actor" ClassName="OutlawsKennelMaster" NumberMin="2" NumberMax="2" LevelMin="1" LevelMax="60" LevelOffset="0" Center="0" SpawnOverTime="0" BossProba="100" LootClassOverride="" XPBonusPercent="0" IgnoreAnimation="0">
      <BossRank Id="2" Frequency="100" />
      <ChoiceBossModifiers Id="BossModifier_Fast" />
      <ChoiceBossModifiers Id="BossModifier_Tough" />
      <ChoiceBossModifiers Id="BossModifier_Unstoppable" />
      <ChoiceBossModifiers Id="BossModifier_FireImbued" />
      <ChoiceBossModifiers Id="BossModifier_FrostImbued" />
      <ChoiceBossModifiers Id="BossModifier_LightningImbued" />
      <ChoiceBossModifiers Id="BossModifier_RendImbued" />
      <ChoiceBossModifiers Id="BossModifier_SacredImbued" />
      <ChoiceBossModifiers Id="BossModifier_ShadowImbued" />
      <ChoiceBossModifiers Id="BossModifier_ToxicImbued" />
      <ChoiceBossModifiers Id="BossModifier_AetherImbued" />
      <ChoiceBossModifiers Id="BossModifier_Regeneration" />
      <ChoiceBossModifiers Id="BossModifier_Powerful" />
      <ChoiceBossModifiers Id="BossModifier_ElementalShield" />
      <ChoiceBossModifiers Id="BossModifier_MaterialShield" />
      <ChoiceBossModifiers Id="BossModifier_OccultShield" />
    </Spawn>
    <Spawn Type="Actor" ClassName="OutlawsSadisticThug" NumberMin="1" NumberMax="1" LevelMin="1" LevelMax="60" LevelOffset="0" Center="0" SpawnOverTime="0" BossProba="100" LootClassOverride="" XPBonusPercent="0" IgnoreAnimation="0">
      <BossRank Id="4" Frequency="100" />
      <ChoiceBossModifiers Id="BossModifier_Fast" />
      <ChoiceBossModifiers Id="BossModifier_Tough" />
      <ChoiceBossModifiers Id="BossModifier_Unstoppable" />
      <ChoiceBossModifiers Id="BossModifier_FireImbued" />
      <ChoiceBossModifiers Id="BossModifier_FrostImbued" />
      <ChoiceBossModifiers Id="BossModifier_LightningImbued" />
      <ChoiceBossModifiers Id="BossModifier_RendImbued" />
      <ChoiceBossModifiers Id="BossModifier_SacredImbued" />
      <ChoiceBossModifiers Id="BossModifier_ShadowImbued" />
      <ChoiceBossModifiers Id="BossModifier_ToxicImbued" />
      <ChoiceBossModifiers Id="BossModifier_AetherImbued" />
      <ChoiceBossModifiers Id="BossModifier_MultipleProjectiles" />
      <ChoiceBossModifiers Id="BossModifier_Regeneration" />
      <ChoiceBossModifiers Id="BossModifier_Powerful" />
      <ChoiceBossModifiers Id="BossModifier_ElementalShield" />
      <ChoiceBossModifiers Id="BossModifier_MaterialShield" />
      <ChoiceBossModifiers Id="BossModifier_OccultShield" />
    </Spawn>
  </SpawnClass>
  <SpawnClass Name="sc_Adv_NPC2_Boss_Cave_2">
    <Spawn Type="Actor" ClassName="OutlawsTrapper" NumberMin="2" NumberMax="2" LevelMin="1" LevelMax="60" LevelOffset="0" Center="0" SpawnOverTime="0" BossProba="100" LootClassOverride="" XPBonusPercent="0" IgnoreAnimation="0">
      <BossRank Id="2" Frequency="100" />
    </Spawn>
    <Spawn Type="Actor" ClassName="OutlawsSadisticThug" NumberMin="1" NumberMax="1" LevelMin="1" LevelMax="60" LevelOffset="0" Center="0" SpawnOverTime="0" BossProba="100" LootClassOverride="" XPBonusPercent="0" IgnoreAnimation="0">
      <BossRank Id="4" Frequency="100" />
      <ChoiceBossModifiers Id="BossModifier_Fast" />
      <ChoiceBossModifiers Id="BossModifier_Tough" />
      <ChoiceBossModifiers Id="BossModifier_Unstoppable" />
      <ChoiceBossModifiers Id="BossModifier_FireImbued" />
      <ChoiceBossModifiers Id="BossModifier_FrostImbued" />
      <ChoiceBossModifiers Id="BossModifier_LightningImbued" />
      <ChoiceBossModifiers Id="BossModifier_RendImbued" />
      <ChoiceBossModifiers Id="BossModifier_SacredImbued" />
      <ChoiceBossModifiers Id="BossModifier_ShadowImbued" />
      <ChoiceBossModifiers Id="BossModifier_ToxicImbued" />
      <ChoiceBossModifiers Id="BossModifier_AetherImbued" />
      <ChoiceBossModifiers Id="BossModifier_MultipleProjectiles" />
      <ChoiceBossModifiers Id="BossModifier_Regeneration" />
      <ChoiceBossModifiers Id="BossModifier_Powerful" />
      <ChoiceBossModifiers Id="BossModifier_ElementalShield" />
      <ChoiceBossModifiers Id="BossModifier_MaterialShield" />
      <ChoiceBossModifiers Id="BossModifier_OccultShield" />
    </Spawn>
  </SpawnClass>
  <SpawnClass Name="sc_Adv_NPC2_Boss_Necropolis1">
    <Spawn Type="Actor" ClassName="CultOfSouls_UndeadSpiker" NumberMin="2" NumberMax="2" LevelMin="1" LevelMax="60" LevelOffset="0" Center="0" SpawnOverTime="0" BossProba="100" LootClassOverride="" XPBonusPercent="0" IgnoreAnimation="0">
      <BossRank Id="2" Frequency="100" />
      <ChoiceBossModifiers Id="BossModifier_Fast" />
      <ChoiceBossModifiers Id="BossModifier_Tough" />
      <ChoiceBossModifiers Id="BossModifier_Unstoppable" />
      <ChoiceBossModifiers Id="BossModifier_FireImbued" />
      <ChoiceBossModifiers Id="BossModifier_FrostImbued" />
      <ChoiceBossModifiers Id="BossModifier_LightningImbued" />
      <ChoiceBossModifiers Id="BossModifier_RendImbued" />
      <ChoiceBossModifiers Id="BossModifier_SacredImbued" />
      <ChoiceBossModifiers Id="BossModifier_ShadowImbued" />
      <ChoiceBossModifiers Id="BossModifier_ToxicImbued" />
      <ChoiceBossModifiers Id="BossModifier_AetherImbued" />
      <ChoiceBossModifiers Id="BossModifier_MultipleProjectiles" />
      <ChoiceBossModifiers Id="BossModifier_Regeneration" />
      <ChoiceBossModifiers Id="BossModifier_Powerful" />
      <ChoiceBossModifiers Id="BossModifier_ElementalShield" />
      <ChoiceBossModifiers Id="BossModifier_MaterialShield" />
      <ChoiceBossModifiers Id="BossModifier_OccultShield" />
    </Spawn>
    <Spawn Type="Actor" ClassName="CultOfSouls_Butcher" NumberMin="1" NumberMax="1" LevelMin="1" LevelMax="60" LevelOffset="0" Center="0" SpawnOverTime="0" BossProba="100" LootClassOverride="" XPBonusPercent="0" IgnoreAnimation="0">
      <BossRank Id="4" Frequency="100" />
      <ChoiceBossModifiers Id="BossModifier_Fast" />
      <ChoiceBossModifiers Id="BossModifier_Tough" />
      <ChoiceBossModifiers Id="BossModifier_Unstoppable" />
      <ChoiceBossModifiers Id="BossModifier_FireImbued" />
      <ChoiceBossModifiers Id="BossModifier_LightningImbued" />
      <ChoiceBossModifiers Id="BossModifier_PhysicalImbued" />
      <ChoiceBossModifiers Id="BossModifier_RendImbued" />
      <ChoiceBossModifiers Id="BossModifier_SacredImbued" />
      <ChoiceBossModifiers Id="BossModifier_ShadowImbued" />
      <ChoiceBossModifiers Id="BossModifier_ToxicImbued" />
      <ChoiceBossModifiers Id="BossModifier_AetherImbued" />
      <ChoiceBossModifiers Id="BossModifier_Regeneration" />
      <ChoiceBossModifiers Id="BossModifier_Powerful" />
      <ChoiceBossModifiers Id="BossModifier_ElementalShield" />
      <ChoiceBossModifiers Id="BossModifier_MaterialShield" />
      <ChoiceBossModifiers Id="BossModifier_OccultShield" />
    </Spawn>
  </SpawnClass>
  <SpawnClass Name="sc_Adv_NPC2_Boss_Necropolis2">
    <Spawn Type="Actor" ClassName="CultOfSouls_LanternBearer" NumberMin="1" NumberMax="1" LevelMin="1" LevelMax="60" LevelOffset="0" Center="0" SpawnOverTime="0" BossProba="100" LootClassOverride="" XPBonusPercent="0" IgnoreAnimation="0">
      <BossRank Id="2" Frequency="100" />
      <ChoiceBossModifiers Id="BossModifier_Fast" />
      <ChoiceBossModifiers Id="BossModifier_Tough" />
      <ChoiceBossModifiers Id="BossModifier_Unstoppable" />
      <ChoiceBossModifiers Id="BossModifier_FireImbued" />
      <ChoiceBossModifiers Id="BossModifier_LightningImbued" />
      <ChoiceBossModifiers Id="BossModifier_PhysicalImbued" />
      <ChoiceBossModifiers Id="BossModifier_RendImbued" />
      <ChoiceBossModifiers Id="BossModifier_SacredImbued" />
      <ChoiceBossModifiers Id="BossModifier_ShadowImbued" />
      <ChoiceBossModifiers Id="BossModifier_ToxicImbued" />
      <ChoiceBossModifiers Id="BossModifier_AetherImbued" />
      <ChoiceBossModifiers Id="BossModifier_Regeneration" />
      <ChoiceBossModifiers Id="BossModifier_Powerful" />
      <ChoiceBossModifiers Id="BossModifier_ElementalShield" />
      <ChoiceBossModifiers Id="BossModifier_MaterialShield" />
      <ChoiceBossModifiers Id="BossModifier_OccultShield" />
    </Spawn>
    <Spawn Type="Actor" ClassName="CultOfSouls_DemonOfSouls" NumberMin="1" NumberMax="1" LevelMin="1" LevelMax="60" LevelOffset="0" Center="0" SpawnOverTime="0" BossProba="100" LootClassOverride="" XPBonusPercent="0" IgnoreAnimation="0">
      <BossRank Id="4" Frequency="100" />
      <ChoiceBossModifiers Id="BossModifier_Fast" />
      <ChoiceBossModifiers Id="BossModifier_Tough" />
      <ChoiceBossModifiers Id="BossModifier_Unstoppable" />
      <ChoiceBossModifiers Id="BossModifier_FireImbued" />
      <ChoiceBossModifiers Id="BossModifier_LightningImbued" />
      <ChoiceBossModifiers Id="BossModifier_PhysicalImbued" />
      <ChoiceBossModifiers Id="BossModifier_RendImbued" />
      <ChoiceBossModifiers Id="BossModifier_SacredImbued" />
      <ChoiceBossModifiers Id="BossModifier_ShadowImbued" />
      <ChoiceBossModifiers Id="BossModifier_ToxicImbued" />
      <ChoiceBossModifiers Id="BossModifier_AetherImbued" />
      <ChoiceBossModifiers Id="BossModifier_MultipleProjectiles" />
      <ChoiceBossModifiers Id="BossModifier_Regeneration" />
      <ChoiceBossModifiers Id="BossModifier_Powerful" />
      <ChoiceBossModifiers Id="BossModifier_ElementalShield" />
      <ChoiceBossModifiers Id="BossModifier_MaterialShield" />
      <ChoiceBossModifiers Id="BossModifier_OccultShield" />
    </Spawn>
    <Spawn Type="Actor" ClassName="CultOfSouls_Specter" NumberMin="1" NumberMax="1" LevelMin="1" LevelMax="60" LevelOffset="0" Center="0" SpawnOverTime="0" BossProba="100" LootClassOverride="" XPBonusPercent="0" IgnoreAnimation="0">
      <BossRank Id="2" Frequency="100" />
      <ChoiceBossModifiers Id="BossModifier_Fast" />
      <ChoiceBossModifiers Id="BossModifier_Tough" />
      <ChoiceBossModifiers Id="BossModifier_Unstoppable" />
      <ChoiceBossModifiers Id="BossModifier_FireImbued" />
      <ChoiceBossModifiers Id="BossModifier_LightningImbued" />
      <ChoiceBossModifiers Id="BossModifier_PhysicalImbued" />
      <ChoiceBossModifiers Id="BossModifier_RendImbued" />
      <ChoiceBossModifiers Id="BossModifier_SacredImbued" />
      <ChoiceBossModifiers Id="BossModifier_ShadowImbued" />
      <ChoiceBossModifiers Id="BossModifier_ToxicImbued" />
      <ChoiceBossModifiers Id="BossModifier_AetherImbued" />
      <ChoiceBossModifiers Id="BossModifier_Regeneration" />
      <ChoiceBossModifiers Id="BossModifier_Powerful" />
      <ChoiceBossModifiers Id="BossModifier_ElementalShield" />
      <ChoiceBossModifiers Id="BossModifier_MaterialShield" />
      <ChoiceBossModifiers Id="BossModifier_OccultShield" />
    </Spawn>
  </SpawnClass>
  <SpawnClass Name="sc_Adv_NPC2_Boss_TPS1">
    <Spawn Type="Actor" ClassName="CultOfSouls_LanternBearer" NumberMin="1" NumberMax="1" LevelMin="1" LevelMax="60" LevelOffset="0" Center="0" SpawnOverTime="0" BossProba="100" LootClassOverride="" XPBonusPercent="0" IgnoreAnimation="0">
      <BossRank Id="2" Frequency="100" />
      <ChoiceBossModifiers Id="BossModifier_Fast" />
      <ChoiceBossModifiers Id="BossModifier_Tough" />
      <ChoiceBossModifiers Id="BossModifier_Unstoppable" />
      <ChoiceBossModifiers Id="BossModifier_FireImbued" />
      <ChoiceBossModifiers Id="BossModifier_LightningImbued" />
      <ChoiceBossModifiers Id="BossModifier_PhysicalImbued" />
      <ChoiceBossModifiers Id="BossModifier_RendImbued" />
      <ChoiceBossModifiers Id="BossModifier_SacredImbued" />
      <ChoiceBossModifiers Id="BossModifier_ShadowImbued" />
      <ChoiceBossModifiers Id="BossModifier_ToxicImbued" />
      <ChoiceBossModifiers Id="BossModifier_AetherImbued" />
      <ChoiceBossModifiers Id="BossModifier_Regeneration" />
      <ChoiceBossModifiers Id="BossModifier_Powerful" />
      <ChoiceBossModifiers Id="BossModifier_ElementalShield" />
      <ChoiceBossModifiers Id="BossModifier_MaterialShield" />
      <ChoiceBossModifiers Id="BossModifier_OccultShield" />
    </Spawn>
    <Spawn Type="Actor" ClassName="CultOfSouls_Corrupted_PrimordialGuardian" NumberMin="1" NumberMax="1" LevelMin="1" LevelMax="60" LevelOffset="0" Center="0" SpawnOverTime="0" BossProba="100" LootClassOverride="" XPBonusPercent="0" IgnoreAnimation="0">
      <BossRank Id="4" Frequency="100" />
      <ChoiceBossModifiers Id="BossModifier_Fast" />
      <ChoiceBossModifiers Id="BossModifier_Tough" />
      <ChoiceBossModifiers Id="BossModifier_Unstoppable" />
      <ChoiceBossModifiers Id="BossModifier_FireImbued" />
      <ChoiceBossModifiers Id="BossModifier_LightningImbued" />
      <ChoiceBossModifiers Id="BossModifier_PhysicalImbued" />
      <ChoiceBossModifiers Id="BossModifier_RendImbued" />
      <ChoiceBossModifiers Id="BossModifier_SacredImbued" />
      <ChoiceBossModifiers Id="BossModifier_ShadowImbued" />
      <ChoiceBossModifiers Id="BossModifier_ToxicImbued" />
      <ChoiceBossModifiers Id="BossModifier_AetherImbued" />
      <ChoiceBossModifiers Id="BossModifier_MultipleProjectiles" />
      <ChoiceBossModifiers Id="BossModifier_Regeneration" />
      <ChoiceBossModifiers Id="BossModifier_Powerful" />
      <ChoiceBossModifiers Id="BossModifier_ElementalShield" />
      <ChoiceBossModifiers Id="BossModifier_MaterialShield" />
      <ChoiceBossModifiers Id="BossModifier_OccultShield" />
    </Spawn>
    <Spawn Type="Actor" ClassName="CultOfSouls_HalfBreed" NumberMin="1" NumberMax="1" LevelMin="1" LevelMax="60" LevelOffset="0" Center="0" SpawnOverTime="0" BossProba="100" LootClassOverride="" XPBonusPercent="0" IgnoreAnimation="0">
      <BossRank Id="2" Frequency="100" />
      <ChoiceBossModifiers Id="BossModifier_Fast" />
      <ChoiceBossModifiers Id="BossModifier_Tough" />
      <ChoiceBossModifiers Id="BossModifier_Unstoppable" />
      <ChoiceBossModifiers Id="BossModifier_FireImbued" />
      <ChoiceBossModifiers Id="BossModifier_LightningImbued" />
      <ChoiceBossModifiers Id="BossModifier_PhysicalImbued" />
      <ChoiceBossModifiers Id="BossModifier_RendImbued" />
      <ChoiceBossModifiers Id="BossModifier_SacredImbued" />
      <ChoiceBossModifiers Id="BossModifier_ShadowImbued" />
      <ChoiceBossModifiers Id="BossModifier_ToxicImbued" />
      <ChoiceBossModifiers Id="BossModifier_AetherImbued" />
      <ChoiceBossModifiers Id="BossModifier_MultipleProjectiles" />
      <ChoiceBossModifiers Id="BossModifier_Regeneration" />
      <ChoiceBossModifiers Id="BossModifier_Powerful" />
      <ChoiceBossModifiers Id="BossModifier_ElementalShield" />
      <ChoiceBossModifiers Id="BossModifier_MaterialShield" />
      <ChoiceBossModifiers Id="BossModifier_OccultShield" />
    </Spawn>
  </SpawnClass>
  <SpawnClass Name="sc_Adv_NPC2_Boss_TPS2_1">
    <Spawn Type="Actor" ClassName="SvriirAlphaPoison" NumberMin="1" NumberMax="1" LevelMin="1" LevelMax="60" LevelOffset="0" Center="0" SpawnOverTime="0" BossProba="100" LootClassOverride="" XPBonusPercent="0" IgnoreAnimation="0">
      <BossRank Id="4" Frequency="100" />
      <ChoiceBossModifiers Id="BossModifier_Fast" />
      <ChoiceBossModifiers Id="BossModifier_Tough" />
      <ChoiceBossModifiers Id="BossModifier_Unstoppable" />
      <ChoiceBossModifiers Id="BossModifier_FireImbued" />
      <ChoiceBossModifiers Id="BossModifier_FrostImbued" />
      <ChoiceBossModifiers Id="BossModifier_LightningImbued" />
      <ChoiceBossModifiers Id="BossModifier_PhysicalImbued" />
      <ChoiceBossModifiers Id="BossModifier_RendImbued" />
      <ChoiceBossModifiers Id="BossModifier_SacredImbued" />
      <ChoiceBossModifiers Id="BossModifier_ShadowImbued" />
      <ChoiceBossModifiers Id="BossModifier_AetherImbued" />
      <ChoiceBossModifiers Id="BossModifier_Regeneration" />
      <ChoiceBossModifiers Id="BossModifier_Powerful" />
      <ChoiceBossModifiers Id="BossModifier_ElementalShield" />
      <ChoiceBossModifiers Id="BossModifier_MaterialShield" />
      <ChoiceBossModifiers Id="BossModifier_OccultShield" />
    </Spawn>
    <Spawn Type="Actor" ClassName="OutlawsSadisticThug" NumberMin="1" NumberMax="1" LevelMin="1" LevelMax="60" LevelOffset="0" Center="0" SpawnOverTime="0" BossProba="100" LootClassOverride="" XPBonusPercent="0" IgnoreAnimation="0">
      <BossRank Id="4" Frequency="100" />
      <ChoiceBossModifiers Id="BossModifier_Fast" />
      <ChoiceBossModifiers Id="BossModifier_Tough" />
      <ChoiceBossModifiers Id="BossModifier_Unstoppable" />
      <ChoiceBossModifiers Id="BossModifier_FireImbued" />
      <ChoiceBossModifiers Id="BossModifier_FrostImbued" />
      <ChoiceBossModifiers Id="BossModifier_LightningImbued" />
      <ChoiceBossModifiers Id="BossModifier_RendImbued" />
      <ChoiceBossModifiers Id="BossModifier_SacredImbued" />
      <ChoiceBossModifiers Id="BossModifier_ShadowImbued" />
      <ChoiceBossModifiers Id="BossModifier_ToxicImbued" />
      <ChoiceBossModifiers Id="BossModifier_AetherImbued" />
      <ChoiceBossModifiers Id="BossModifier_MultipleProjectiles" />
      <ChoiceBossModifiers Id="BossModifier_Regeneration" />
      <ChoiceBossModifiers Id="BossModifier_Powerful" />
      <ChoiceBossModifiers Id="BossModifier_ElementalShield" />
      <ChoiceBossModifiers Id="BossModifier_MaterialShield" />
      <ChoiceBossModifiers Id="BossModifier_OccultShield" />
    </Spawn>
  </SpawnClass>
  <SpawnClass Name="sc_Adv_NPC2_Boss_TPS2_2">
    <Spawn Type="Actor" ClassName="OutlawsSadisticThug" NumberMin="1" NumberMax="1" LevelMin="1" LevelMax="60" LevelOffset="0" Center="0" SpawnOverTime="0" BossProba="100" LootClassOverride="" XPBonusPercent="0" IgnoreAnimation="0">
      <BossRank Id="4" Frequency="100" />
      <ChoiceBossModifiers Id="BossModifier_Fast" />
      <ChoiceBossModifiers Id="BossModifier_Tough" />
      <ChoiceBossModifiers Id="BossModifier_Unstoppable" />
      <ChoiceBossModifiers Id="BossModifier_FireImbued" />
      <ChoiceBossModifiers Id="BossModifier_FrostImbued" />
      <ChoiceBossModifiers Id="BossModifier_LightningImbued" />
      <ChoiceBossModifiers Id="BossModifier_RendImbued" />
      <ChoiceBossModifiers Id="BossModifier_SacredImbued" />
      <ChoiceBossModifiers Id="BossModifier_ShadowImbued" />
      <ChoiceBossModifiers Id="BossModifier_ToxicImbued" />
      <ChoiceBossModifiers Id="BossModifier_AetherImbued" />
      <ChoiceBossModifiers Id="BossModifier_MultipleProjectiles" />
      <ChoiceBossModifiers Id="BossModifier_Regeneration" />
      <ChoiceBossModifiers Id="BossModifier_Powerful" />
      <ChoiceBossModifiers Id="BossModifier_ElementalShield" />
      <ChoiceBossModifiers Id="BossModifier_MaterialShield" />
      <ChoiceBossModifiers Id="BossModifier_OccultShield" />
    </Spawn>
    <Spawn Type="Actor" ClassName="CultOfSouls_DemonOfSouls" NumberMin="1" NumberMax="1" LevelMin="1" LevelMax="60" LevelOffset="0" Center="0" SpawnOverTime="0" BossProba="100" LootClassOverride="" XPBonusPercent="0" IgnoreAnimation="0">
      <BossRank Id="4" Frequency="100" />
      <ChoiceBossModifiers Id="BossModifier_Fast" />
      <ChoiceBossModifiers Id="BossModifier_Tough" />
      <ChoiceBossModifiers Id="BossModifier_Unstoppable" />
      <ChoiceBossModifiers Id="BossModifier_FireImbued" />
      <ChoiceBossModifiers Id="BossModifier_LightningImbued" />
      <ChoiceBossModifiers Id="BossModifier_PhysicalImbued" />
      <ChoiceBossModifiers Id="BossModifier_RendImbued" />
      <ChoiceBossModifiers Id="BossModifier_SacredImbued" />
      <ChoiceBossModifiers Id="BossModifier_ShadowImbued" />
      <ChoiceBossModifiers Id="BossModifier_ToxicImbued" />
      <ChoiceBossModifiers Id="BossModifier_AetherImbued" />
      <ChoiceBossModifiers Id="BossModifier_MultipleProjectiles" />
      <ChoiceBossModifiers Id="BossModifier_Regeneration" />
      <ChoiceBossModifiers Id="BossModifier_Powerful" />
      <ChoiceBossModifiers Id="BossModifier_ElementalShield" />
      <ChoiceBossModifiers Id="BossModifier_MaterialShield" />
      <ChoiceBossModifiers Id="BossModifier_OccultShield" />
    </Spawn>
  </SpawnClass>
  <SpawnClass Name="sc_Adv_NPC2_Boss_TPS2_3">
    <Spawn Type="Actor" ClassName="SvriirAlphaPoison" NumberMin="1" NumberMax="1" LevelMin="1" LevelMax="60" LevelOffset="0" Center="0" SpawnOverTime="0" BossProba="100" LootClassOverride="" XPBonusPercent="0" IgnoreAnimation="0">
      <BossRank Id="4" Frequency="100" />
      <ChoiceBossModifiers Id="BossModifier_Fast" />
      <ChoiceBossModifiers Id="BossModifier_Tough" />
      <ChoiceBossModifiers Id="BossModifier_Unstoppable" />
      <ChoiceBossModifiers Id="BossModifier_FireImbued" />
      <ChoiceBossModifiers Id="BossModifier_FrostImbued" />
      <ChoiceBossModifiers Id="BossModifier_LightningImbued" />
      <ChoiceBossModifiers Id="BossModifier_PhysicalImbued" />
      <ChoiceBossModifiers Id="BossModifier_RendImbued" />
      <ChoiceBossModifiers Id="BossModifier_SacredImbued" />
      <ChoiceBossModifiers Id="BossModifier_ShadowImbued" />
      <ChoiceBossModifiers Id="BossModifier_AetherImbued" />
      <ChoiceBossModifiers Id="BossModifier_MultipleProjectiles" />
      <ChoiceBossModifiers Id="BossModifier_Regeneration" />
      <ChoiceBossModifiers Id="BossModifier_Powerful" />
      <ChoiceBossModifiers Id="BossModifier_ElementalShield" />
      <ChoiceBossModifiers Id="BossModifier_MaterialShield" />
      <ChoiceBossModifiers Id="BossModifier_OccultShield" />
    </Spawn>
    <Spawn Type="Actor" ClassName="CultOfSouls_Butcher" NumberMin="1" NumberMax="1" LevelMin="1" LevelMax="60" LevelOffset="0" Center="0" SpawnOverTime="0" BossProba="100" LootClassOverride="" XPBonusPercent="0" IgnoreAnimation="0">
      <BossRank Id="4" Frequency="100" />
      <ChoiceBossModifiers Id="BossModifier_Fast" />
      <ChoiceBossModifiers Id="BossModifier_Tough" />
      <ChoiceBossModifiers Id="BossModifier_Unstoppable" />
      <ChoiceBossModifiers Id="BossModifier_FireImbued" />
      <ChoiceBossModifiers Id="BossModifier_LightningImbued" />
      <ChoiceBossModifiers Id="BossModifier_PhysicalImbued" />
      <ChoiceBossModifiers Id="BossModifier_RendImbued" />
      <ChoiceBossModifiers Id="BossModifier_SacredImbued" />
      <ChoiceBossModifiers Id="BossModifier_ShadowImbued" />
      <ChoiceBossModifiers Id="BossModifier_ToxicImbued" />
      <ChoiceBossModifiers Id="BossModifier_AetherImbued" />
      <ChoiceBossModifiers Id="BossModifier_MultipleProjectiles" />
      <ChoiceBossModifiers Id="BossModifier_Regeneration" />
      <ChoiceBossModifiers Id="BossModifier_Powerful" />
      <ChoiceBossModifiers Id="BossModifier_ElementalShield" />
      <ChoiceBossModifiers Id="BossModifier_MaterialShield" />
      <ChoiceBossModifiers Id="BossModifier_OccultShield" />
    </Spawn>
  </SpawnClass>
  <SpawnClass Name="sc_Adv_NPC2_Boss_TPS2_4">
    <Spawn Type="Actor" ClassName="CultOfSouls_Butcher" NumberMin="1" NumberMax="1" LevelMin="1" LevelMax="60" LevelOffset="0" Center="0" SpawnOverTime="0" BossProba="100" LootClassOverride="" XPBonusPercent="0" IgnoreAnimation="0">
      <BossRank Id="4" Frequency="100" />
      <ChoiceBossModifiers Id="BossModifier_Fast" />
      <ChoiceBossModifiers Id="BossModifier_Tough" />
      <ChoiceBossModifiers Id="BossModifier_Unstoppable" />
      <ChoiceBossModifiers Id="BossModifier_FireImbued" />
      <ChoiceBossModifiers Id="BossModifier_LightningImbued" />
      <ChoiceBossModifiers Id="BossModifier_PhysicalImbued" />
      <ChoiceBossModifiers Id="BossModifier_RendImbued" />
      <ChoiceBossModifiers Id="BossModifier_SacredImbued" />
      <ChoiceBossModifiers Id="BossModifier_ShadowImbued" />
      <ChoiceBossModifiers Id="BossModifier_ToxicImbued" />
      <ChoiceBossModifiers Id="BossModifier_AetherImbued" />
      <ChoiceBossModifiers Id="BossModifier_MultipleProjectiles" />
      <ChoiceBossModifiers Id="BossModifier_Regeneration" />
      <ChoiceBossModifiers Id="BossModifier_Powerful" />
      <ChoiceBossModifiers Id="BossModifier_ElementalShield" />
      <ChoiceBossModifiers Id="BossModifier_MaterialShield" />
      <ChoiceBossModifiers Id="BossModifier_OccultShield" />
    </Spawn>
    <Spawn Type="Actor" ClassName="CultOfSouls_Corrupted_PrimordialGuardian" NumberMin="1" NumberMax="1" LevelMin="1" LevelMax="60" LevelOffset="0" Center="0" SpawnOverTime="0" BossProba="100" LootClassOverride="" XPBonusPercent="0" IgnoreAnimation="0">
      <BossRank Id="4" Frequency="100" />
      <ChoiceBossModifiers Id="BossModifier_Fast" />
      <ChoiceBossModifiers Id="BossModifier_Tough" />
      <ChoiceBossModifiers Id="BossModifier_Unstoppable" />
      <ChoiceBossModifiers Id="BossModifier_FireImbued" />
      <ChoiceBossModifiers Id="BossModifier_LightningImbued" />
      <ChoiceBossModifiers Id="BossModifier_PhysicalImbued" />
      <ChoiceBossModifiers Id="BossModifier_RendImbued" />
      <ChoiceBossModifiers Id="BossModifier_SacredImbued" />
      <ChoiceBossModifiers Id="BossModifier_ShadowImbued" />
      <ChoiceBossModifiers Id="BossModifier_ToxicImbued" />
      <ChoiceBossModifiers Id="BossModifier_AetherImbued" />
      <ChoiceBossModifiers Id="BossModifier_MultipleProjectiles" />
      <ChoiceBossModifiers Id="BossModifier_Regeneration" />
      <ChoiceBossModifiers Id="BossModifier_Powerful" />
      <ChoiceBossModifiers Id="BossModifier_ElementalShield" />
      <ChoiceBossModifiers Id="BossModifier_MaterialShield" />
      <ChoiceBossModifiers Id="BossModifier_OccultShield" />
    </Spawn>
  </SpawnClass>
  <SpawnClass Name="sc_Adv_NPC2_Boss_TPS2_5">
    <Spawn Type="Actor" ClassName="CultOfSouls_DemonOfSouls" NumberMin="1" NumberMax="1" LevelMin="1" LevelMax="60" LevelOffset="0" Center="0" SpawnOverTime="0" BossProba="100" LootClassOverride="" XPBonusPercent="0" IgnoreAnimation="0">
      <BossRank Id="4" Frequency="100" />
      <ChoiceBossModifiers Id="BossModifier_Fast" />
      <ChoiceBossModifiers Id="BossModifier_Tough" />
      <ChoiceBossModifiers Id="BossModifier_Unstoppable" />
      <ChoiceBossModifiers Id="BossModifier_FireImbued" />
      <ChoiceBossModifiers Id="BossModifier_LightningImbued" />
      <ChoiceBossModifiers Id="BossModifier_PhysicalImbued" />
      <ChoiceBossModifiers Id="BossModifier_RendImbued" />
      <ChoiceBossModifiers Id="BossModifier_SacredImbued" />
      <ChoiceBossModifiers Id="BossModifier_ShadowImbued" />
      <ChoiceBossModifiers Id="BossModifier_ToxicImbued" />
      <ChoiceBossModifiers Id="BossModifier_AetherImbued" />
      <ChoiceBossModifiers Id="BossModifier_MultipleProjectiles" />
      <ChoiceBossModifiers Id="BossModifier_Regeneration" />
      <ChoiceBossModifiers Id="BossModifier_Powerful" />
      <ChoiceBossModifiers Id="BossModifier_ElementalShield" />
      <ChoiceBossModifiers Id="BossModifier_MaterialShield" />
      <ChoiceBossModifiers Id="BossModifier_OccultShield" />
    </Spawn>
    <Spawn Type="Actor" ClassName="CultOfSouls_Corrupted_PrimordialGuardian" NumberMin="1" NumberMax="1" LevelMin="1" LevelMax="60" LevelOffset="0" Center="0" SpawnOverTime="0" BossProba="100" LootClassOverride="" XPBonusPercent="0" IgnoreAnimation="0">
      <BossRank Id="4" Frequency="100" />
      <ChoiceBossModifiers Id="BossModifier_Fast" />
      <ChoiceBossModifiers Id="BossModifier_Tough" />
      <ChoiceBossModifiers Id="BossModifier_Unstoppable" />
      <ChoiceBossModifiers Id="BossModifier_FireImbued" />
      <ChoiceBossModifiers Id="BossModifier_LightningImbued" />
      <ChoiceBossModifiers Id="BossModifier_PhysicalImbued" />
      <ChoiceBossModifiers Id="BossModifier_RendImbued" />
      <ChoiceBossModifiers Id="BossModifier_SacredImbued" />
      <ChoiceBossModifiers Id="BossModifier_ShadowImbued" />
      <ChoiceBossModifiers Id="BossModifier_ToxicImbued" />
      <ChoiceBossModifiers Id="BossModifier_AetherImbued" />
      <ChoiceBossModifiers Id="BossModifier_MultipleProjectiles" />
      <ChoiceBossModifiers Id="BossModifier_Regeneration" />
      <ChoiceBossModifiers Id="BossModifier_Powerful" />
      <ChoiceBossModifiers Id="BossModifier_ElementalShield" />
      <ChoiceBossModifiers Id="BossModifier_MaterialShield" />
      <ChoiceBossModifiers Id="BossModifier_OccultShield" />
    </Spawn>
  </SpawnClass>
</MetaData>