<MetaData>
  <SpawnClass Name="sc_Adv_NPC1_Outlaw_1">
    <Spawn Type="Actor" ClassName="OutlawsBanditMelee01" NumberMin="1" NumberMax="1" LevelMin="1" LevelMax="60" LevelOffset="0" Center="0" SpawnOverTime="2" LootClassOverride="" XPBonusPercent="0" IgnoreAnimation="0" />
  </SpawnClass>
  <SpawnClass Name="sc_Adv_NPC1_Outlaw_2">
    <Spawn Type="Actor" ClassName="OutlawsBanditMelee02" NumberMin="1" NumberMax="1" LevelMin="1" LevelMax="60" LevelOffset="0" Center="0" SpawnOverTime="2" LootClassOverride="" XPBonusPercent="0" IgnoreAnimation="0" />
  </SpawnClass>
  <SpawnClass Name="sc_Adv_NPC1_Outlaw_3">
    <Spawn Type="Actor" ClassName="OutlawsBanditMelee03" NumberMin="1" NumberMax="1" LevelMin="1" LevelMax="60" LevelOffset="0" Center="0" SpawnOverTime="2" LootClassOverride="" XPBonusPercent="0" IgnoreAnimation="0" />
  </SpawnClass>
  <SpawnClass Name="sc_Adv_NPC1_Outlaw_4">
    <Spawn Type="Actor" ClassName="OutlawsBanditRanged" NumberMin="1" NumberMax="1" LevelMin="1" LevelMax="60" LevelOffset="0" Center="0" SpawnOverTime="2" LootClassOverride="" XPBonusPercent="0" IgnoreAnimation="0" />
  </SpawnClass>
  <SpawnClass Name="sc_Adv_NPC1_Outlaw_5">
    <Spawn Type="Actor" ClassName="OutlawsWorg01" NumberMin="1" NumberMax="1" LevelMin="1" LevelMax="60" LevelOffset="0" Center="1" SpawnOverTime="2" LootClassOverride="" XPBonusPercent="0" IgnoreAnimation="0" />
  </SpawnClass>
  <SpawnClass Name="sc_Adv_NPC1_Outlaw_6">
    <Spawn Type="Actor" ClassName="OutlawsWorgAlpha" NumberMin="1" NumberMax="1" LevelMin="1" LevelMax="60" LevelOffset="0" Center="1" SpawnOverTime="2" LootClassOverride="" XPBonusPercent="0" IgnoreAnimation="0" />
  </SpawnClass>
  <SpawnClass Name="sc_Adv_NPC1_Outlaw_7_white">
    <Spawn Type="Actor" ClassName="OutlawsKennelMaster" NumberMin="1" NumberMax="1" LevelMin="1" LevelMax="60" LevelOffset="0" Center="0" SpawnOverTime="2" BossProba=".1" LootClassOverride="" XPBonusPercent="0" IgnoreAnimation="0" />
  </SpawnClass>
  <SpawnClass Name="sc_Adv_NPC1_Outlaw_7">
    <Spawn Type="Actor" ClassName="OutlawsKennelMaster" NumberMin="1" NumberMax="1" LevelMin="1" LevelMax="60" LevelOffset="0" Center="0" SpawnOverTime="2" BossProba=".1" LootClassOverride="" XPBonusPercent="0" IgnoreAnimation="0">
      <BossRank Id="1" Frequency="100" />
      <ChoiceBossModifiers Id="BossModifier_Fast" />
      <ChoiceBossModifiers Id="BossModifier_Tough" />
      <ChoiceBossModifiers Id="BossModifier_Unstoppable" />
      <ChoiceBossModifiers Id="BossModifier_FireImbued" />
      <ChoiceBossModifiers Id="BossModifier_FrostImbued" />
      <ChoiceBossModifiers Id="BossModifier_LightningImbued" />
      <ChoiceBossModifiers Id="BossModifier_RendImbued" />
      <ChoiceBossModifiers Id="BossModifier_SacredImbued" />
      <ChoiceBossModifiers Id="BossModifier_ShadowImbued" />
      <ChoiceBossModifiers Id="BossModifier_ToxicImbued" />
      <ChoiceBossModifiers Id="BossModifier_AetherImbued" />
      <ChoiceBossModifiers Id="BossModifier_Regeneration" />
      <ChoiceBossModifiers Id="BossModifier_Powerful" />
      <ChoiceBossModifiers Id="BossModifier_ElementalShield" />
      <ChoiceBossModifiers Id="BossModifier_MaterialShield" />
      <ChoiceBossModifiers Id="BossModifier_OccultShield" />
    </Spawn>
  </SpawnClass>
  <SpawnClass Name="sc_Adv_NPC1_Outlaw_8">
    <Spawn Type="Actor" ClassName="OutlawsTrapper" NumberMin="1" NumberMax="1" LevelMin="1" LevelMax="60" LevelOffset="0" Center="0" SpawnOverTime="2" BossProba=".1" LootClassOverride="" XPBonusPercent="0" IgnoreAnimation="0">
      <BossRank Id="1" Frequency="100" />
      <ChoiceBossModifiers Id="BossModifier_Fast" />
      <ChoiceBossModifiers Id="BossModifier_Tough" />
      <ChoiceBossModifiers Id="BossModifier_FrostImbued" />
      <ChoiceBossModifiers Id="BossModifier_LightningImbued" />
      <ChoiceBossModifiers Id="BossModifier_PhysicalImbued" />
      <ChoiceBossModifiers Id="BossModifier_RendImbued" />
      <ChoiceBossModifiers Id="BossModifier_SacredImbued" />
      <ChoiceBossModifiers Id="BossModifier_ShadowImbued" />
      <ChoiceBossModifiers Id="BossModifier_ToxicImbued" />
      <ChoiceBossModifiers Id="BossModifier_AetherImbued" />
      <ChoiceBossModifiers Id="BossModifier_MultipleProjectiles" />
      <ChoiceBossModifiers Id="BossModifier_Regeneration" />
      <ChoiceBossModifiers Id="BossModifier_Powerful" />
      <ChoiceBossModifiers Id="BossModifier_ElementalShield" />
      <ChoiceBossModifiers Id="BossModifier_MaterialShield" />
      <ChoiceBossModifiers Id="BossModifier_OccultShield" />
    </Spawn>
  </SpawnClass>
  <SpawnClass Name="sc_Adv_NPC1_Outlaw_9">
    <Spawn Type="Actor" ClassName="OutlawsTrapper_flashbang" NumberMin="1" NumberMax="1" LevelMin="1" LevelMax="60" LevelOffset="0" Center="0" SpawnOverTime="2" BossProba=".1" LootClassOverride="" XPBonusPercent="0" IgnoreAnimation="0">
      <BossRank Id="1" Frequency="100" />
      <ChoiceBossModifiers Id="BossModifier_Fast" />
      <ChoiceBossModifiers Id="BossModifier_Tough" />
      <ChoiceBossModifiers Id="BossModifier_Unstoppable" />
      <ChoiceBossModifiers Id="BossModifier_FireImbued" />
      <ChoiceBossModifiers Id="BossModifier_FrostImbued" />
      <ChoiceBossModifiers Id="BossModifier_LightningImbued" />
      <ChoiceBossModifiers Id="BossModifier_RendImbued" />
      <ChoiceBossModifiers Id="BossModifier_SacredImbued" />
      <ChoiceBossModifiers Id="BossModifier_ShadowImbued" />
      <ChoiceBossModifiers Id="BossModifier_ToxicImbued" />
      <ChoiceBossModifiers Id="BossModifier_AetherImbued" />
      <ChoiceBossModifiers Id="BossModifier_MultipleProjectiles" />
      <ChoiceBossModifiers Id="BossModifier_Regeneration" />
      <ChoiceBossModifiers Id="BossModifier_Powerful" />
      <ChoiceBossModifiers Id="BossModifier_ElementalShield" />
      <ChoiceBossModifiers Id="BossModifier_MaterialShield" />
      <ChoiceBossModifiers Id="BossModifier_OccultShield" />
    </Spawn>
  </SpawnClass>
  <SpawnClass Name="sc_Adv_NPC1_Outlaw_10">
    <Spawn Type="Actor" ClassName="OutlawsSadisticThug" NumberMin="1" NumberMax="1" LevelMin="1" LevelMax="60" LevelOffset="0" Center="0" SpawnOverTime="2" BossProba=".15" LootClassOverride="" XPBonusPercent="0" IgnoreAnimation="0">
      <BossRank Id="1" Frequency="100" />
      <ChoiceBossModifiers Id="BossModifier_Fast" />
      <ChoiceBossModifiers Id="BossModifier_Tough" />
      <ChoiceBossModifiers Id="BossModifier_Unstoppable" />
      <ChoiceBossModifiers Id="BossModifier_FireImbued" />
      <ChoiceBossModifiers Id="BossModifier_FrostImbued" />
      <ChoiceBossModifiers Id="BossModifier_LightningImbued" />
      <ChoiceBossModifiers Id="BossModifier_RendImbued" />
      <ChoiceBossModifiers Id="BossModifier_SacredImbued" />
      <ChoiceBossModifiers Id="BossModifier_ShadowImbued" />
      <ChoiceBossModifiers Id="BossModifier_ToxicImbued" />
      <ChoiceBossModifiers Id="BossModifier_AetherImbued" />
      <ChoiceBossModifiers Id="BossModifier_MultipleProjectiles" />
      <ChoiceBossModifiers Id="BossModifier_Regeneration" />
      <ChoiceBossModifiers Id="BossModifier_Powerful" />
      <ChoiceBossModifiers Id="BossModifier_ElementalShield" />
      <ChoiceBossModifiers Id="BossModifier_MaterialShield" />
      <ChoiceBossModifiers Id="BossModifier_OccultShield" />
    </Spawn>
  </SpawnClass>
  <SpawnClass Name="sc_Adv_Outlaw_Quest1">
    <Spawn Type="Actor" ClassName="OutlawsBanditMelee01" NumberMin="6" NumberMax="9" LevelMin="1" LevelMax="60" LevelOffset="0" Center="0" SpawnOverTime="0" BossProba="100" LootClassOverride="" XPBonusPercent="0" IgnoreAnimation="0">
      <BossRank Id="2" Frequency="100" />
      <ChoiceBossModifiers Id="BossModifier_Fast" />
      <ChoiceBossModifiers Id="BossModifier_Tough" />
      <ChoiceBossModifiers Id="BossModifier_Unstoppable" />
      <ChoiceBossModifiers Id="BossModifier_FireImbued" />
      <ChoiceBossModifiers Id="BossModifier_FrostImbued" />
      <ChoiceBossModifiers Id="BossModifier_LightningImbued" />
      <ChoiceBossModifiers Id="BossModifier_RendImbued" />
      <ChoiceBossModifiers Id="BossModifier_SacredImbued" />
      <ChoiceBossModifiers Id="BossModifier_ShadowImbued" />
      <ChoiceBossModifiers Id="BossModifier_ToxicImbued" />
      <ChoiceBossModifiers Id="BossModifier_AetherImbued" />
      <ChoiceBossModifiers Id="BossModifier_Regeneration" />
      <ChoiceBossModifiers Id="BossModifier_Powerful" />
      <ChoiceBossModifiers Id="BossModifier_ElementalShield" />
      <ChoiceBossModifiers Id="BossModifier_MaterialShield" />
      <ChoiceBossModifiers Id="BossModifier_OccultShield" />
    </Spawn>
    <Spawn Type="Actor" ClassName="OutlawsBanditMelee02" NumberMin="6" NumberMax="9" LevelMin="1" LevelMax="60" LevelOffset="0" Center="0" SpawnOverTime="0" BossProba="100" LootClassOverride="" XPBonusPercent="0" IgnoreAnimation="0">
      <BossRank Id="2" Frequency="100" />
      <ChoiceBossModifiers Id="BossModifier_Fast" />
      <ChoiceBossModifiers Id="BossModifier_Tough" />
      <ChoiceBossModifiers Id="BossModifier_Unstoppable" />
      <ChoiceBossModifiers Id="BossModifier_FireImbued" />
      <ChoiceBossModifiers Id="BossModifier_FrostImbued" />
      <ChoiceBossModifiers Id="BossModifier_LightningImbued" />
      <ChoiceBossModifiers Id="BossModifier_RendImbued" />
      <ChoiceBossModifiers Id="BossModifier_SacredImbued" />
      <ChoiceBossModifiers Id="BossModifier_ShadowImbued" />
      <ChoiceBossModifiers Id="BossModifier_ToxicImbued" />
      <ChoiceBossModifiers Id="BossModifier_AetherImbued" />
      <ChoiceBossModifiers Id="BossModifier_Regeneration" />
      <ChoiceBossModifiers Id="BossModifier_Powerful" />
      <ChoiceBossModifiers Id="BossModifier_ElementalShield" />
      <ChoiceBossModifiers Id="BossModifier_MaterialShield" />
      <ChoiceBossModifiers Id="BossModifier_OccultShield" />
    </Spawn>
    <Spawn Type="Actor" ClassName="OutlawsBanditMelee03" NumberMin="6" NumberMax="9" LevelMin="1" LevelMax="60" LevelOffset="0" Center="0" SpawnOverTime="0" BossProba="100" LootClassOverride="" XPBonusPercent="0" IgnoreAnimation="0">
      <BossRank Id="2" Frequency="100" />
      <ChoiceBossModifiers Id="BossModifier_Fast" />
      <ChoiceBossModifiers Id="BossModifier_Tough" />
      <ChoiceBossModifiers Id="BossModifier_Unstoppable" />
      <ChoiceBossModifiers Id="BossModifier_FireImbued" />
      <ChoiceBossModifiers Id="BossModifier_FrostImbued" />
      <ChoiceBossModifiers Id="BossModifier_LightningImbued" />
      <ChoiceBossModifiers Id="BossModifier_RendImbued" />
      <ChoiceBossModifiers Id="BossModifier_SacredImbued" />
      <ChoiceBossModifiers Id="BossModifier_ShadowImbued" />
      <ChoiceBossModifiers Id="BossModifier_ToxicImbued" />
      <ChoiceBossModifiers Id="BossModifier_AetherImbued" />
      <ChoiceBossModifiers Id="BossModifier_Regeneration" />
      <ChoiceBossModifiers Id="BossModifier_Powerful" />
      <ChoiceBossModifiers Id="BossModifier_ElementalShield" />
      <ChoiceBossModifiers Id="BossModifier_MaterialShield" />
      <ChoiceBossModifiers Id="BossModifier_OccultShield" />
    </Spawn>
  </SpawnClass>
  <SpawnClass Name="sc_Adv_Outlaw_Quest2">
    <Spawn Type="Actor" ClassName="OutlawsBanditMelee01" NumberMin="6" NumberMax="9" LevelMin="1" LevelMax="60" LevelOffset="0" Center="0" SpawnOverTime="0" BossProba="100" LootClassOverride="" XPBonusPercent="0" IgnoreAnimation="0">
      <BossRank Id="2" Frequency="100" />
      <ChoiceBossModifiers Id="BossModifier_Fast" />
      <ChoiceBossModifiers Id="BossModifier_Tough" />
      <ChoiceBossModifiers Id="BossModifier_Unstoppable" />
      <ChoiceBossModifiers Id="BossModifier_FireImbued" />
      <ChoiceBossModifiers Id="BossModifier_FrostImbued" />
      <ChoiceBossModifiers Id="BossModifier_LightningImbued" />
      <ChoiceBossModifiers Id="BossModifier_RendImbued" />
      <ChoiceBossModifiers Id="BossModifier_SacredImbued" />
      <ChoiceBossModifiers Id="BossModifier_ShadowImbued" />
      <ChoiceBossModifiers Id="BossModifier_ToxicImbued" />
      <ChoiceBossModifiers Id="BossModifier_AetherImbued" />
      <ChoiceBossModifiers Id="BossModifier_Regeneration" />
      <ChoiceBossModifiers Id="BossModifier_Powerful" />
      <ChoiceBossModifiers Id="BossModifier_ElementalShield" />
      <ChoiceBossModifiers Id="BossModifier_MaterialShield" />
      <ChoiceBossModifiers Id="BossModifier_OccultShield" />
    </Spawn>
    <Spawn Type="Actor" ClassName="OutlawsBanditMelee02" NumberMin="6" NumberMax="9" LevelMin="1" LevelMax="60" LevelOffset="0" Center="0" SpawnOverTime="0" BossProba="100" LootClassOverride="" XPBonusPercent="0" IgnoreAnimation="0">
      <BossRank Id="2" Frequency="100" />
      <ChoiceBossModifiers Id="BossModifier_Fast" />
      <ChoiceBossModifiers Id="BossModifier_Tough" />
      <ChoiceBossModifiers Id="BossModifier_Unstoppable" />
      <ChoiceBossModifiers Id="BossModifier_FireImbued" />
      <ChoiceBossModifiers Id="BossModifier_FrostImbued" />
      <ChoiceBossModifiers Id="BossModifier_LightningImbued" />
      <ChoiceBossModifiers Id="BossModifier_RendImbued" />
      <ChoiceBossModifiers Id="BossModifier_SacredImbued" />
      <ChoiceBossModifiers Id="BossModifier_ShadowImbued" />
      <ChoiceBossModifiers Id="BossModifier_ToxicImbued" />
      <ChoiceBossModifiers Id="BossModifier_AetherImbued" />
      <ChoiceBossModifiers Id="BossModifier_Regeneration" />
      <ChoiceBossModifiers Id="BossModifier_Powerful" />
      <ChoiceBossModifiers Id="BossModifier_ElementalShield" />
      <ChoiceBossModifiers Id="BossModifier_MaterialShield" />
      <ChoiceBossModifiers Id="BossModifier_OccultShield" />
    </Spawn>
    <Spawn Type="Actor" ClassName="OutlawsBanditMelee03" NumberMin="6" NumberMax="9" LevelMin="1" LevelMax="60" LevelOffset="0" Center="0" SpawnOverTime="0" BossProba="100" LootClassOverride="" XPBonusPercent="0" IgnoreAnimation="0">
      <BossRank Id="2" Frequency="100" />
      <ChoiceBossModifiers Id="BossModifier_Fast" />
      <ChoiceBossModifiers Id="BossModifier_Tough" />
      <ChoiceBossModifiers Id="BossModifier_Unstoppable" />
      <ChoiceBossModifiers Id="BossModifier_FireImbued" />
      <ChoiceBossModifiers Id="BossModifier_FrostImbued" />
      <ChoiceBossModifiers Id="BossModifier_LightningImbued" />
      <ChoiceBossModifiers Id="BossModifier_RendImbued" />
      <ChoiceBossModifiers Id="BossModifier_SacredImbued" />
      <ChoiceBossModifiers Id="BossModifier_ShadowImbued" />
      <ChoiceBossModifiers Id="BossModifier_ToxicImbued" />
      <ChoiceBossModifiers Id="BossModifier_AetherImbued" />
      <ChoiceBossModifiers Id="BossModifier_Regeneration" />
      <ChoiceBossModifiers Id="BossModifier_Powerful" />
      <ChoiceBossModifiers Id="BossModifier_ElementalShield" />
      <ChoiceBossModifiers Id="BossModifier_MaterialShield" />
      <ChoiceBossModifiers Id="BossModifier_OccultShield" />
    </Spawn>
    <Spawn Type="Actor" ClassName="OutlawsBanditRanged" NumberMin="6" NumberMax="9" LevelMin="1" LevelMax="60" LevelOffset="0" Center="0" SpawnOverTime="0" BossProba="100" LootClassOverride="" XPBonusPercent="0" IgnoreAnimation="0">
      <BossRank Id="2" Frequency="100" />
      <ChoiceBossModifiers Id="BossModifier_Fast" />
      <ChoiceBossModifiers Id="BossModifier_Tough" />
      <ChoiceBossModifiers Id="BossModifier_Unstoppable" />
      <ChoiceBossModifiers Id="BossModifier_FireImbued" />
      <ChoiceBossModifiers Id="BossModifier_FrostImbued" />
      <ChoiceBossModifiers Id="BossModifier_LightningImbued" />
      <ChoiceBossModifiers Id="BossModifier_RendImbued" />
      <ChoiceBossModifiers Id="BossModifier_SacredImbued" />
      <ChoiceBossModifiers Id="BossModifier_ShadowImbued" />
      <ChoiceBossModifiers Id="BossModifier_ToxicImbued" />
      <ChoiceBossModifiers Id="BossModifier_AetherImbued" />
      <ChoiceBossModifiers Id="BossModifier_MultipleProjectiles" />
      <ChoiceBossModifiers Id="BossModifier_Regeneration" />
      <ChoiceBossModifiers Id="BossModifier_Powerful" />
      <ChoiceBossModifiers Id="BossModifier_ElementalShield" />
      <ChoiceBossModifiers Id="BossModifier_MaterialShield" />
      <ChoiceBossModifiers Id="BossModifier_OccultShield" />
    </Spawn>
  </SpawnClass>
  <SpawnClass Name="sc_Adv_Outlaw_Quest3">
    <Spawn Type="Actor" ClassName="OutlawsKennelMaster" NumberMin="2" NumberMax="4" LevelMin="1" LevelMax="60" LevelOffset="0" Center="0" SpawnOverTime="0" BossProba="100" LootClassOverride="" XPBonusPercent="0" IgnoreAnimation="0">
      <BossRank Id="2" Frequency="100" />
      <ChoiceBossModifiers Id="BossModifier_Fast" />
      <ChoiceBossModifiers Id="BossModifier_Tough" />
      <ChoiceBossModifiers Id="BossModifier_Unstoppable" />
      <ChoiceBossModifiers Id="BossModifier_FireImbued" />
      <ChoiceBossModifiers Id="BossModifier_FrostImbued" />
      <ChoiceBossModifiers Id="BossModifier_LightningImbued" />
      <ChoiceBossModifiers Id="BossModifier_RendImbued" />
      <ChoiceBossModifiers Id="BossModifier_SacredImbued" />
      <ChoiceBossModifiers Id="BossModifier_ShadowImbued" />
      <ChoiceBossModifiers Id="BossModifier_ToxicImbued" />
      <ChoiceBossModifiers Id="BossModifier_AetherImbued" />
      <ChoiceBossModifiers Id="BossModifier_Regeneration" />
      <ChoiceBossModifiers Id="BossModifier_Powerful" />
      <ChoiceBossModifiers Id="BossModifier_ElementalShield" />
      <ChoiceBossModifiers Id="BossModifier_MaterialShield" />
      <ChoiceBossModifiers Id="BossModifier_OccultShield" />
    </Spawn>
  </SpawnClass>
  <SpawnClass Name="sc_Adv_Outlaw_Quest4">
    <Spawn Type="Actor" ClassName="OutlawsTrapper" NumberMin="2" NumberMax="4" LevelMin="1" LevelMax="60" LevelOffset="0" Center="0" SpawnOverTime="0" BossProba="100" LootClassOverride="" XPBonusPercent="0" IgnoreAnimation="0">
      <BossRank Id="2" Frequency="100" />
      <ChoiceBossModifiers Id="BossModifier_Fast" />
      <ChoiceBossModifiers Id="BossModifier_Tough" />
      <ChoiceBossModifiers Id="BossModifier_FrostImbued" />
      <ChoiceBossModifiers Id="BossModifier_LightningImbued" />
      <ChoiceBossModifiers Id="BossModifier_PhysicalImbued" />
      <ChoiceBossModifiers Id="BossModifier_RendImbued" />
      <ChoiceBossModifiers Id="BossModifier_SacredImbued" />
      <ChoiceBossModifiers Id="BossModifier_ShadowImbued" />
      <ChoiceBossModifiers Id="BossModifier_ToxicImbued" />
      <ChoiceBossModifiers Id="BossModifier_AetherImbued" />
      <ChoiceBossModifiers Id="BossModifier_MultipleProjectiles" />
      <ChoiceBossModifiers Id="BossModifier_Regeneration" />
      <ChoiceBossModifiers Id="BossModifier_Powerful" />
      <ChoiceBossModifiers Id="BossModifier_ElementalShield" />
      <ChoiceBossModifiers Id="BossModifier_MaterialShield" />
      <ChoiceBossModifiers Id="BossModifier_OccultShield" />
    </Spawn>
  </SpawnClass>
  <SpawnClass Name="sc_Adv_Outlaw_Quest5">
    <Spawn Type="Actor" ClassName="OutlawsSadisticThug" NumberMin="2" NumberMax="2" LevelMin="1" LevelMax="60" LevelOffset="0" Center="0" SpawnOverTime="0" BossProba="100" LootClassOverride="" XPBonusPercent="0" IgnoreAnimation="0">
      <BossRank Id="2" Frequency="100" />
      <ChoiceBossModifiers Id="BossModifier_Fast" />
      <ChoiceBossModifiers Id="BossModifier_Tough" />
      <ChoiceBossModifiers Id="BossModifier_Unstoppable" />
      <ChoiceBossModifiers Id="BossModifier_FireImbued" />
      <ChoiceBossModifiers Id="BossModifier_FrostImbued" />
      <ChoiceBossModifiers Id="BossModifier_LightningImbued" />
      <ChoiceBossModifiers Id="BossModifier_RendImbued" />
      <ChoiceBossModifiers Id="BossModifier_SacredImbued" />
      <ChoiceBossModifiers Id="BossModifier_ShadowImbued" />
      <ChoiceBossModifiers Id="BossModifier_ToxicImbued" />
      <ChoiceBossModifiers Id="BossModifier_Regeneration" />
      <ChoiceBossModifiers Id="BossModifier_Powerful" />
      <ChoiceBossModifiers Id="BossModifier_ElementalShield" />
      <ChoiceBossModifiers Id="BossModifier_MaterialShield" />
      <ChoiceBossModifiers Id="BossModifier_OccultShield" />
    </Spawn>
  </SpawnClass>
  <SpawnClass Name="sc_Adv_Outlaw_TutoQuest1">
    <Spawn Type="Actor" ClassName="OutlawsTrapper" NumberMin="2" NumberMax="2" LevelMin="1" LevelMax="60" LevelOffset="0" Center="0" SpawnOverTime="1" BossProba="100" LootClassOverride="" XPBonusPercent="0" IgnoreAnimation="0">
      <BossRank Id="1" Frequency="100" />
      <ChoiceBossModifiers Id="BossModifier_Fast" />
      <ChoiceBossModifiers Id="BossModifier_Tough" />
      <ChoiceBossModifiers Id="BossModifier_FrostImbued" />
      <ChoiceBossModifiers Id="BossModifier_LightningImbued" />
      <ChoiceBossModifiers Id="BossModifier_PhysicalImbued" />
      <ChoiceBossModifiers Id="BossModifier_RendImbued" />
      <ChoiceBossModifiers Id="BossModifier_SacredImbued" />
      <ChoiceBossModifiers Id="BossModifier_ShadowImbued" />
      <ChoiceBossModifiers Id="BossModifier_ToxicImbued" />
      <ChoiceBossModifiers Id="BossModifier_AetherImbued" />
      <ChoiceBossModifiers Id="BossModifier_MultipleProjectiles" />
      <ChoiceBossModifiers Id="BossModifier_Regeneration" />
      <ChoiceBossModifiers Id="BossModifier_Powerful" />
      <ChoiceBossModifiers Id="BossModifier_ElementalShield" />
      <ChoiceBossModifiers Id="BossModifier_MaterialShield" />
      <ChoiceBossModifiers Id="BossModifier_OccultShield" />
    </Spawn>
  </SpawnClass>
  <SpawnClass Name="sc_Adv_Outlaw_TutoQuest2">
    <Spawn Type="Actor" ClassName="OutlawsSadisticThug" NumberMin="1" NumberMax="1" LevelMin="1" LevelMax="60" LevelOffset="0" Center="0" SpawnOverTime="1" BossProba="100" LootClassOverride="" XPBonusPercent="0" IgnoreAnimation="0">
      <BossRank Id="1" Frequency="100" />
      <ChoiceBossModifiers Id="BossModifier_Fast" />
      <ChoiceBossModifiers Id="BossModifier_Tough" />
      <ChoiceBossModifiers Id="BossModifier_Unstoppable" />
      <ChoiceBossModifiers Id="BossModifier_FireImbued" />
      <ChoiceBossModifiers Id="BossModifier_FrostImbued" />
      <ChoiceBossModifiers Id="BossModifier_LightningImbued" />
      <ChoiceBossModifiers Id="BossModifier_RendImbued" />
      <ChoiceBossModifiers Id="BossModifier_SacredImbued" />
      <ChoiceBossModifiers Id="BossModifier_ShadowImbued" />
      <ChoiceBossModifiers Id="BossModifier_ToxicImbued" />
      <ChoiceBossModifiers Id="BossModifier_AetherImbued" />
      <ChoiceBossModifiers Id="BossModifier_MultipleProjectiles" />
      <ChoiceBossModifiers Id="BossModifier_Regeneration" />
      <ChoiceBossModifiers Id="BossModifier_Powerful" />
      <ChoiceBossModifiers Id="BossModifier_ElementalShield" />
      <ChoiceBossModifiers Id="BossModifier_MaterialShield" />
      <ChoiceBossModifiers Id="BossModifier_OccultShield" />
    </Spawn>
  </SpawnClass>
</MetaData>