<MetaData>
  <SpawnClass Name="sc_Adv_Republic_1">
    <Spawn Type="Actor" ClassName="RepublicInfantrySword" NumberMin="1" NumberMax="1" LevelMin="1" LevelMax="60" LevelOffset="0" Center="0" SpawnOverTime="2" LootClassOverride="" XPBonusPercent="0" IgnoreAnimation="0" />
  </SpawnClass>
  <SpawnClass Name="sc_Adv_Republic_2">
    <Spawn Type="Actor" ClassName="RepublicAssassin" NumberMin="1" NumberMax="1" LevelMin="1" LevelMax="60" LevelOffset="0" Center="0" SpawnOverTime="2" BossProba=".15" LootClassOverride="" XPBonusPercent="0" IgnoreAnimation="0">
      <BossRank Id="2" Frequency="100" />
    </Spawn>
  </SpawnClass>
  <SpawnClass Name="sc_Adv_Republic_Quest1">
    <Spawn Type="Actor" ClassName="RepublicInfantrySword" NumberMin="9" NumberMax="15" LevelMin="1" LevelMax="60" LevelOffset="0" Center="0" SpawnOverTime="0" BossProba="100" LootClassOverride="" XPBonusPercent="0" IgnoreAnimation="0">
      <BossRank Id="2" Frequency="100" />
    </Spawn>
  </SpawnClass>
  <SpawnClass Name="sc_Adv_Republic_Quest2">
    <Spawn Type="Actor" ClassName="RepublicAssassin" NumberMin="3" NumberMax="5" LevelMin="1" LevelMax="60" LevelOffset="0" Center="0" SpawnOverTime="0" BossProba="100" LootClassOverride="" XPBonusPercent="0" IgnoreAnimation="0">
      <BossRank Id="2" Frequency="100" />
    </Spawn>
  </SpawnClass>
  <SpawnClass Name="sc_Adv_Republic_Quest3">
    <Spawn Type="Actor" ClassName="RepublicAssassin" NumberMin="3" NumberMax="5" LevelMin="1" LevelMax="60" LevelOffset="0" Center="0" SpawnOverTime="0" BossProba="100" LootClassOverride="" XPBonusPercent="0" IgnoreAnimation="0">
      <BossRank Id="2" Frequency="100" />
    </Spawn>
    <Spawn Type="Actor" ClassName="RepublicInfantrySword" NumberMin="9" NumberMax="15" LevelMin="1" LevelMax="60" LevelOffset="0" Center="0" SpawnOverTime="0" BossProba="100" LootClassOverride="" XPBonusPercent="0" IgnoreAnimation="0">
      <BossRank Id="2" Frequency="100" />
    </Spawn>
  </SpawnClass>
</MetaData>