<RandomDungeon>
  <Dungeon Name="NPC2_F3" Architecture="Necropolis" DungeonNextLevelEntityName="NPC2_Exit" DisplayDungeonExitMinimapIcon="0" DisplayDungeonNextLevelMinimapIcon="0" TileSize="100" LibraryPath="Prefabs/Dungeon_Necropolis.xml" IsRoguelike="0" NumberOfCPTiles="5" IsSPOnlyConnectedToCP="1" MinimumNumberOfLoop="1" MaximumNumberOfLoop="1" MinimumNumberOfDeadEnd="2" MaximumNumberOfDeadEnd="2" MinimumLoopSize="2" MaximumLoopSize="2" MinimumDeadEndSize="1" MaximumDeadEndSize="1">
    <SpawnClassFamilies />
    <LevelSheetName Name="Beta_NPC2_Floor3" />
    <Rendering>
      <Entry Weight="1">
        <Tod Filename="tod_act1_graveyard_dungeon.xml" />
        <ColorGradient Texture="textures/colorcharts/dungeon_necro_cch.dds" Time="1" />
        <RimLight Color="251,183,100" Azimuth="250" Site="30" FresnelPower="1" FresnelMultiplier="1" Power="2" Multiplier="0.05" />
        <PlayerLights Toggles="2" />
        <CameraAngle Angles="30,45,60" />
      </Entry>
    </Rendering>
    <MusicState AudioSwitch="MusicStateBeta" AudioState="Graveyard" />
  </Dungeon>
  <Tiles>
    <Entrance RandomSelection="1">
      <TypeN Weight="1">
        <Tile Name="Entrance1" Weight="1" Minimum="0" Maximum="0" PositionOnCP="0" IsConvergencePoint="0" />
      </TypeN>
    </Entrance>
    <Exit RandomSelection="1">
      <TypeS Weight="1">
        <Tile Name="ExitAdventure" Weight="1" Minimum="0" Maximum="0" PositionOnCP="0" IsConvergencePoint="0" />
      </TypeS>
    </Exit>
    <CP RandomSelection="0">
      <TypeNS Weight="1">
        <Tile Name="1" Weight="1" Minimum="0" Maximum="1" PositionOnCP="0" IsConvergencePoint="0" StringLimitation="2" />
      </TypeNS>
      <TypeSW Weight="1">
        <Tile Name="1" Weight="1" Minimum="0" Maximum="0" PositionOnCP="0" IsConvergencePoint="0" StringLimitation="2" />
      </TypeSW>
      <TypeNW Weight="1">
        <Tile Name="1" Weight="1" Minimum="0" Maximum="1" PositionOnCP="0" IsConvergencePoint="0" StringLimitation="2" />
      </TypeNW>
      <TypeWE Weight="1">
        <Tile Name="1" Weight="1" Minimum="0" Maximum="0" PositionOnCP="0" IsConvergencePoint="0" StringLimitation="2" />
      </TypeWE>
      <TypeSE Weight="1">
        <Tile Name="1" Weight="1" Minimum="0" Maximum="0" PositionOnCP="0" IsConvergencePoint="0" StringLimitation="2" />
      </TypeSE>
      <TypeNE Weight="1">
        <Tile Name="1" Weight="1" Minimum="0" Maximum="0" PositionOnCP="0" IsConvergencePoint="0" StringLimitation="2" />
      </TypeNE>
    </CP>
    <SP RandomSelection="0">
      <TypeNS Weight="1">
        <Tile Name="1" Weight="1" Minimum="0" Maximum="0" PositionOnCP="0" IsConvergencePoint="0" StringLimitation="2" />
      </TypeNS>
      <TypeSW Weight="1">
        <Tile Name="1" Weight="1" Minimum="0" Maximum="0" PositionOnCP="0" IsConvergencePoint="0" StringLimitation="2" />
      </TypeSW>
      <TypeNW Weight="1">
        <Tile Name="1" Weight="1" Minimum="0" Maximum="0" PositionOnCP="0" IsConvergencePoint="0" StringLimitation="2" />
      </TypeNW>
      <TypeWE Weight="1">
        <Tile Name="1" Weight="1" Minimum="0" Maximum="0" PositionOnCP="0" IsConvergencePoint="0" StringLimitation="2" />
      </TypeWE>
      <TypeSE Weight="1">
        <Tile Name="1" Weight="1" Minimum="0" Maximum="0" PositionOnCP="0" IsConvergencePoint="0" StringLimitation="2" />
      </TypeSE>
      <TypeNE Weight="1">
        <Tile Name="1" Weight="1" Minimum="0" Maximum="0" PositionOnCP="0" IsConvergencePoint="0" StringLimitation="2" />
      </TypeNE>
    </SP>
    <CCP RandomSelection="0">
      <TypeNSW Weight="1">
        <Tile Name="1" Weight="1" Minimum="0" Maximum="0" PositionOnCP="0" IsConvergencePoint="0" StringLimitation="2" />
      </TypeNSW>
      <TypeNSE Weight="1">
        <Tile Name="1" Weight="1" Minimum="0" Maximum="0" PositionOnCP="0" IsConvergencePoint="0" StringLimitation="2" />
      </TypeNSE>
      <TypeNSWE Weight="1">
        <Tile Name="1" Weight="1" Minimum="0" Maximum="0" PositionOnCP="0" IsConvergencePoint="0" StringLimitation="2" />
      </TypeNSWE>
      <TypeNWE Weight="1">
        <Tile Name="1" Weight="1" Minimum="0" Maximum="0" PositionOnCP="0" IsConvergencePoint="0" StringLimitation="2" />
      </TypeNWE>
      <TypeSWE Weight="1">
        <Tile Name="1" Weight="1" Minimum="0" Maximum="0" PositionOnCP="0" IsConvergencePoint="0" StringLimitation="2" />
      </TypeSWE>
    </CCP>
    <CSP RandomSelection="0">
      <TypeNSW Weight="1">
        <Tile Name="1" Weight="1" Minimum="0" Maximum="0" PositionOnCP="0" IsConvergencePoint="0" StringLimitation="2" />
      </TypeNSW>
      <TypeNSE Weight="1">
        <Tile Name="1" Weight="1" Minimum="0" Maximum="0" PositionOnCP="0" IsConvergencePoint="0" StringLimitation="2" />
      </TypeNSE>
      <TypeNSWE Weight="1">
        <Tile Name="1" Weight="1" Minimum="0" Maximum="0" PositionOnCP="0" IsConvergencePoint="0" StringLimitation="2" />
      </TypeNSWE>
      <TypeNWE Weight="1">
        <Tile Name="1" Weight="1" Minimum="0" Maximum="0" PositionOnCP="0" IsConvergencePoint="0" StringLimitation="2" />
      </TypeNWE>
      <TypeSWE Weight="1">
        <Tile Name="1" Weight="1" Minimum="0" Maximum="0" PositionOnCP="0" IsConvergencePoint="0" StringLimitation="2" />
      </TypeSWE>
    </CSP>
    <DeadEnd RandomSelection="1">
      <TypeS Weight="1">
        <Tile Name="1" Weight="1" Minimum="0" Maximum="1" PositionOnCP="0" IsConvergencePoint="0" />
      </TypeS>
      <TypeN Weight="1">
        <Tile Name="1" Weight="1" Minimum="0" Maximum="0" PositionOnCP="0" IsConvergencePoint="0" />
      </TypeN>
      <TypeW Weight="1">
        <Tile Name="1" Weight="1" Minimum="0" Maximum="0" PositionOnCP="0" IsConvergencePoint="0" />
      </TypeW>
      <TypeE Weight="1">
        <Tile Name="1" Weight="1" Minimum="0" Maximum="0" PositionOnCP="0" IsConvergencePoint="0" />
      </TypeE>
    </DeadEnd>
  </Tiles>
</RandomDungeon>