<MetaData>
  <Preset PresetID="enneract_preset_all">
    <SkillChoice SkillUID="player_arrowsrain" Weight="1.0" />
    <SkillChoice SkillUID="player_leap" Weight="1.0" />
    <SkillChoice SkillUID="player_bladeslinger" Weight="1.0" />
    <SkillChoice SkillUID="player_chainlightning" Weight="1.0" />
    <SkillChoice SkillUID="player_laser" Weight="1.0" />
    <SkillChoice SkillUID="player_frostnova" Weight="1.0" />
    <SkillChoice SkillUID="player_frostcomet" Weight="1.0" />
    <SkillChoice SkillUID="player_sacredground" Weight="1.0" />
    <SkillChoice SkillUID="player_warcry" Weight="1.0" />
    <SkillChoice SkillUID="player_deathmark" Weight="1.0" />
    <SkillChoice SkillUID="player_laceration" Weight="1.0" />
    <SkillChoice SkillUID="player_frostlance" Weight="1.0" />
    <SkillChoice SkillUID="player_bomb" Weight="1.0" />
    <SkillChoice SkillUID="player_hook" Weight="1.0" />
    <SkillChoice SkillUID="player_teleport" Weight="1.0" />
    <SkillChoice SkillUID="player_dualstrike" Weight="1.0" />
    <SkillChoice SkillUID="player_spreadshot" Weight="1.0" />
    <SkillChoice SkillUID="player_brutalstrike" Weight="1.0" />
    <SkillChoice SkillUID="player_fireball" Weight="1.0" />
    <SkillChoice SkillUID="player_charge" Weight="1.0" />
    <SkillChoice SkillUID="player_bulleye" Weight="1.0" />
    <SkillChoice SkillUID="player_reave" Weight="1.0" />
    <SkillChoice SkillUID="player_turret" Weight="1.0" />
    <SkillChoice SkillUID="player_whirlwind" Weight="1.0" />
    <SkillChoice SkillUID="player_sniper" Weight="1.0" />
    <SkillChoice SkillUID="player_hammer" Weight="1.0" />
  </Preset>
  <Preset PresetID="enneract_preset_ArrowsRain">
    <SkillChoice SkillUID="player_arrowsrain" Weight="1.0" />
  </Preset>
  <Preset PresetID="enneract_preset_Leap">
    <SkillChoice SkillUID="player_leap" Weight="1.0" />
  </Preset>
  <Preset PresetID="enneract_preset_BladeSlinger">
    <SkillChoice SkillUID="player_bladeslinger" Weight="1.0" />
  </Preset>
  <Preset PresetID="enneract_preset_Chainlighting">
    <SkillChoice SkillUID="player_chainlightning" Weight="1.0" />
  </Preset>
  <Preset PresetID="enneract_preset_Laser">
    <SkillChoice SkillUID="player_laser" Weight="1.0" />
  </Preset>
  <Preset PresetID="enneract_preset_FrostNova">
    <SkillChoice SkillUID="player_frostnova" Weight="1.0" />
  </Preset>
  <Preset PresetID="enneract_preset_FrostComet">
    <SkillChoice SkillUID="player_frostcomet" Weight="1.0" />
  </Preset>
  <Preset PresetID="enneract_preset_SacredGround">
    <SkillChoice SkillUID="player_sacredground" Weight="1.0" />
  </Preset>
  <Preset PresetID="enneract_preset_warcry">
    <SkillChoice SkillUID="player_warcry" Weight="1.0" />
  </Preset>
  <Preset PresetID="enneract_preset_deathmark">
    <SkillChoice SkillUID="player_deathmark" Weight="1.0" />
  </Preset>
  <Preset PresetID="enneract_preset_laceration">
    <SkillChoice SkillUID="player_laceration" Weight="1.0" />
  </Preset>
  <Preset PresetID="enneract_preset_frostlance">
    <SkillChoice SkillUID="player_frostlance" Weight="1.0" />
  </Preset>
  <Preset PresetID="enneract_preset_bomb">
    <SkillChoice SkillUID="player_bomb" Weight="1.0" />
  </Preset>
  <Preset PresetID="enneract_preset_hook">
    <SkillChoice SkillUID="player_hook" Weight="1.0" />
  </Preset>
  <Preset PresetID="enneract_preset_teleport">
    <SkillChoice SkillUID="player_teleport" Weight="1.0" />
  </Preset>
  <Preset PresetID="enneract_preset_dualstrike">
    <SkillChoice SkillUID="player_dualstrike" Weight="1.0" />
  </Preset>
  <Preset PresetID="enneract_preset_spreadshot">
    <SkillChoice SkillUID="player_spreadshot" Weight="1.0" />
  </Preset>
  <Preset PresetID="enneract_preset_brutalstrike">
    <SkillChoice SkillUID="player_brutalstrike" Weight="1.0" />
  </Preset>
  <Preset PresetID="enneract_preset_fireball">
    <SkillChoice SkillUID="player_fireball" Weight="1.0" />
  </Preset>
  <Preset PresetID="enneract_preset_charge">
    <SkillChoice SkillUID="player_charge" Weight="1.0" />
  </Preset>
  <Preset PresetID="enneract_preset_bulleye">
    <SkillChoice SkillUID="player_bulleye" Weight="1.0" />
  </Preset>
  <Preset PresetID="enneract_preset_reave">
    <SkillChoice SkillUID="player_reave" Weight="1.0" />
  </Preset>
  <Preset PresetID="enneract_preset_turret">
    <SkillChoice SkillUID="player_turret" Weight="1.0" />
  </Preset>
  <Preset PresetID="enneract_preset_whirlwind">
    <SkillChoice SkillUID="player_whirlwind" Weight="1.0" />
  </Preset>
  <Preset PresetID="enneract_preset_sniper">
    <SkillChoice SkillUID="player_sniper" Weight="1.0" />
  </Preset>
  <Preset PresetID="enneract_preset_hammer">
    <SkillChoice SkillUID="player_hammer" Weight="1.0" />
  </Preset>
</MetaData>