<MetaData>
  <PresetExperience Name="test_shrine_xp_effect">
    <XPAtLevel Level="1" GainXpMin="10" GainXpMax="20" />
    <XPAtLevel Level="2" GainXpMin="20" GainXpMax="40" />
    <XPAtLevel Level="3" GainXpMin="40" GainXpMax="80" />
    <XPAtLevel Level="4" GainXpMin="80" GainXpMax="160" />
    <XPAtLevel Level="5" GainXpMin="160" GainXpMax="320" />
    <XPAtLevel Level="6" GainXpMin="320" GainXpMax="640" />
    <XPAtLevel Level="7" GainXpMin="640" GainXpMax="1280" />
    <XPAtLevel Level="8" GainXpMin="1280" GainXpMax="2560" />
    <XPAtLevel Level="9" GainXpMin="2560" GainXpMax="5120" />
    <XPAtLevel Level="10" GainXpMin="5120" GainXpMax="10240" />
    <XPAtLevel Level="11" GainXpMin="10240" GainXpMax="20480" />
    <XPAtLevel Level="12" GainXpMin="20480" GainXpMax="40960" />
    <XPAtLevel Level="13" GainXpMin="40960" GainXpMax="81920" />
    <XPAtLevel Level="14" GainXpMin="81920" GainXpMax="163840" />
    <XPAtLevel Level="15" GainXpMin="163840" GainXpMax="32768" />
    <XPAtLevel Level="16" GainXpMin="327680" GainXpMax="655360" />
    <XPAtLevel Level="17" GainXpMin="655360" GainXpMax="1310720" />
    <XPAtLevel Level="18" GainXpMin="1310720" GainXpMax="2621440" />
    <XPAtLevel Level="19" GainXpMin="2621440" GainXpMax="5242880" />
    <XPAtLevel Level="20" GainXpMin="5242880" GainXpMax="10485760" />
  </PresetExperience>
</MetaData>