<MetaData>
  <Global_Attributes Amplitude="0.2" Factor="0.00006" Min="-1" Max="1">
    <PointsGivenAtLevel Level="1" Points="10">
      <Stage Color="MALUS" MaxFerocity="3" MaxAgility="3" MaxWillpower="3" MaxToughness="3" />
      <Stage Color="VALUEBASE" MaxFerocity="5" MaxAgility="5" MaxWillpower="5" MaxToughness="5" />
      <Stage Color="VALUEBASE" MaxFerocity="10" MaxAgility="10" MaxWillpower="10" MaxToughness="10" />
      <Stage Color="BONUS" MaxFerocity="13" MaxAgility="13" MaxWillpower="13" MaxToughness="13" />
      <Stage Color="BONUS" MaxFerocity="16" MaxAgility="16" MaxWillpower="16" MaxToughness="16" />
    </PointsGivenAtLevel>
    <PointsGivenAtLevel Level="2" Points="10">
      <Stage Color="MALUS" MaxFerocity="5" MaxAgility="5" MaxWillpower="5" MaxToughness="5" />
      <Stage Color="VALUEBASE" MaxFerocity="10" MaxAgility="10" MaxWillpower="10" MaxToughness="10" />
      <Stage Color="VALUEBASE" MaxFerocity="19" MaxAgility="19" MaxWillpower="19" MaxToughness="19" />
      <Stage Color="BONUS" MaxFerocity="25" MaxAgility="25" MaxWillpower="25" MaxToughness="25" />
      <Stage Color="BONUS" MaxFerocity="31" MaxAgility="31" MaxWillpower="31" MaxToughness="31" />
    </PointsGivenAtLevel>
    <PointsGivenAtLevel Level="3" Points="10">
      <Stage Color="MALUS" MaxFerocity="7" MaxAgility="7" MaxWillpower="7" MaxToughness="7" />
      <Stage Color="VALUEBASE" MaxFerocity="15" MaxAgility="15" MaxWillpower="15" MaxToughness="15" />
      <Stage Color="VALUEBASE" MaxFerocity="28" MaxAgility="28" MaxWillpower="28" MaxToughness="28" />
      <Stage Color="BONUS" MaxFerocity="37" MaxAgility="37" MaxWillpower="37" MaxToughness="37" />
      <Stage Color="BONUS" MaxFerocity="46" MaxAgility="46" MaxWillpower="46" MaxToughness="46" />
    </PointsGivenAtLevel>
    <PointsGivenAtLevel Level="4" Points="10">
      <Stage Color="MALUS" MaxFerocity="9" MaxAgility="9" MaxWillpower="9" MaxToughness="9" />
      <Stage Color="VALUEBASE" MaxFerocity="20" MaxAgility="20" MaxWillpower="20" MaxToughness="20" />
      <Stage Color="VALUEBASE" MaxFerocity="38" MaxAgility="38" MaxWillpower="38" MaxToughness="38" />
      <Stage Color="BONUS" MaxFerocity="49" MaxAgility="49" MaxWillpower="49" MaxToughness="49" />
      <Stage Color="BONUS" MaxFerocity="61" MaxAgility="61" MaxWillpower="61" MaxToughness="61" />
    </PointsGivenAtLevel>
    <PointsGivenAtLevel Level="5" Points="10">
      <Stage Color="MALUS" MaxFerocity="11" MaxAgility="11" MaxWillpower="11" MaxToughness="11" />
      <Stage Color="VALUEBASE" MaxFerocity="25" MaxAgility="25" MaxWillpower="25" MaxToughness="25" />
      <Stage Color="VALUEBASE" MaxFerocity="47" MaxAgility="47" MaxWillpower="47" MaxToughness="47" />
      <Stage Color="BONUS" MaxFerocity="61" MaxAgility="61" MaxWillpower="61" MaxToughness="61" />
      <Stage Color="BONUS" MaxFerocity="76" MaxAgility="76" MaxWillpower="76" MaxToughness="76" />
    </PointsGivenAtLevel>
    <PointsGivenAtLevel Level="6" Points="10">
      <Stage Color="MALUS" MaxFerocity="13" MaxAgility="13" MaxWillpower="13" MaxToughness="13" />
      <Stage Color="VALUEBASE" MaxFerocity="30" MaxAgility="30" MaxWillpower="30" MaxToughness="30" />
      <Stage Color="VALUEBASE" MaxFerocity="56" MaxAgility="56" MaxWillpower="56" MaxToughness="56" />
      <Stage Color="BONUS" MaxFerocity="73" MaxAgility="73" MaxWillpower="73" MaxToughness="73" />
      <Stage Color="BONUS" MaxFerocity="91" MaxAgility="91" MaxWillpower="91" MaxToughness="91" />
    </PointsGivenAtLevel>
    <PointsGivenAtLevel Level="7" Points="10">
      <Stage Color="MALUS" MaxFerocity="15" MaxAgility="15" MaxWillpower="15" MaxToughness="15" />
      <Stage Color="VALUEBASE" MaxFerocity="35" MaxAgility="35" MaxWillpower="35" MaxToughness="35" />
      <Stage Color="VALUEBASE" MaxFerocity="66" MaxAgility="66" MaxWillpower="66" MaxToughness="66" />
      <Stage Color="BONUS" MaxFerocity="85" MaxAgility="85" MaxWillpower="85" MaxToughness="85" />
      <Stage Color="BONUS" MaxFerocity="106" MaxAgility="106" MaxWillpower="106" MaxToughness="106" />
    </PointsGivenAtLevel>
    <PointsGivenAtLevel Level="8" Points="10">
      <Stage Color="MALUS" MaxFerocity="17" MaxAgility="17" MaxWillpower="17" MaxToughness="17" />
      <Stage Color="VALUEBASE" MaxFerocity="40" MaxAgility="40" MaxWillpower="40" MaxToughness="40" />
      <Stage Color="VALUEBASE" MaxFerocity="75" MaxAgility="75" MaxWillpower="75" MaxToughness="75" />
      <Stage Color="BONUS" MaxFerocity="97" MaxAgility="97" MaxWillpower="97" MaxToughness="97" />
      <Stage Color="BONUS" MaxFerocity="121" MaxAgility="121" MaxWillpower="121" MaxToughness="121" />
    </PointsGivenAtLevel>
    <PointsGivenAtLevel Level="9" Points="10">
      <Stage Color="MALUS" MaxFerocity="19" MaxAgility="19" MaxWillpower="19" MaxToughness="19" />
      <Stage Color="VALUEBASE" MaxFerocity="45" MaxAgility="45" MaxWillpower="45" MaxToughness="45" />
      <Stage Color="VALUEBASE" MaxFerocity="84" MaxAgility="84" MaxWillpower="84" MaxToughness="84" />
      <Stage Color="BONUS" MaxFerocity="109" MaxAgility="109" MaxWillpower="109" MaxToughness="109" />
      <Stage Color="BONUS" MaxFerocity="136" MaxAgility="136" MaxWillpower="136" MaxToughness="136" />
    </PointsGivenAtLevel>
    <PointsGivenAtLevel Level="10" Points="10">
      <Stage Color="MALUS" MaxFerocity="21" MaxAgility="21" MaxWillpower="21" MaxToughness="21" />
      <Stage Color="VALUEBASE" MaxFerocity="50" MaxAgility="50" MaxWillpower="50" MaxToughness="50" />
      <Stage Color="VALUEBASE" MaxFerocity="94" MaxAgility="94" MaxWillpower="94" MaxToughness="94" />
      <Stage Color="BONUS" MaxFerocity="121" MaxAgility="121" MaxWillpower="121" MaxToughness="121" />
      <Stage Color="BONUS" MaxFerocity="151" MaxAgility="151" MaxWillpower="151" MaxToughness="151" />
    </PointsGivenAtLevel>
    <PointsGivenAtLevel Level="11" Points="10">
      <Stage Color="MALUS" MaxFerocity="23" MaxAgility="23" MaxWillpower="23" MaxToughness="23" />
      <Stage Color="VALUEBASE" MaxFerocity="55" MaxAgility="55" MaxWillpower="55" MaxToughness="55" />
      <Stage Color="VALUEBASE" MaxFerocity="103" MaxAgility="103" MaxWillpower="103" MaxToughness="103" />
      <Stage Color="BONUS" MaxFerocity="133" MaxAgility="133" MaxWillpower="133" MaxToughness="133" />
      <Stage Color="BONUS" MaxFerocity="166" MaxAgility="166" MaxWillpower="166" MaxToughness="166" />
    </PointsGivenAtLevel>
    <PointsGivenAtLevel Level="12" Points="10">
      <Stage Color="MALUS" MaxFerocity="25" MaxAgility="25" MaxWillpower="25" MaxToughness="25" />
      <Stage Color="VALUEBASE" MaxFerocity="60" MaxAgility="60" MaxWillpower="60" MaxToughness="60" />
      <Stage Color="VALUEBASE" MaxFerocity="112" MaxAgility="112" MaxWillpower="112" MaxToughness="112" />
      <Stage Color="BONUS" MaxFerocity="144" MaxAgility="144" MaxWillpower="144" MaxToughness="144" />
      <Stage Color="BONUS" MaxFerocity="181" MaxAgility="181" MaxWillpower="181" MaxToughness="181" />
    </PointsGivenAtLevel>
    <PointsGivenAtLevel Level="13" Points="10">
      <Stage Color="MALUS" MaxFerocity="27" MaxAgility="27" MaxWillpower="27" MaxToughness="27" />
      <Stage Color="VALUEBASE" MaxFerocity="65" MaxAgility="65" MaxWillpower="65" MaxToughness="65" />
      <Stage Color="VALUEBASE" MaxFerocity="121" MaxAgility="121" MaxWillpower="121" MaxToughness="121" />
      <Stage Color="BONUS" MaxFerocity="156" MaxAgility="156" MaxWillpower="156" MaxToughness="156" />
      <Stage Color="BONUS" MaxFerocity="196" MaxAgility="196" MaxWillpower="196" MaxToughness="196" />
    </PointsGivenAtLevel>
    <PointsGivenAtLevel Level="14" Points="10">
      <Stage Color="MALUS" MaxFerocity="30" MaxAgility="30" MaxWillpower="30" MaxToughness="30" />
      <Stage Color="VALUEBASE" MaxFerocity="70" MaxAgility="70" MaxWillpower="70" MaxToughness="70" />
      <Stage Color="VALUEBASE" MaxFerocity="131" MaxAgility="131" MaxWillpower="131" MaxToughness="131" />
      <Stage Color="BONUS" MaxFerocity="168" MaxAgility="168" MaxWillpower="168" MaxToughness="168" />
      <Stage Color="BONUS" MaxFerocity="211" MaxAgility="211" MaxWillpower="211" MaxToughness="211" />
    </PointsGivenAtLevel>
    <PointsGivenAtLevel Level="15" Points="10">
      <Stage Color="MALUS" MaxFerocity="32" MaxAgility="32" MaxWillpower="32" MaxToughness="32" />
      <Stage Color="VALUEBASE" MaxFerocity="75" MaxAgility="75" MaxWillpower="75" MaxToughness="75" />
      <Stage Color="VALUEBASE" MaxFerocity="140" MaxAgility="140" MaxWillpower="140" MaxToughness="140" />
      <Stage Color="BONUS" MaxFerocity="180" MaxAgility="180" MaxWillpower="180" MaxToughness="180" />
      <Stage Color="BONUS" MaxFerocity="225" MaxAgility="225" MaxWillpower="225" MaxToughness="225" />
    </PointsGivenAtLevel>
    <PointsGivenAtLevel Level="16" Points="10">
      <Stage Color="MALUS" MaxFerocity="34" MaxAgility="34" MaxWillpower="34" MaxToughness="34" />
      <Stage Color="VALUEBASE" MaxFerocity="80" MaxAgility="80" MaxWillpower="80" MaxToughness="80" />
      <Stage Color="VALUEBASE" MaxFerocity="149" MaxAgility="149" MaxWillpower="149" MaxToughness="149" />
      <Stage Color="BONUS" MaxFerocity="192" MaxAgility="192" MaxWillpower="192" MaxToughness="192" />
      <Stage Color="BONUS" MaxFerocity="240" MaxAgility="240" MaxWillpower="240" MaxToughness="240" />
    </PointsGivenAtLevel>
    <PointsGivenAtLevel Level="17" Points="10">
      <Stage Color="MALUS" MaxFerocity="36" MaxAgility="36" MaxWillpower="36" MaxToughness="36" />
      <Stage Color="VALUEBASE" MaxFerocity="85" MaxAgility="85" MaxWillpower="85" MaxToughness="85" />
      <Stage Color="VALUEBASE" MaxFerocity="158" MaxAgility="158" MaxWillpower="158" MaxToughness="158" />
      <Stage Color="BONUS" MaxFerocity="204" MaxAgility="204" MaxWillpower="204" MaxToughness="204" />
      <Stage Color="BONUS" MaxFerocity="255" MaxAgility="255" MaxWillpower="255" MaxToughness="255" />
    </PointsGivenAtLevel>
    <PointsGivenAtLevel Level="18" Points="10">
      <Stage Color="MALUS" MaxFerocity="38" MaxAgility="38" MaxWillpower="38" MaxToughness="38" />
      <Stage Color="VALUEBASE" MaxFerocity="90" MaxAgility="90" MaxWillpower="90" MaxToughness="90" />
      <Stage Color="VALUEBASE" MaxFerocity="168" MaxAgility="168" MaxWillpower="168" MaxToughness="168" />
      <Stage Color="BONUS" MaxFerocity="215" MaxAgility="215" MaxWillpower="215" MaxToughness="215" />
      <Stage Color="BONUS" MaxFerocity="269" MaxAgility="269" MaxWillpower="269" MaxToughness="269" />
    </PointsGivenAtLevel>
    <PointsGivenAtLevel Level="19" Points="10">
      <Stage Color="MALUS" MaxFerocity="40" MaxAgility="40" MaxWillpower="40" MaxToughness="40" />
      <Stage Color="VALUEBASE" MaxFerocity="95" MaxAgility="95" MaxWillpower="95" MaxToughness="95" />
      <Stage Color="VALUEBASE" MaxFerocity="177" MaxAgility="177" MaxWillpower="177" MaxToughness="177" />
      <Stage Color="BONUS" MaxFerocity="227" MaxAgility="227" MaxWillpower="227" MaxToughness="227" />
      <Stage Color="BONUS" MaxFerocity="284" MaxAgility="284" MaxWillpower="284" MaxToughness="284" />
    </PointsGivenAtLevel>
    <PointsGivenAtLevel Level="20" Points="10">
      <Stage Color="MALUS" MaxFerocity="42" MaxAgility="42" MaxWillpower="42" MaxToughness="42" />
      <Stage Color="VALUEBASE" MaxFerocity="100" MaxAgility="100" MaxWillpower="100" MaxToughness="100" />
      <Stage Color="VALUEBASE" MaxFerocity="186" MaxAgility="186" MaxWillpower="186" MaxToughness="186" />
      <Stage Color="BONUS" MaxFerocity="239" MaxAgility="239" MaxWillpower="239" MaxToughness="239" />
      <Stage Color="BONUS" MaxFerocity="298" MaxAgility="298" MaxWillpower="298" MaxToughness="298" />
    </PointsGivenAtLevel>
  </Global_Attributes>
</MetaData>