<MetaData>
  <Misc_BaseHealthPerLevel>
    <ValueAtLevel Level="1" ValueAtLevel="8" />
    <ValueAtLevel Level="2" ValueAtLevel="20" />
    <ValueAtLevel Level="3" ValueAtLevel="33" />
    <ValueAtLevel Level="4" ValueAtLevel="47" />
    <ValueAtLevel Level="5" ValueAtLevel="62" />
    <ValueAtLevel Level="6" ValueAtLevel="78" />
    <ValueAtLevel Level="7" ValueAtLevel="95" />
    <ValueAtLevel Level="8" ValueAtLevel="113" />
    <ValueAtLevel Level="9" ValueAtLevel="132" />
    <ValueAtLevel Level="10" ValueAtLevel="152" />
    <ValueAtLevel Level="11" ValueAtLevel="173" />
    <ValueAtLevel Level="12" ValueAtLevel="195" />
    <ValueAtLevel Level="13" ValueAtLevel="218" />
    <ValueAtLevel Level="14" ValueAtLevel="242" />
    <ValueAtLevel Level="15" ValueAtLevel="267" />
    <ValueAtLevel Level="16" ValueAtLevel="293" />
    <ValueAtLevel Level="17" ValueAtLevel="320" />
    <ValueAtLevel Level="18" ValueAtLevel="348" />
    <ValueAtLevel Level="19" ValueAtLevel="377" />
    <ValueAtLevel Level="20" ValueAtLevel="407" />
    <ValueAtLevel Level="21" ValueAtLevel="438" />
    <ValueAtLevel Level="22" ValueAtLevel="470" />
    <ValueAtLevel Level="23" ValueAtLevel="503" />
    <ValueAtLevel Level="24" ValueAtLevel="537" />
    <ValueAtLevel Level="25" ValueAtLevel="572" />
    <ValueAtLevel Level="26" ValueAtLevel="608" />
    <ValueAtLevel Level="27" ValueAtLevel="645" />
    <ValueAtLevel Level="28" ValueAtLevel="683" />
    <ValueAtLevel Level="29" ValueAtLevel="722" />
    <ValueAtLevel Level="30" ValueAtLevel="762" />
    <ValueAtLevel Level="31" ValueAtLevel="803" />
    <ValueAtLevel Level="32" ValueAtLevel="845" />
    <ValueAtLevel Level="33" ValueAtLevel="888" />
    <ValueAtLevel Level="34" ValueAtLevel="932" />
    <ValueAtLevel Level="35" ValueAtLevel="977" />
    <ValueAtLevel Level="36" ValueAtLevel="1023" />
    <ValueAtLevel Level="37" ValueAtLevel="1070" />
    <ValueAtLevel Level="38" ValueAtLevel="1118" />
    <ValueAtLevel Level="39" ValueAtLevel="1167" />
    <ValueAtLevel Level="40" ValueAtLevel="1217" />
    <ValueAtLevel Level="41" ValueAtLevel="1268" />
    <ValueAtLevel Level="42" ValueAtLevel="1320" />
    <ValueAtLevel Level="43" ValueAtLevel="1373" />
    <ValueAtLevel Level="44" ValueAtLevel="1427" />
    <ValueAtLevel Level="45" ValueAtLevel="1482" />
    <ValueAtLevel Level="46" ValueAtLevel="1538" />
    <ValueAtLevel Level="47" ValueAtLevel="1595" />
    <ValueAtLevel Level="48" ValueAtLevel="1653" />
    <ValueAtLevel Level="49" ValueAtLevel="1712" />
    <ValueAtLevel Level="50" ValueAtLevel="1772" />
    <ValueAtLevel Level="51" ValueAtLevel="1833" />
    <ValueAtLevel Level="52" ValueAtLevel="1895" />
    <ValueAtLevel Level="53" ValueAtLevel="1958" />
    <ValueAtLevel Level="54" ValueAtLevel="2022" />
    <ValueAtLevel Level="55" ValueAtLevel="2087" />
    <ValueAtLevel Level="56" ValueAtLevel="2153" />
    <ValueAtLevel Level="57" ValueAtLevel="2220" />
    <ValueAtLevel Level="58" ValueAtLevel="2288" />
    <ValueAtLevel Level="59" ValueAtLevel="2357" />
    <ValueAtLevel Level="60" ValueAtLevel="2427" />
  </Misc_BaseHealthPerLevel>
</MetaData>