<MetaData>
  <Toughness_Health>
    <ValueAtLevel Level="1" ValuePerPoint="4" />
    <ValueAtLevel Level="2" ValuePerPoint="4" />
    <ValueAtLevel Level="3" ValuePerPoint="4" />
    <ValueAtLevel Level="4" ValuePerPoint="4" />
    <ValueAtLevel Level="5" ValuePerPoint="4" />
    <ValueAtLevel Level="6" ValuePerPoint="4" />
    <ValueAtLevel Level="7" ValuePerPoint="4" />
    <ValueAtLevel Level="8" ValuePerPoint="4" />
    <ValueAtLevel Level="9" ValuePerPoint="4" />
    <ValueAtLevel Level="10" ValuePerPoint="4" />
    <ValueAtLevel Level="11" ValuePerPoint="4" />
    <ValueAtLevel Level="12" ValuePerPoint="4" />
    <ValueAtLevel Level="13" ValuePerPoint="4" />
    <ValueAtLevel Level="14" ValuePerPoint="4" />
    <ValueAtLevel Level="15" ValuePerPoint="4" />
    <ValueAtLevel Level="16" ValuePerPoint="4" />
    <ValueAtLevel Level="17" ValuePerPoint="4" />
    <ValueAtLevel Level="18" ValuePerPoint="4" />
    <ValueAtLevel Level="19" ValuePerPoint="4" />
    <ValueAtLevel Level="20" ValuePerPoint="4" />
    <ValueAtLevel Level="21" ValuePerPoint="4" />
    <ValueAtLevel Level="22" ValuePerPoint="4" />
    <ValueAtLevel Level="23" ValuePerPoint="4" />
    <ValueAtLevel Level="24" ValuePerPoint="4" />
    <ValueAtLevel Level="25" ValuePerPoint="4" />
    <ValueAtLevel Level="26" ValuePerPoint="4" />
    <ValueAtLevel Level="27" ValuePerPoint="4" />
    <ValueAtLevel Level="28" ValuePerPoint="4" />
    <ValueAtLevel Level="29" ValuePerPoint="4" />
    <ValueAtLevel Level="30" ValuePerPoint="4" />
    <ValueAtLevel Level="31" ValuePerPoint="4" />
    <ValueAtLevel Level="32" ValuePerPoint="4" />
    <ValueAtLevel Level="33" ValuePerPoint="4" />
    <ValueAtLevel Level="34" ValuePerPoint="4" />
    <ValueAtLevel Level="35" ValuePerPoint="4" />
    <ValueAtLevel Level="36" ValuePerPoint="4" />
    <ValueAtLevel Level="37" ValuePerPoint="4" />
    <ValueAtLevel Level="38" ValuePerPoint="4" />
    <ValueAtLevel Level="39" ValuePerPoint="4" />
    <ValueAtLevel Level="40" ValuePerPoint="4" />
    <ValueAtLevel Level="41" ValuePerPoint="4" />
    <ValueAtLevel Level="42" ValuePerPoint="4" />
    <ValueAtLevel Level="43" ValuePerPoint="4" />
    <ValueAtLevel Level="44" ValuePerPoint="4" />
    <ValueAtLevel Level="45" ValuePerPoint="4" />
    <ValueAtLevel Level="46" ValuePerPoint="4" />
    <ValueAtLevel Level="47" ValuePerPoint="4" />
    <ValueAtLevel Level="48" ValuePerPoint="4" />
    <ValueAtLevel Level="49" ValuePerPoint="4" />
    <ValueAtLevel Level="50" ValuePerPoint="4" />
    <ValueAtLevel Level="51" ValuePerPoint="4" />
    <ValueAtLevel Level="52" ValuePerPoint="4" />
    <ValueAtLevel Level="53" ValuePerPoint="4" />
    <ValueAtLevel Level="54" ValuePerPoint="4" />
    <ValueAtLevel Level="55" ValuePerPoint="4" />
    <ValueAtLevel Level="56" ValuePerPoint="4" />
    <ValueAtLevel Level="57" ValuePerPoint="4" />
    <ValueAtLevel Level="58" ValuePerPoint="4" />
    <ValueAtLevel Level="59" ValuePerPoint="4" />
    <ValueAtLevel Level="60" ValuePerPoint="4" />
  </Toughness_Health>
</MetaData>