<MetaData>
  <Wisdom_ChanceToResistAilment>
    <ValueAtLevel Level="1" Multiplier="40" ScorePerPoint="1" />
    <ValueAtLevel Level="2" Multiplier="40" ScorePerPoint="1" />
    <ValueAtLevel Level="3" Multiplier="40" ScorePerPoint="1" />
    <ValueAtLevel Level="4" Multiplier="40" ScorePerPoint="1" />
    <ValueAtLevel Level="5" Multiplier="40" ScorePerPoint="1" />
    <ValueAtLevel Level="6" Multiplier="40" ScorePerPoint="1" />
    <ValueAtLevel Level="7" Multiplier="40" ScorePerPoint="1" />
    <ValueAtLevel Level="8" Multiplier="40" ScorePerPoint="1" />
    <ValueAtLevel Level="9" Multiplier="40" ScorePerPoint="1" />
    <ValueAtLevel Level="10" Multiplier="40" ScorePerPoint="1" />
    <ValueAtLevel Level="11" Multiplier="40" ScorePerPoint="1" />
    <ValueAtLevel Level="12" Multiplier="40" ScorePerPoint="1" />
    <ValueAtLevel Level="13" Multiplier="40" ScorePerPoint="1" />
    <ValueAtLevel Level="14" Multiplier="40" ScorePerPoint="1" />
    <ValueAtLevel Level="15" Multiplier="40" ScorePerPoint="1" />
    <ValueAtLevel Level="16" Multiplier="40" ScorePerPoint="1" />
    <ValueAtLevel Level="17" Multiplier="40" ScorePerPoint="1" />
    <ValueAtLevel Level="18" Multiplier="40" ScorePerPoint="1" />
    <ValueAtLevel Level="19" Multiplier="40" ScorePerPoint="1" />
    <ValueAtLevel Level="20" Multiplier="40" ScorePerPoint="1" />
    <ValueAtLevel Level="21" Multiplier="40" ScorePerPoint="1" />
    <ValueAtLevel Level="22" Multiplier="40" ScorePerPoint="1" />
    <ValueAtLevel Level="23" Multiplier="40" ScorePerPoint="1" />
    <ValueAtLevel Level="24" Multiplier="40" ScorePerPoint="1" />
    <ValueAtLevel Level="25" Multiplier="40" ScorePerPoint="1" />
    <ValueAtLevel Level="26" Multiplier="40" ScorePerPoint="1" />
    <ValueAtLevel Level="27" Multiplier="40" ScorePerPoint="1" />
    <ValueAtLevel Level="28" Multiplier="40" ScorePerPoint="1" />
    <ValueAtLevel Level="29" Multiplier="40" ScorePerPoint="1" />
    <ValueAtLevel Level="30" Multiplier="40" ScorePerPoint="1" />
    <ValueAtLevel Level="31" Multiplier="40" ScorePerPoint="1" />
    <ValueAtLevel Level="32" Multiplier="40" ScorePerPoint="1" />
    <ValueAtLevel Level="33" Multiplier="40" ScorePerPoint="1" />
    <ValueAtLevel Level="34" Multiplier="40" ScorePerPoint="1" />
    <ValueAtLevel Level="35" Multiplier="40" ScorePerPoint="1" />
    <ValueAtLevel Level="36" Multiplier="40" ScorePerPoint="1" />
    <ValueAtLevel Level="37" Multiplier="40" ScorePerPoint="1" />
    <ValueAtLevel Level="38" Multiplier="40" ScorePerPoint="1" />
    <ValueAtLevel Level="39" Multiplier="40" ScorePerPoint="1" />
    <ValueAtLevel Level="40" Multiplier="40" ScorePerPoint="1" />
    <ValueAtLevel Level="41" Multiplier="40" ScorePerPoint="1" />
    <ValueAtLevel Level="42" Multiplier="40" ScorePerPoint="1" />
    <ValueAtLevel Level="43" Multiplier="40" ScorePerPoint="1" />
    <ValueAtLevel Level="44" Multiplier="40" ScorePerPoint="1" />
    <ValueAtLevel Level="45" Multiplier="40" ScorePerPoint="1" />
    <ValueAtLevel Level="46" Multiplier="40" ScorePerPoint="1" />
    <ValueAtLevel Level="47" Multiplier="40" ScorePerPoint="1" />
    <ValueAtLevel Level="48" Multiplier="40" ScorePerPoint="1" />
    <ValueAtLevel Level="49" Multiplier="40" ScorePerPoint="1" />
    <ValueAtLevel Level="50" Multiplier="40" ScorePerPoint="1" />
    <ValueAtLevel Level="51" Multiplier="40" ScorePerPoint="1" />
    <ValueAtLevel Level="52" Multiplier="40" ScorePerPoint="1" />
    <ValueAtLevel Level="53" Multiplier="40" ScorePerPoint="1" />
    <ValueAtLevel Level="54" Multiplier="40" ScorePerPoint="1" />
    <ValueAtLevel Level="55" Multiplier="40" ScorePerPoint="1" />
    <ValueAtLevel Level="56" Multiplier="40" ScorePerPoint="1" />
    <ValueAtLevel Level="57" Multiplier="40" ScorePerPoint="1" />
    <ValueAtLevel Level="58" Multiplier="40" ScorePerPoint="1" />
    <ValueAtLevel Level="59" Multiplier="40" ScorePerPoint="1" />
    <ValueAtLevel Level="60" Multiplier="40" ScorePerPoint="1" />
  </Wisdom_ChanceToResistAilment>
</MetaData>