<MetaData>
  <BaseEntity ID="Outlaws_MercyArena_Mercy" EntityName="outlaws_warlord" Scale="1.2" CanKillAllies="0" />
  <Faction Name="Outlaws" />
  <Keywords Value="outw,boss,melee,physical" />
  <SpawnClassParams SpawnLevelMin="1" SpawnLevelMax="60" SpawnWeight="1" />
  <Attributes Archetype="archetype_elite" HealthModifier="2" DamageModifier="1" XPModifier="1" Protection="" />
  <Movement MovementSpeed="7" WalkSpeed="7" />
  <InterruptionParams InterruptChance="0.00" />
  <StunParams IgnoreStunChance="0" StunCooldown="6" FreezeCooldown="6" />
  <BlownAwayParams CanBeBlownAway="1" BlownAwayAnimationTag="" />
  <DefaultBossModifiers />
  <LootClass>
    <Loot Class="LC_elite" fProba="1" />
  </LootClass>
  <AliveLootPreset Name="AliveLoot_Elite" />
  <Corpses PresetName="EliteCadaverPreset" />
  <BasicAIParams ClampToNavmesh="1" MaxTurnRate="360" UseAvoidance="0" />
  <Kythera>
    <Behavior Name="Generic" />
    <BT FleeOnLowHealthChance="0.0" EngageRange="15.0" MeleeAttack="True" FallBack="True" IdleWander="False" />
    <Movement ClampToNavMesh="True" />
    <Target SticknessBias="30.0" DistanceBias="6.0" DamageBias="0.0" AggressionBias="1.0" AggressionDecay="10.0" Category="None" />
  </Kythera>
  <Skills>
    <DefaultBasicAttack>
      <Skill Name="AI_OutlawWarlord_atk_01" Orientated="BeforeCast" Interruptible="False" Enabled="True" BaseWeight="2.0">
        <Range Min="0.1" Preferred="2.0" Max="3.0" MinWeight="0.0" PreferredWeight="0.0" MaxWeight="0.0" />
      </Skill>
    </DefaultBasicAttack>
    <Offensive>
      <Skill Name="AI_outlaw_warlord_kick" Orientated="BeforeCast" Interruptible="False" Enabled="True" BaseWeight="2.0">
        <Range Min="1.0" Preferred="3.0" Max="3.0" MinWeight="0.0" PreferredWeight="0.0" MaxWeight="0.0" />
      </Skill>
      <Skill Name="AI_outlaw_mercy_MercyArena_axethrow" Orientated="BeforeCast" Interruptible="False" Enabled="True" BaseWeight="1.0">
        <Range Min="4.0" Preferred="7.0" Max="10.0" MinWeight="0.0" PreferredWeight="0.0" MaxWeight="0.0" />
        <PrevSkillWeight type="bb">
          <AI_outlaw_warlord_axethrow type="float" />
        </PrevSkillWeight>
      </Skill>
      <Skill Name="AI_default_leap" Orientated="BeforeCast" Interruptible="False" Enabled="True" BaseWeight="10.0">
        <Range Min="4.0" Preferred="8.0" Max="15.0" MinWeight="0.0" PreferredWeight="0.0" MaxWeight="0.0" />
      </Skill>
    </Offensive>
    <Approach />
  </Skills>
  <HUD UIName="@ui_AIName_Outlaws_BanditWarlord" ZIconOffset="3.5" />
  <Spawn SpawnAnimation="1" TransparencyAtSpawn="0" />
  <Death UseDeathAnimation="1" DeathSkill="" />
  <GameplayParticles PresetName="size_Thug" />
  <Capsules>
    <EntityPhysics ColliderSize="0.55,0.55,0.5" />
    <MouseSelection SelectionCapsuleRadius="0.8" SelectionCapsuleHeight="1.2" SelectionCapsuleZOffset="-0.7" />
    <ProjectileCollision ProjectileCapsuleRadius="1.0" ProjectileCapsuleHeight="5.0" CanSnapOnCenterWhenColliding="0" />
  </Capsules>
  <VisualParams>
    <HitParticleParams BaseHitScale="1" DirectionalHitScale="1" CriticalHitScale="1" />
    <BloodDecals Preset="default" OverrideScale="1" />
  </VisualParams>
  <Audio SwitchSoundName="Outlaw_voice" />
</MetaData>