<MetaData>
  <BaseEntity ID="Republic_Valeria_Act2" EntityName="republic_justicar_01" Scale="0.55" CanKillAllies="0" />
  <Faction Name="PlayerFriendly" />
  <Keywords Value="republic,boss,melee" />
  <SpawnClassParams SpawnLevelMin="1" SpawnLevelMax="60" SpawnWeight="1" />
  <Attributes Archetype="archetype_elite" HealthModifier="5" DamageModifier="2" XPModifier="1" Protection="" />
  <Movement MovementSpeed="10" WalkSpeed="10" />
  <InterruptionParams InterruptChance="0.00" />
  <StunParams IgnoreStunChance="0" StunCooldown="6" FreezeCooldown="6" />
  <BlownAwayParams CanBeBlownAway="1" BlownAwayAnimationTag="" />
  <DefaultBossModifiers />
  <Corpses PresetName="EliteCadaverPreset" />
  <BasicAIParams ClampToNavmesh="1" MaxTurnRate="360" UseAvoidance="1" />
  <Kythera>
    <Behavior Name="Generic" />
    <BT FleeOnLowHealthChance="0.0" EngageRange="4.0" MeleeAttack="True" FallBack="True" IdleWander="False" />
    <Movement ClampToNavMesh="True" Avoidance="True" />
    <Target SticknessBias="30.0" DistanceBias="6.0" DamageBias="0.0" AggressionBias="1.0" AggressionDecay="10.0" Category="None" />
    <Support PresenceRadius="8.0" CombatRadius="9.0" TravelRadius="8.0" />
  </Kythera>
  <Skills>
    <DefaultBasicAttack>
      <Skill Name="AI_RepublicJusticar01_DefaultAttack_Melee" Orientated="BeforeCast" Interruptible="False" Enabled="True" BaseWeight="1.0">
        <Range Min="0.1" Preferred="3" Max="4" MinWeight="0.0" PreferredWeight="0.0" MaxWeight="0.0" />
      </Skill>
    </DefaultBasicAttack>
  </Skills>
  <HUD UIName="@ui_Valeria_CharacterNameLabel" ZIconOffset="2.7" />
  <Spawn SpawnAnimation="rise_out_ground" TransparencyAtSpawn="0" />
  <Death UseDeathAnimation="1" DeathSkill="" CanUseDownState="1" CanSelfRevive="1" SpendReviveTokensIfSelfRevive="0" DownStateDuration="10" DownStateReviveDuration="10" DownSkill="" LifeWhileDownAsPercentOfTotalLife="0.5" DefaultReviveTokens="1" MaximumReviveTokens="1" />
  <GameplayParticles PresetName="size_Trapper" />
  <Capsules>
    <EntityPhysics ColliderSize="1.5,1.5,1" Ghost="1" />
    <MouseSelection SelectionCapsuleRadius="1.7" SelectionCapsuleHeight="1" />
    <ProjectileCollision ProjectileCapsuleRadius="1.5" ProjectileCapsuleHeight="5.0" CanSnapOnCenterWhenColliding="0" />
  </Capsules>
  <VisualParams>
    <HitParticleParams BaseHitScale="1" DirectionalHitScale="1" CriticalHitScale="1" />
    <BloodDecals Preset="default" OverrideScale="1" />
  </VisualParams>
  <Audio AllowGroupSounds="0" SwitchSoundName="Valeria_voice" SurfaceType="armour" />
</MetaData>