<MetaData>
  <BaseEntity ID="CultOfSouls_Yudai" EntityName="cultofsouls_yudai" Scale="1" CanKillAllies="0" />
  <Faction Name="CultOfSouls" />
  <Keywords Value="coss,damned,undead,frost,range,boss" />
  <SpawnClassParams SpawnLevelMin="1" SpawnLevelMax="60" SpawnWeight="1" CombatPointValueMultiplier="1.4" />
  <Attributes Archetype="archetype_elite" HealthModifier="4.5" DamageModifier="1.1" XPModifier="3" Protection="" />
  <Movement MovementSpeed="5" WalkSpeed="5" />
  <InterruptionParams InterruptChance="0.00" />
  <StunParams IgnoreStunChance="0" StunCooldown="8" FreezeCooldown="8" />
  <BlownAwayParams CanBeBlownAway="0" BlownAwayAnimationTag="" />
  <DefaultBossModifiers />
  <LootClass>
    <Loot Class="LC_Yudai" fProba="1" />
  </LootClass>
  <AliveLootPreset Name="AliveLoot_Boss" />
  <Corpses PresetName="EliteCadaverPreset" />
  <BasicAIParams ClampToNavmesh="1" MaxTurnRate="360" UseAvoidance="0" />
  <Kythera>
    <Behavior Name="Generic" />
    <BT FleeOnLowHealthChance="0.0" EngageRange="15.0" MeleeAttack="True" FallBack="False" IdleWander="False" />
    <Perception>
      <Proximity DayMaxDistance="30" NightMaxDistance="30" DetectionTime="0.01" />
    </Perception>
    <Movement ClampToNavMesh="True" />
    <Target SticknessBias="30.0" DistanceBias="6.0" DamageBias="0.0" AggressionBias="1.0" AggressionDecay="10.0" Category="None" />
  </Kythera>
  <Skills>
    <DefaultBasicAttack />
    <Offensive>
      <Skill Name="AI_CultOfSouls_DemonOfSouls_DefaultAttack01" Orientated="BeforeCast" Interruptible="False" Enabled="True" BaseWeight="20.0">
        <Range Min="0.1" Preferred="2.2" Max="6.0" MinWeight="40.0" PreferredWeight="40.0" MaxWeight="0.0" />
        <Health Min="0.0" Max="1.0" Weight="0.0" />
        <Target ShieldWeight="0.0" RangedWeight="0.0" MeleeWeight="0.0">
          <Health Min="0.0" Max="1.0" Weight="0.0" />
        </Target>
      </Skill>
      <Skill Name="AI_CultOfSouls_DemonOfSouls_DefaultAttack_Ranged" Orientated="BeforeCast" Interruptible="False" Enabled="True" BaseWeight="10.0" MaxRepeats="3">
        <Range Min="5.0" Preferred="8.0" Max="15.0" MinWeight="0.0" PreferredWeight="8.0" MaxWeight="10.0" />
        <Health Min="0.0" Max="1.0" Weight="0.0" />
        <Target ShieldWeight="0.0" RangedWeight="0.0" MeleeWeight="0.0">
          <Health Min="0.0" Max="1.0" Weight="0.0" />
        </Target>
      </Skill>
      <Skill Name="AI_cultofsouls_demonofsouls_bansheescream" Orientated="BeforeCast" Interruptible="False" Enabled="True" BaseWeight="20.0">
        <Range Min="4.0" Preferred="10.0" Max="22.0" MinWeight="0.0" PreferredWeight="0.0" MaxWeight="0.0" />
        <Health Min="0.0" Max="1.0" Weight="0.0" />
        <Target ShieldWeight="0.0" RangedWeight="0.0" MeleeWeight="0.0">
          <Health Min="0.0" Max="1.0" Weight="0.0" />
        </Target>
      </Skill>
      <Skill Name="AI_cultofsouls_demonofsouls_spectralteleport_escape" Orientated="Never" Interruptible="False" Enabled="True" BaseWeight="20.0">
        <Range Min="0.1" Preferred="3.0" Max="4.0" MinWeight="10.0" PreferredWeight="10.0" MaxWeight="10.0" />
        <Health Min="0.0" Max="1.0" Weight="0.0" />
        <Target ShieldWeight="0.0" RangedWeight="0.0" MeleeWeight="0.0">
          <Health Min="0.0" Max="1.0" Weight="0.0" />
        </Target>
      </Skill>
      <Skill Name="AI_cultofsouls_demonofsouls_spectralteleport_abduct" Orientated="Never" Interruptible="False" Enabled="True" BaseWeight="30.0">
        <Range Min="8.0" Preferred="16.0" Max="30.0" MinWeight="0.0" PreferredWeight="30.0" MaxWeight="70.0" />
        <Health Min="0.0" Max="1.0" Weight="0.0" />
        <Target ShieldWeight="0.0" RangedWeight="0.0" MeleeWeight="0.0">
          <Health Min="0.0" Max="1.0" Weight="0.0" />
        </Target>
      </Skill>
      <Skill Name="AI_cultofsouls_demonofsouls_soulstorm_part1" Orientated="Always" Interruptible="False" Enabled="True" BaseWeight="20.0">
        <Range Min="0.1" Preferred="10.0" Max="16.0" MinWeight="0.0" PreferredWeight="0.0" MaxWeight="0.0" />
        <Health Min="0.0" Max="1.0" Weight="0.0" />
        <Target ShieldWeight="0.0" RangedWeight="0.0" MeleeWeight="0.0">
          <Health Min="0.0" Max="1.0" Weight="0.0" />
        </Target>
      </Skill>
      <Skill Name="AI_cultofsouls_demonofsouls_possess_part1" Orientated="Always" Interruptible="False" Enabled="True" BaseWeight="20.0">
        <Range Min="5.0" Preferred="7.0" Max="22.0" MinWeight="0.0" PreferredWeight="0.0" MaxWeight="0.0" />
        <Health Min="0.0" Max="1.0" Weight="0.0" />
        <Target ShieldWeight="0.0" RangedWeight="0.0" MeleeWeight="0.0">
          <Health Min="0.0" Max="1.0" Weight="0.0" />
        </Target>
      </Skill>
      <Skill Name="AI_cultofsouls_demonofsouls_summonlostsouls" Orientated="Never" Interruptible="False" Enabled="True" BaseWeight="999.0">
        <Range Min="0.1" Preferred="8.0" Max="30.0" MinWeight="0.0" PreferredWeight="0.0" MaxWeight="0.0" />
        <Health Min="0.0" Max="0.8" Weight="0.0" />
        <Target ShieldWeight="0.0" RangedWeight="0.0" MeleeWeight="0.0">
          <Health Min="0.0" Max="1.0" Weight="0.0" />
        </Target>
      </Skill>
      <Skill Name="AI_cultofsouls_demonofsouls_summonspecters" Orientated="Never" Interruptible="False" Enabled="True" BaseWeight="9999.0">
        <Range Min="0.1" Preferred="8.0" Max="30.0" MinWeight="0.0" PreferredWeight="0.0" MaxWeight="0.0" />
        <Health Min="0.0" Max="0.5" Weight="0.0" />
        <Target ShieldWeight="0.0" RangedWeight="0.0" MeleeWeight="0.0">
          <Health Min="0.0" Max="1.0" Weight="0.0" />
        </Target>
      </Skill>
    </Offensive>
    <Approach>
      <Skill Name="AI_CultOfSouls_DemonOfSouls_DefaultAttack_Ranged" Orientated="BeforeCast" Interruptible="False" Enabled="True" BaseWeight="10.0" MaxRepeats="5">
        <Range Min="0.0" Preferred="8.0" Max="15.0" MinWeight="0.0" PreferredWeight="8.0" MaxWeight="10.0" />
        <Health Min="0.0" Max="1.0" Weight="0.0" />
        <Target ShieldWeight="0.0" RangedWeight="0.0" MeleeWeight="0.0">
          <Health Min="0.0" Max="1.0" Weight="0.0" />
        </Target>
      </Skill>
      <Skill Name="AI_cultofsouls_demonofsouls_spectralteleport_abduct" Orientated="Never" Interruptible="False" Enabled="True" BaseWeight="30.0">
        <Range Min="8.0" Preferred="16.0" Max="30.0" MinWeight="0.0" PreferredWeight="30.0" MaxWeight="70.0" />
        <Health Min="0.0" Max="1.0" Weight="0.0" />
        <Target ShieldWeight="0.0" RangedWeight="0.0" MeleeWeight="0.0">
          <Health Min="0.0" Max="1.0" Weight="0.0" />
        </Target>
      </Skill>
    </Approach>
  </Skills>
  <HUD UIName="@ui_AIName_CoS_Yudai_B" ZIconOffset="4.5" />
  <Spawn SpawnAnimation="rise_out_ground" TransparencyAtSpawn="0" />
  <Death UseDeathAnimation="1" DeathSkill="" />
  <GameplayParticles PresetName="size_Demonofsouls" />
  <Capsules>
    <EntityPhysics ColliderSize="0.9,0.9,0.5" />
    <MouseSelection SelectionCapsuleRadius="2.2" SelectionCapsuleHeight="1.8" SelectionCapsuleZOffset="-1.0" />
    <ProjectileCollision ProjectileCapsuleRadius="1.5" ProjectileCapsuleHeight="5.0" CanSnapOnCenterWhenColliding="0" />
  </Capsules>
  <BoneParticles>
    <BoneParticle BoneName="Bip01 Claw31" LinkedBoneName="Bip01 FK Claws" ParticleName="U_Monster.Tomb_Bearer.Soul_Trail_02_1" Offset="0,0,0" Dir="0,1,0" Scale="1" />
    <BoneParticle BoneName="Bip01 Claw41" LinkedBoneName="Bip01 FK Claws" ParticleName="U_Monster.Tomb_Bearer.Soul_Trail_02_1" Offset="0,0,0" Dir="0,1,0" Scale="1" />
    <BoneParticle BoneName="Bip01 Claw51" LinkedBoneName="Bip01 FK Claws" ParticleName="U_Monster.Tomb_Bearer.Soul_Trail_02_1" Offset="0,0,0" Dir="0,1,0" Scale="1" />
    <BoneParticle BoneName="Bip01 Claw01" LinkedBoneName="Bip01 FK Claws" ParticleName="U_Monster.Tomb_Bearer.Soul_Trail_02" Offset="0,0,0" Dir="0,1,0" Scale="1" />
    <BoneParticle BoneName="Bip01 Claw11" LinkedBoneName="Bip01 FK Claws" ParticleName="U_Monster.Tomb_Bearer.Soul_Trail_02" Offset="0,0,0" Dir="0,1,0" Scale="1" />
    <BoneParticle BoneName="Bip01 Claw21" LinkedBoneName="Bip01 FK Claws" ParticleName="U_Monster.Tomb_Bearer.Soul_Trail_02" Offset="0,0,0" Dir="0,1,0" Scale="1" />
    <BoneParticle BoneName="Bip01" ParticleName="U_Monster.DeomonOfSoul.Under_Soul_01" Offset="0,0,0" Dir="0,0,1" Scale="1" FadeOut="1" IgnoreRotation="1" />
  </BoneParticles>
  <VisualParams>
    <HitParticleParams BaseHitScale="1" DirectionalHitScale="1" CriticalHitScale="1" />
    <BloodDecals Preset="default" OverrideScale="1" />
  </VisualParams>
  <Audio SwitchSoundName="DemonOfSouls_voice" />
</MetaData>