<MetaData>
  <BaseEntity ID="CultOfSouls_Vhegguadh" EntityName="cultofsouls_cultist" Scale="1.1" CanKillAllies="0" />
  <Faction Name="CultOfSouls" />
  <Keywords Value="coss,undead,range,boss" />
  <SpawnClassParams SpawnLevelMin="1" SpawnLevelMax="60" SpawnWeight="1" CombatPointValueOverride="" />
  <Attributes Archetype="archetype_lieutenant" HealthModifier="5" DamageModifier="1.5" XPModifier="0.1" Protection="" />
  <Movement MovementSpeed="5.5" WalkSpeed="5.5" />
  <InterruptionParams InterruptChance="0.05" />
  <StunParams IgnoreStunChance="0" StunCooldown="6" FreezeCooldown="6" />
  <BlownAwayParams CanBeBlownAway="1" BlownAwayAnimationTag="" />
  <DefaultBossModifiers>
    <BossModifier Name="AI_cultofsouls_cultist_resurect" />
  </DefaultBossModifiers>
  <LootClass>
    <Loot Class="" fProba="1" />
  </LootClass>
  <AliveLootPreset Name="AliveLoot_Boss" />
  <Corpses PresetName="" />
  <BasicAIParams ClampToNavmesh="1" MaxTurnRate="360" UseAvoidance="0" />
  <Kythera>
    <Behavior Name="Generic" />
    <BT FleeOnLowHealthChance="0.0" EngageRange="10.0" MeleeAttack="True" FallBack="False" IdleWander="True" />
    <Movement ClampToNavMesh="True" />
    <Target SticknessBias="30.0" DistanceBias="6.0" DamageBias="0.0" AggressionBias="1.0" AggressionDecay="10.0" Category="None" />
  </Kythera>
  <Skills>
    <DefaultBasicAttack />
    <Offensive>
      <Skill Name="AI_CultOfSouls_Cultist_DefaultAttack_Ranged" Orientated="BeforeCast" Interruptible="False" Enabled="True" BaseWeight="1.0" MaxRepeats="3">
        <Range Min="0.0" Preferred="8.0" Max="15.0" MinWeight="0.0" PreferredWeight="0.5" MaxWeight="1.0" />
        <Health Min="0.0" Max="1.0" Weight="0.0" />
        <Target ShieldWeight="0.0" RangedWeight="0.0" MeleeWeight="0.0">
          <Health Min="0.0" Max="1.0" Weight="0.0" />
        </Target>
      </Skill>
      <Skill Name="AI_cultofsouls_cultist_summonundead" Orientated="Always" Interruptible="False" Enabled="True" BaseWeight="999.0">
        <Range Min="0" Preferred="7" Max="10" MinWeight="0.0" PreferredWeight="0.0" MaxWeight="0.0" />
      </Skill>
    </Offensive>
    <Approach>
      <Skill Name="AI_CultOfSouls_Cultist_DefaultAttack_Ranged" Orientated="BeforeCast" Interruptible="False" Enabled="True" BaseWeight="1.0" MaxRepeats="3">
        <Range Min="0.0" Preferred="8.0" Max="15.0" MinWeight="0.0" PreferredWeight="0.0" MaxWeight="0.0" />
        <Health Min="0.0" Max="1.0" Weight="0.0" />
        <Target ShieldWeight="0.0" RangedWeight="0.0" MeleeWeight="0.0">
          <Health Min="0.0" Max="1.0" Weight="0.0" />
        </Target>
      </Skill>
      <Skill Name="AI_cultofsouls_cultist_summonundead" Orientated="Always" Interruptible="False" Enabled="True" BaseWeight="999.0">
        <Range Min="0" Preferred="7" Max="10" MinWeight="0.0" PreferredWeight="0.0" MaxWeight="0.0" />
      </Skill>
    </Approach>
  </Skills>
  <RandomModel>
    <ModelChoice Model="Objects/characters/mobs/Humanoid/Cultist/COSS_Cultist/COSS_Cultist_02.cdf" Weight="1">
      <ADBChoice ADB="Animations/Mannequin/ADB/Mobs/Humanoid/Cultist/COSS_Cultist.adb" Weight="1" />
    </ModelChoice>
  </RandomModel>
  <HUD UIName="@ui_AIName_CoS_CultistOfSouls_B" ZIconOffset="2.5" />
  <Spawn SpawnAnimation="rise_out_ground" TransparencyAtSpawn="0" />
  <Death UseDeathAnimation="1.0" DeathSkill="" />
  <GameplayParticles PresetName="size_medium" />
  <Capsules>
    <EntityPhysics ColliderSize="0.4,0.4,0.5" IsPushable="0" RagdollMass="200" />
    <MouseSelection SelectionCapsuleRadius="1.05" SelectionCapsuleHeight="1.0" SelectionCapsuleZOffset="-0.4" />
    <ProjectileCollision ProjectileCapsuleRadius="0.8" ProjectileCapsuleHeight="3.0" CanSnapOnCenterWhenColliding="1" />
  </Capsules>
  <VisualParams>
    <HitParticleParams BaseHitScale="1" DirectionalHitScale="1" CriticalHitScale="1" />
    <BloodDecals Preset="default" OverrideScale="1" />
  </VisualParams>
  <Audio AllowGroupSounds="0" SwitchSoundName="Vhegguad_voice" />
</MetaData>