<MetaData>
  <BaseEntity ID="CultOfSouls_Neiddrerym" EntityName="cultofsouls_corrupted_primordial_guardian" Scale="1" CanKillAllies="0" />
  <Faction Name="CultOfSouls" />
  <Keywords Value="coss,damned,elite,frost,range" />
  <SpawnClassParams SpawnLevelMin="1" SpawnLevelMax="60" SpawnWeight="1" CombatPointValueMultiplier="1.6" />
  <Attributes Archetype="archetype_elite" HealthModifier="1" DamageModifier="1.0" XPModifier="1" Protection="" />
  <Movement MovementSpeed="2" WalkSpeed="5" />
  <InterruptionParams InterruptChance="0.00" />
  <StunParams IgnoreStunChance="0" StunCooldown="8" FreezeCooldown="8" />
  <BlownAwayParams CanBeBlownAway="0" BlownAwayAnimationTag="" />
  <DefaultBossModifiers />
  <LootClass>
    <Loot Class="LC_elite" fProba="1" />
  </LootClass>
  <AliveLootPreset Name="AliveLoot_Elite" />
  <Corpses PresetName="EliteCadaverPreset" />
  <BasicAIParams ClampToNavmesh="1" MaxTurnRate="360" UseAvoidance="0" />
  <Kythera>
    <Behavior Name="Generic" />
    <BT FleeOnLowHealthChance="0.0" EngageRange="15.0" MeleeAttack="True" FallBack="True" IdleWander="False" />
    <Movement ClampToNavMesh="True" />
    <Target SticknessBias="30.0" DistanceBias="6.0" DamageBias="0.0" AggressionBias="1.0" AggressionDecay="10.0" Category="None" />
  </Kythera>
  <Skills>
    <DefaultBasicAttack />
    <Offensive>
      <Skill Name="AI_CultOfSouls_PrimordialGuardian_DefaultAttack" Orientated="Never" Interruptible="False" Enabled="True" BaseWeight="10.0">
        <Range Min="0.1" Preferred="3.0" Max="5.0" MinWeight="10.0" PreferredWeight="10.0" MaxWeight="8.0" />
        <Health Min="0.0" Max="1.0" Weight="0.0" />
        <Target ShieldWeight="0.0" RangedWeight="0.0" MeleeWeight="0.0">
          <Health Min="0.0" Max="1.0" Weight="0.0" />
        </Target>
      </Skill>
      <Skill Name="AI_CultOfSouls_PrimordialGuardian_DefaultAttack_Ranged" Orientated="BeforeCast" Interruptible="False" Enabled="True" BaseWeight="5.0" MaxRepeats="3">
        <Range Min="0.1" Preferred="8.0" Max="12.0" MinWeight="0.0" PreferredWeight="0.0" MaxWeight="0.0" />
        <Health Min="0.0" Max="1.0" Weight="0.0" />
        <Target ShieldWeight="0.0" RangedWeight="0.0" MeleeWeight="0.0">
          <Health Min="0.0" Max="1.0" Weight="0.0" />
        </Target>
      </Skill>
      <Skill Name="AI_cultofsouls_corruptedprimordialguardian_laser" Orientated="BeforeCast" Interruptible="False" Enabled="True" BaseWeight="10.0">
        <Range Min="4.0" Preferred="12.0" Max="12.0" MinWeight="0.0" PreferredWeight="10.0" MaxWeight="10.0" />
        <Health Min="0.0" Max="1.0" Weight="0.0" />
        <Target ShieldWeight="0.0" RangedWeight="0.0" MeleeWeight="0.0">
          <Health Min="0.0" Max="1.0" Weight="0.0" />
        </Target>
      </Skill>
      <Skill Name="AI_cultofsouls_corruptedprimordialguardian_missilelaunch_part1" Orientated="BeforeCast" Interruptible="False" Enabled="True" BaseWeight="20.0">
        <Range Min="3.5" Preferred="5.0" Max="6.0" MinWeight="0.0" PreferredWeight="0.0" MaxWeight="0.0" />
        <Health Min="0.0" Max="1.0" Weight="0.0" />
        <Target ShieldWeight="0.0" RangedWeight="0.0" MeleeWeight="0.0">
          <Health Min="0.0" Max="1.0" Weight="0.0" />
        </Target>
      </Skill>
      <Skill Name="AI_cultofsouls_corruptedprimordialguardian_moveandshoot" Orientated="BeforeCast" Interruptible="False" Enabled="True" BaseWeight="10.0">
        <Range Min="0.1" Preferred="5.0" Max="10.0" MinWeight="0.0" PreferredWeight="0.0" MaxWeight="0.0" />
        <Health Min="0.0" Max="1.0" Weight="0.0" />
        <Target ShieldWeight="0.0" RangedWeight="0.0" MeleeWeight="0.0">
          <Health Min="0.0" Max="1.0" Weight="0.0" />
        </Target>
      </Skill>
      <Skill Name="AI_cultofsouls_corruptedprimordialguardian_dash" Orientated="BeforeCast" Interruptible="True" Enabled="True" BaseWeight="30.0">
        <Range Min="10.0" Preferred="12.0" Max="20.0" MinWeight="0.0" PreferredWeight="5.0" MaxWeight="30.0" />
        <Health Min="0.0" Max="1.0" Weight="0.0" />
        <Target ShieldWeight="0.0" RangedWeight="0.0" MeleeWeight="0.0">
          <Health Min="0.0" Max="1.0" Weight="0.0" />
        </Target>
      </Skill>
      <Skill Name="AI_cultofsouls_primordialguardian_summonarmors" Orientated="BeforeCast" Interruptible="False" Enabled="True" BaseWeight="50.0">
        <Range Min="0.1" Preferred="0.1" Max="20.0" MinWeight="0.0" PreferredWeight="0.0" MaxWeight="0.0" />
        <Health Min="0.0" Max="1.0" Weight="0.0" />
        <Target ShieldWeight="0.0" RangedWeight="0.0" MeleeWeight="0.0">
          <Health Min="0.0" Max="1.0" Weight="0.0" />
        </Target>
      </Skill>
      <Skill Name="AI_cultofsouls_corruptedprimordialguardian_taintedsacrifice" Orientated="BeforeCast" Interruptible="False" Enabled="True" BaseWeight="10.0">
        <Range Min="0.1" Preferred="0.1" Max="20.0" MinWeight="0.0" PreferredWeight="0.0" MaxWeight="0.0" />
        <Health Min="0.0" Max="0.6" Weight="40.0" />
        <Target ShieldWeight="0.0" RangedWeight="0.0" MeleeWeight="0.0">
          <Health Min="0.0" Max="1.0" Weight="0.0" />
        </Target>
      </Skill>
    </Offensive>
    <Approach>
      <Skill Name="AI_cultofsouls_corruptedprimordialguardian_dash" Orientated="BeforeCast" Interruptible="True" Enabled="True" BaseWeight="20.0">
        <Range Min="10.0" Preferred="12.0" Max="20.0" MinWeight="0.0" PreferredWeight="0.0" MaxWeight="0.0" />
        <Health Min="0.0" Max="1.0" Weight="0.0" />
        <Target ShieldWeight="0.0" RangedWeight="0.0" MeleeWeight="0.0">
          <Health Min="0.0" Max="1.0" Weight="0.0" />
        </Target>
      </Skill>
    </Approach>
  </Skills>
  <HUD UIName="@ui_AIName_CoS_TaintedPrimordialGuardian_B" ZIconOffset="3.5" />
  <Spawn SpawnAnimation="rise_out_ground" TransparencyAtSpawn="0" />
  <Death UseDeathAnimation="1" DeathSkill="" />
  <GameplayParticles PresetName="size_PrimordialGuardian" />
  <Capsules>
    <EntityPhysics ColliderSize="1.7,1.7,0.5" />
    <MouseSelection SelectionCapsuleRadius="2.8" SelectionCapsuleHeight="0.1" SelectionCapsuleZOffset="-1.3" />
    <ProjectileCollision ProjectileCapsuleRadius="2.0" ProjectileCapsuleHeight="5.0" CanSnapOnCenterWhenColliding="0" />
  </Capsules>
  <BoneParticles>
    <BoneParticle BoneName="Bip01 R Hand" ParticleName="U_Monster.Primordiar.Primordiar_Guardian.Hand_Aura_01" Offset="0.5,0,0" Dir="1,0,0" Scale="1" />
    <BoneParticle BoneName="Bip01 L Hand" ParticleName="U_Monster.Primordiar.Primordiar_Guardian.Hand_Aura_01" Offset="-0.5,0,0" Dir="-1,0,0" Scale="1" />
    <BoneParticle BoneName="Bip01 Spine1" ParticleName="U_Monster.Primordiar.Primordiar_Guardian.Body_Aura_01" Offset="-0.5,0,0" Dir="1,0,0" Scale="1" />
  </BoneParticles>
  <BoneParticles />
  <VisualParams>
    <HitParticleParams BaseHitScale="1" DirectionalHitScale="1" CriticalHitScale="1" />
    <BloodDecals Preset="" OverrideScale="1" />
  </VisualParams>
  <Audio SwitchSoundName="" SurfaceType="metal" />
</MetaData>