<MetaData>
  <BaseEntity ID="Sirkis" EntityName="svriir_alpha" Scale="1.33" CanKillAllies="0" />
  <Faction Name="Svriirs" />
  <Keywords Value="svri,melee,fire,boss" />
  <SpawnClassParams SpawnLevelMin="1" SpawnLevelMax="60" SpawnWeight="1" />
  <Attributes Archetype="archetype_elite" HealthModifier="3" DamageModifier="1.3" XPModifier="3" Protection="" />
  <Movement MovementSpeed="4.5" WalkSpeed="4.5" />
  <InterruptionParams InterruptChance="0" />
  <StunParams IgnoreStunChance="0" StunCooldown="6" FreezeCooldown="6" />
  <BlownAwayParams CanBeBlownAway="1" BlownAwayAnimationTag="" />
  <DefaultBossModifiers />
  <LootClass>
    <Loot Class="LC_Sirkis" fProba="1" />
  </LootClass>
  <AliveLootPreset Name="AliveLoot_Boss" />
  <Corpses PresetName="EliteCadaverPreset" />
  <BasicAIParams ClampToNavmesh="1" MaxTurnRate="360" UseAvoidance="0" />
  <Kythera>
    <Behavior Name="Generic" />
    <BT FleeOnLowHealthChance="0.0" EngageRange="30.0" MeleeAttack="True" FallBack="False" IdleWander="False" />
    <Movement ClampToNavMesh="True" />
    <Perception>
      <Proximity DayMaxDistance="30" NightMaxDistance="30" DetectionTime="0.01" />
    </Perception>
    <Target SticknessBias="30.0" DistanceBias="6.0" DamageBias="0.0" AggressionBias="1.0" AggressionDecay="10.0" Category="None" />
  </Kythera>
  <Skills>
    <DefaultBasicAttack />
    <Offensive>
      <Skill Name="AI_sirkis_roar_omegas" Orientated="BeforeCast" Interruptible="False" Enabled="True" BaseWeight="9999.0">
        <Range Min="0.1" Preferred="8.0" Max="30.0" MinWeight="0.0" PreferredWeight="0.0" MaxWeight="0.0" />
        <Health Min="0.0" Max="0.9" Weight="0.0" />
        <Target ShieldWeight="0.0" RangedWeight="0.0" MeleeWeight="0.0">
          <Health Min="0.0" Max="1.0" Weight="0.0" />
        </Target>
      </Skill>
      <Skill Name="AI_sirkis_roar_spitters" Orientated="BeforeCast" Interruptible="False" Enabled="True" BaseWeight="9999.0">
        <Range Min="0.1" Preferred="8.0" Max="30.0" MinWeight="0.0" PreferredWeight="0.0" MaxWeight="0.0" />
        <Health Min="0.0" Max="0.5" Weight="0.0" />
        <Target ShieldWeight="0.0" RangedWeight="0.0" MeleeWeight="0.0">
          <Health Min="0.0" Max="1.0" Weight="0.0" />
        </Target>
      </Skill>
      <Skill Name="AI_SvriirAlpha_atk_01" Orientated="BeforeCast" Interruptible="False" Enabled="True" BaseWeight="1.0">
        <Range Min="0.1" Preferred="3.0" Max="4.0" MinWeight="0.0" PreferredWeight="0.0" MaxWeight="0.0" />
        <Health Min="0.0" Max="1.0" Weight="0.0" />
        <Target ShieldWeight="0.0" RangedWeight="0.0" MeleeWeight="0.0">
          <Health Min="0.0" Max="1.0" Weight="0.0" />
        </Target>
      </Skill>
      <Skill Name="AI_svriiralpha_firebreath" Orientated="BeforeCast" Interruptible="False" Enabled="True" BaseWeight="0.5">
        <Range Min="2.0" Preferred="4.0" Max="10.0" MinWeight="0.0" PreferredWeight="0.0" MaxWeight="0.0" />
        <Health Min="0.0" Max="1.0" Weight="0.0" />
        <Target ShieldWeight="0.0" RangedWeight="0.0" MeleeWeight="0.0">
          <Health Min="0.0" Max="1.0" Weight="0.0" />
        </Target>
      </Skill>
      <Skill Name="AI_svriiralpha_firebreath_arcshape" Orientated="BeforeCast" Interruptible="False" Enabled="True" BaseWeight="0.5">
        <Range Min="4.0" Preferred="8.0" Max="10.0" MinWeight="0.0" PreferredWeight="0.0" MaxWeight="0.0" />
        <Health Min="0.0" Max="1.0" Weight="0.0" />
        <Target ShieldWeight="0.0" RangedWeight="0.0" MeleeWeight="0.0">
          <Health Min="0.0" Max="1.0" Weight="0.0" />
        </Target>
      </Skill>
      <Skill Name="AI_svriiralpha_clawsadvance" Orientated="BeforeCast" Interruptible="False" Enabled="True" BaseWeight="3.0">
        <Range Min="3.0" Preferred="3.0" Max="5.0" MinWeight="0.0" PreferredWeight="0.0" MaxWeight="0.0" />
        <Health Min="0.0" Max="1.0" Weight="0.0" />
        <Target ShieldWeight="0.0" RangedWeight="0.0" MeleeWeight="0.0">
          <Health Min="0.0" Max="1.0" Weight="0.0" />
        </Target>
      </Skill>
      <Skill Name="AI_svriiralpha_jumpattack" Orientated="BeforeCast" Interruptible="False" Enabled="True" BaseWeight="2.0">
        <Range Min="6.0" Preferred="8.0" Max="14.0" MinWeight="0.0" PreferredWeight="0.0" MaxWeight="0.0" />
        <Health Min="0.0" Max="1.0" Weight="0.0" />
        <Target ShieldWeight="0.0" RangedWeight="0.0" MeleeWeight="0.0">
          <Health Min="0.0" Max="1.0" Weight="0.0" />
        </Target>
      </Skill>
    </Offensive>
    <Approach />
  </Skills>
  <HUD UIName="@ui_AIName_Svriirs_FireAlpha_B" ZIconOffset="5.0" />
  <Spawn SpawnAnimation="rise_out_ground" TransparencyAtSpawn="0" />
  <Death UseDeathAnimation="1" DeathSkill="" />
  <GameplayParticles PresetName="size_Alpha" />
  <Capsules>
    <EntityPhysics ColliderSize="1.85,1.85,0.5" />
    <MouseSelection SelectionCapsuleRadius="3" SelectionCapsuleHeight="0.2" SelectionCapsuleZOffset="-1.5" />
    <ProjectileCollision ProjectileCapsuleRadius="2.2" ProjectileCapsuleHeight="5.0" CanSnapOnCenterWhenColliding="0" />
  </Capsules>
  <VisualParams>
    <HitParticleParams BaseHitScale="1" DirectionalHitScale="1" CriticalHitScale="1" />
    <BloodDecals Preset="default" OverrideScale="1" />
  </VisualParams>
  <Audio SwitchSoundName="Svriir_Alpha_voice" />
</MetaData>