<MetaData>
  <BaseEntity ID="StormfallRefugee" EntityName="stormfall_conscript" Scale="1" CanKillAllies="0" />
  <Faction Name="PlayerFriendly" />
  <Keywords Value="trash,melee,physical" />
  <SpawnClassParams SpawnLevelMin="1" SpawnLevelMax="60" SpawnWeight="1" CombatPointValueMultiplier="1" />
  <Attributes Archetype="archetype_trash" HealthModifier="1" DamageModifier="1" XPModifier="1" Protection="" />
  <Movement MovementSpeed="5" WalkSpeed="5" />
  <InterruptionParams InterruptChance="0.05" />
  <StunParams IgnoreStunChance="0" StunCooldown="6" FreezeCooldown="6" />
  <BlownAwayParams CanBeBlownAway="1" BlownAwayAnimationTag="" />
  <DefaultBossModifiers />
  <Corpses PresetName="TrashCadaverPreset" />
  <BasicAIParams ClampToNavmesh="1" MaxTurnRate="360" UseAvoidance="1" />
  <Kythera>
    <Behavior Name="Warrior" />
    <BT FleeOnLowHealthChance="0.0" EngageRange="10.0" MeleeAttack="True" FallBack="True" IdleWander="False" />
    <Movement ClampToNavMesh="True" Avoidance="True" />
    <Target SticknessBias="30.0" DistanceBias="6.0" DamageBias="0.0" AggressionBias="1.0" AggressionDecay="10.0" Category="None" />
  </Kythera>
  <Skills>
    <DefaultBasicAttack>
      <Skill Name="AI_NPC_Stormfall_Guard_Conscript_DefaultAttack" Orientated="BeforeCast" Interruptible="False" Enabled="True" BaseWeight="1.0">
        <Range Min="0.1" Preferred="3" Max="4" MinWeight="0.0" PreferredWeight="0.0" MaxWeight="0.0" />
      </Skill>
    </DefaultBasicAttack>
  </Skills>
  <RandomModel>
    <ModelChoice Model="Objects/characters/npc/Tertiary/Conscript/Male/NPC_MH_Conscript_01.cdf" Weight="1">
      <ADBChoice ADB="Animations/Mannequin/ADB/NPC/NPC_MH_Conscript_01.adb" Weight="1" />
    </ModelChoice>
    <ModelChoice Model="Objects/characters/npc/Tertiary/Conscript/Male/NPC_MH_Conscript_02.cdf" Weight="1">
      <ADBChoice ADB="Animations/Mannequin/ADB/NPC/NPC_MH_Conscript_01.adb" Weight="1" />
    </ModelChoice>
    <ModelChoice Model="Objects/characters/npc/Tertiary/Conscript/Male/NPC_MH_Conscript_03.cdf" Weight="1">
      <ADBChoice ADB="Animations/Mannequin/ADB/NPC/NPC_MH_Conscript_01.adb" Weight="1" />
    </ModelChoice>
  </RandomModel>
  <HUD UIName="@ui_AIName_Stormfall_StormfallRefugee" ZIconOffset="2.5" />
  <Spawn SpawnAnimation="rise_out_ground_fast" TransparencyAtSpawn="0" />
  <Death UseDeathAnimation="0.1" DeathSkill="" />
  <GameplayParticles PresetName="size_medium" />
  <Capsules>
    <EntityPhysics ColliderSize="0.5,0.5,0.5" IsPushable="0" RagdollMass="275" />
    <MouseSelection SelectionCapsuleRadius="1.0" SelectionCapsuleHeight="1.0" SelectionCapsuleZOffset="-0.40" />
    <ProjectileCollision ProjectileCapsuleRadius="1.0" ProjectileCapsuleHeight="4.0" CanSnapOnCenterWhenColliding="1" />
  </Capsules>
  <VisualParams>
    <HitParticleParams BaseHitScale="1" DirectionalHitScale="1" CriticalHitScale="1" />
    <BloodDecals Preset="default" OverrideScale="1" />
  </VisualParams>
  <Audio AllowGroupSounds="1" SwitchSoundName="Outlaw_voice" />
</MetaData>