<MetaData>
  <BaseEntity ID="CultOfSouls_MiniSpecter_aether" EntityName="cultofsouls_minispecter_umbra" Scale="0.7" CanKillAllies="0" />
  <Faction Name="CultOfSouls" />
  <Keywords Value="coss,undead,trash,umbra,melee" />
  <SpawnClassParams SpawnLevelMin="1" SpawnLevelMax="60" SpawnWeight="1" CombatPointValueMultiplier="1" />
  <Attributes Archetype="archetype_trash" HealthModifier="1.0" DamageModifier="1.0" XPModifier="1" Protection="" />
  <Movement MovementSpeed="5" WalkSpeed="5" />
  <InterruptionParams InterruptChance="0.05" />
  <StunParams IgnoreStunChance="0" StunCooldown="6" FreezeCooldown="6" />
  <BlownAwayParams CanBeBlownAway="1" BlownAwayAnimationTag="" />
  <DefaultBossModifiers />
  <LootClass>
    <Loot Class="LC_trash" fProba="1" />
  </LootClass>
  <AliveLootPreset Name="AliveLoot_Trash" />
  <Corpses PresetName="TrashCorpsePreset" />
  <BasicAIParams ClampToNavmesh="1" MaxTurnRate="360" UseAvoidance="0" />
  <Kythera>
    <Behavior Name="Warrior" />
    <Perception>
      <Proximity />
    </Perception>
    <BT FleeOnLowHealthChance="0.0" EngageRange="10.0" MeleeAttack="True" FallBack="True" IdleWander="False" />
    <Movement ClampToNavMesh="True" />
    <Target SticknessBias="30.0" DistanceBias="6.0" DamageBias="0.0" AggressionBias="1.0" AggressionDecay="10.0" Category="Melee" />
  </Kythera>
  <Skills>
    <DefaultBasicAttack>
      <Skill Name="AI_COSS_MiniSpecter_Aether_DefaultAttack01" Orientated="BeforeCast" Interruptible="False" Enabled="True" BaseWeight="1.0">
        <Range Min="0.1" Preferred="2.0" Max="4.0" MinWeight="0.0" PreferredWeight="0.0" MaxWeight="0.0" />
        <Health Min="0.0" Max="1.0" Weight="0.0" />
        <Target ShieldWeight="0.0" RangedWeight="0.0" MeleeWeight="0.0">
          <Health Min="0.0" Max="1.0" Weight="0.0" />
        </Target>
      </Skill>
    </DefaultBasicAttack>
    <Offensive />
    <Approach />
  </Skills>
  <HUD UIName="@ui_AIName_CoS_Specter_Aether" ZIconOffset="2.7" />
  <Spawn SpawnAnimation="rise_out_ground" TransparencyAtSpawn="0" />
  <Death UseDeathAnimation="1" DeathSkill="" />
  <GameplayParticles PresetName="size_MiniSpecter" />
  <Capsules>
    <EntityPhysics ColliderSize="0.5,0.5,0.5" IsPushable="0" RagdollMass="225" />
    <MouseSelection SelectionCapsuleRadius="1.0" SelectionCapsuleHeight="1.0" SelectionCapsuleZOffset="-0.40" />
    <ProjectileCollision ProjectileCapsuleRadius="1.0" ProjectileCapsuleHeight="4.0" CanSnapOnCenterWhenColliding="1" />
  </Capsules>
  <BoneParticles>
    <BoneParticle BoneName="Bip01 R Hand" ParticleName="U_Monster.Specter.WeaponAura_Umbra_01" Offset="0.33,-0.4,0.05" Dir="0,1,0" Scale="1" />
    <BoneParticle BoneName="Bip01 L Hand" ParticleName="U_Monster.Specter.WeaponAura_Umbra_01" Offset="-0.33,0.4,-0.05" Dir="0,1,0" Scale="1" />
  </BoneParticles>
  <VisualParams>
    <HitParticleParams BaseHitScale="1" DirectionalHitScale="1" CriticalHitScale="1" />
    <BloodDecals Preset="default" OverrideScale="1" />
  </VisualParams>
  <Audio AllowGroupSounds="0" SwitchSoundName="Spectre_Mini_voice" />
</MetaData>