<MetaData>
  <BaseEntity ID="CultOfSouls_Butcher" EntityName="cultofsouls_butcher" Scale="1.0" CanKillAllies="0" />
  <Faction Name="CultOfSouls" />
  <Keywords Value="coss,undead,elite,frost,melee" />
  <SpawnClassParams SpawnLevelMin="1" SpawnLevelMax="60" SpawnWeight="1" CombatPointValueMultiplier="1.3" />
  <Attributes Archetype="archetype_elite" HealthModifier="1.0" DamageModifier="1.0" XPModifier="1" Protection="" />
  <Movement MovementSpeed="3" WalkSpeed="3" />
  <InterruptionParams InterruptChance="0.00" />
  <StunParams IgnoreStunChance="0" StunCooldown="8" FreezeCooldown="8" />
  <BlownAwayParams CanBeBlownAway="0" BlownAwayAnimationTag="" />
  <DefaultBossModifiers />
  <LootClass>
    <Loot Class="LC_elite" fProba="1" />
  </LootClass>
  <AliveLootPreset Name="AliveLoot_Elite" />
  <Corpses PresetName="EliteCadaverPreset" />
  <BasicAIParams ClampToNavmesh="1" MaxTurnRate="360" UseAvoidance="0" />
  <Kythera>
    <Behavior Name="Generic" />
    <BT FleeOnLowHealthChance="0.0" EngageRange="10.0" MeleeAttack="True" FallBack="True" IdleWander="False" />
    <Movement ClampToNavMesh="True" />
    <Target SticknessBias="30.0" DistanceBias="6.0" DamageBias="0.0" AggressionBias="1.0" AggressionDecay="10.0" Category="None" />
  </Kythera>
  <Skills>
    <DefaultBasicAttack>
      <Skill Name="AI_CultOfSouls_Butcher_DefaultAttack" Orientated="BeforeCast" Interruptible="False" Enabled="False" BaseWeight="1.0">
        <Range Min="0.1" Preferred="3.0" Max="3.0" MinWeight="0.0" PreferredWeight="0.0" MaxWeight="0.0" />
        <Health Min="0.0" Max="1.0" Weight="0.0" />
        <Target ShieldWeight="0.0" RangedWeight="0.0" MeleeWeight="0.0">
          <Health Min="0.0" Max="1.0" Weight="0.0" />
        </Target>
      </Skill>
      <Skill Name="AI_cultofsouls_butcher_bellyattack" Orientated="BeforeCast" Interruptible="False" Enabled="True" BaseWeight="3.0">
        <Range Min="1.0" Preferred="3.5" Max="7.0" MinWeight="4.0" PreferredWeight="2.0" MaxWeight="0.0" />
        <Health Min="0.0" Max="1.0" Weight="0.0" />
        <Target ShieldWeight="0.0" RangedWeight="0.0" MeleeWeight="0.0">
          <Health Min="0.0" Max="1.0" Weight="0.0" />
        </Target>
      </Skill>
    </DefaultBasicAttack>
    <Offensive>
      <Skill Name="AI_cultofsouls_butcher_multislash" Orientated="BeforeCast" Interruptible="False" Enabled="True" BaseWeight="1.0">
        <Range Min="1.0" Preferred="3.0" Max="6.0" MinWeight="1.0" PreferredWeight="3.0" MaxWeight="1.0" />
        <Health Min="0.0" Max="1.0" Weight="0.0" />
        <Target ShieldWeight="0.0" RangedWeight="0.0" MeleeWeight="0.0">
          <Health Min="0.0" Max="1.0" Weight="0.0" />
        </Target>
      </Skill>
      <Skill Name="AI_coss_butcher_soulvortex" Orientated="BeforeCast" Interruptible="False" Enabled="True" BaseWeight="1.0">
        <Range Min="1.0" Preferred="3.0" Max="6.0" MinWeight="1.0" PreferredWeight="3.0" MaxWeight="1.0" />
        <Health Min="0.0" Max="1.0" Weight="0.0" />
        <Target ShieldWeight="0.0" RangedWeight="0.0" MeleeWeight="0.0">
          <Health Min="0.0" Max="1.0" Weight="0.0" />
        </Target>
      </Skill>
      <Skill Name="AI_cultofsouls_butcher_soulmeat" Orientated="BeforeCast" Interruptible="False" Enabled="True" BaseWeight="1.0">
        <Range Min="5.0" Preferred="12.0" Max="20.0" MinWeight="1.0" PreferredWeight="3.0" MaxWeight="1.0" />
        <Health Min="0.0" Max="1.0" Weight="0.0" />
        <Target ShieldWeight="0.0" RangedWeight="0.0" MeleeWeight="0.0">
          <Health Min="0.0" Max="1.0" Weight="0.0" />
        </Target>
      </Skill>
      <Skill Name="AI_cultofsouls_butcher_hook" Orientated="BeforeCast" Interruptible="False" Enabled="True" BaseWeight="0.0">
        <Range Min="4.0" Preferred="18.0" Max="18.0" MinWeight="0.0" PreferredWeight="5.0" MaxWeight="5.0" />
        <Health Min="0.0" Max="1.0" Weight="0.0" />
        <Target ShieldWeight="0.0" RangedWeight="0.0" MeleeWeight="0.0">
          <Health Min="0.0" Max="1.0" Weight="3.0" />
        </Target>
      </Skill>
    </Offensive>
    <Approach>
      <Skill Name="AI_cultofsouls_butcher_hook" Orientated="BeforeCast" Interruptible="False" Enabled="True" BaseWeight="1.0">
        <Range Min="6.5" Preferred="22.0" Max="22.0" MinWeight="0.0" PreferredWeight="0.0" MaxWeight="0.0" />
        <Health Min="0.0" Max="1.0" Weight="0.0" />
        <Target ShieldWeight="0.0" RangedWeight="0.0" MeleeWeight="0.0">
          <Health Min="0.0" Max="1.0" Weight="0.0" />
        </Target>
      </Skill>
    </Approach>
  </Skills>
  <HUD UIName="@ui_AIName_CoS_ZombieButcher" ZIconOffset="3.5" />
  <Spawn SpawnAnimation="rise_out_ground" TransparencyAtSpawn="0" />
  <Death UseDeathAnimation="1" DeathSkill="" />
  <GameplayParticles PresetName="size_Butcher" />
  <Capsules>
    <EntityPhysics ColliderSize="1.3,1.3,0.5" />
    <MouseSelection SelectionCapsuleRadius="2.4" SelectionCapsuleHeight="1.1" SelectionCapsuleZOffset="-1.0" />
    <ProjectileCollision ProjectileCapsuleRadius="2" ProjectileCapsuleHeight="8.0" CanSnapOnCenterWhenColliding="0" />
  </Capsules>
  <VisualParams>
    <HitParticleParams BaseHitScale="1" DirectionalHitScale="1" CriticalHitScale="1" />
    <BloodDecals Preset="default" OverrideScale="1" />
  </VisualParams>
  <Audio SwitchSoundName="butcher_voice" />
  <BoneParticles>
    <BoneParticle BoneName="Bip01 Spine1" ParticleName="AI_butcher.default.belly" Offset="-0.5,0.5,0" Dir="0,1,0" Scale="1" />
  </BoneParticles>
</MetaData>