<MetaData>
  <BaseEntity ID="CultOfSouls_LanternBearer" EntityName="cultofsouls_lanternbearer" Scale="1" CanKillAllies="0" />
  <Faction Name="CultOfSouls" />
  <Keywords Value="coss,damned,lieutenant,frost,melee" />
  <SpawnClassParams SpawnLevelMin="1" SpawnLevelMax="60" SpawnWeight="1" CombatPointValueMultiplier="1.5" />
  <Attributes Archetype="archetype_lieutenant" HealthModifier="2" DamageModifier="1.0" XPModifier="1" Protection="" />
  <Movement MovementSpeed="5" WalkSpeed="5" />
  <InterruptionParams InterruptChance="0.0" />
  <StunParams IgnoreStunChance="0" StunCooldown="6" FreezeCooldown="6" />
  <BlownAwayParams CanBeBlownAway="1" BlownAwayAnimationTag="" />
  <DefaultBossModifiers />
  <LootClass>
    <Loot Class="LC_lieutenant" fProba="1" />
  </LootClass>
  <AliveLootPreset Name="AliveLoot_Lieutenant" />
  <Corpses PresetName="LieutenantCadaverPreset" />
  <BasicAIParams ClampToNavmesh="1" MaxTurnRate="360" UseAvoidance="0" />
  <Kythera>
    <Behavior Name="Generic" />
    <BT FleeOnLowHealthChance="0.0" EngageRange="20.0" MeleeAttack="True" FallBack="True" IdleWander="False" />
    <Movement ClampToNavMesh="True" />
    <Target SticknessBias="30.0" DistanceBias="6.0" DamageBias="0.0" AggressionBias="1.0" AggressionDecay="10.0" Category="None" />
  </Kythera>
  <Skills>
    <DefaultBasicAttack />
    <Offensive>
      <Skill Name="AI_LanternBearer_DefaultAttack" Orientated="BeforeCast" Interruptible="False" Enabled="True" BaseWeight="1.0">
        <Range Min="0.1" Preferred="4.0" Max="7.0" MinWeight="0.0" PreferredWeight="0.0" MaxWeight="0.0" />
        <Health Min="0.0" Max="1.0" Weight="0.0" />
        <Target ShieldWeight="0.0" RangedWeight="0.0" MeleeWeight="0.0">
          <Health Min="0.0" Max="1.0" Weight="0.0" />
        </Target>
      </Skill>
      <Skill Name="AI_lanternbearer_soulswallow" Orientated="BeforeCast" Interruptible="False" Enabled="True" BaseWeight="1.0">
        <Range Min="4.0" Preferred="10.0" Max="10.0" MinWeight="0.0" PreferredWeight="0.0" MaxWeight="0.0" />
        <Health Min="0.0" Max="1.0" Weight="0.0" />
        <Target ShieldWeight="0.0" RangedWeight="0.0" MeleeWeight="0.0">
          <Health Min="0.0" Max="1.0" Weight="0.0" />
        </Target>
      </Skill>
      <Skill Name="AI_lanternbearer_soulrelease" Orientated="BeforeCast" Interruptible="False" Enabled="False" BaseWeight="0.0">
        <Range Min="0.1" Preferred="6.0" Max="20.0" MinWeight="0.0" PreferredWeight="0.0" MaxWeight="0.0" />
        <PreviousSkillWeights type="bb">
          <AI_lanternbearer_soulswallow type="bb">
            <ChainCooldown type="float" />
            <Weight type="float" />
          </AI_lanternbearer_soulswallow>
        </PreviousSkillWeights>
        <Health Min="0.0" Max="1.0" Weight="0.0" />
        <Target ShieldWeight="0.0" RangedWeight="0.0" MeleeWeight="0.0">
          <Health Min="0.0" Max="1.0" Weight="0.0" />
        </Target>
      </Skill>
    </Offensive>
    <Approach />
  </Skills>
  <HUD UIName="@ui_AIName_CoS_Tombearer" ZIconOffset="3.0" />
  <Spawn SpawnAnimation="rise_out_ground" TransparencyAtSpawn="0" />
  <Death UseDeathAnimation="1" DeathSkill="" />
  <GameplayParticles PresetName="size_Lanternbearer" />
  <Capsules>
    <EntityPhysics ColliderSize="1.0,1.0,0.5" IsPushable="0" />
    <MouseSelection SelectionCapsuleRadius="1.8" SelectionCapsuleHeight="0.5" SelectionCapsuleZOffset="-1.0" />
    <ProjectileCollision ProjectileCapsuleRadius="1.5" ProjectileCapsuleHeight="3.0" CanSnapOnCenterWhenColliding="0" />
  </Capsules>
  <BoneParticles>
    <BoneParticle BoneName="Bip01 Head" ParticleName="U_Monster.FrostVariation.Frost_Tombearer_EyesLight" Offset="0,0,0" Dir="0,1,0" Scale="1" />
    <BoneParticle BoneName="Bip01 Spine1" ParticleName="U_Monster.FrostVariation.Frost_Tombearer_01" Offset="0,0,0" Dir="0,1,0" Scale="1" />
    <BoneParticle BoneName="R_Weapon_Bone" ParticleName="U_Monster.FrostVariation.Frost_Tombearer_Weapon" Offset="0,2,0" Dir="0,1,0" Scale="1" />
  </BoneParticles>
  <VisualParams>
    <HitParticleParams BaseHitScale="1" DirectionalHitScale="1" CriticalHitScale="1" />
    <BloodDecals Preset="default" OverrideScale="1" />
  </VisualParams>
  <Audio SwitchSoundName="" />
</MetaData>