<MetaData>
  <BaseEntity ID="CultOfSouls_Corrupted_PrimordialArmor" EntityName="cultofsouls_corrupted_primordial_armor" Scale="1.0" CanKillAllies="0" />
  <Faction Name="CultOfSouls" />
  <Keywords Value="coss,damned,trash,frost,melee,heavy" />
  <SpawnClassParams SpawnLevelMin="1" SpawnLevelMax="60" SpawnWeight="1" CombatPointValueMultiplier="2.0" />
  <Attributes Archetype="archetype_trash" HealthModifier="4" DamageModifier="1.2" XPModifier="1" Protection="" />
  <Movement MovementSpeed="5" WalkSpeed="3" />
  <InterruptionParams InterruptChance="0.05" />
  <StunParams IgnoreStunChance="0" StunCooldown="6" FreezeCooldown="6" />
  <BlownAwayParams CanBeBlownAway="1" BlownAwayAnimationTag="" />
  <DefaultBossModifiers />
  <LootClass>
    <Loot Class="LC_trash" fProba="1" />
  </LootClass>
  <AliveLootPreset Name="AliveLoot_Trash" />
  <Corpses PresetName="TrashCadaverPreset" />
  <BasicAIParams ClampToNavmesh="1" MaxTurnRate="360" UseAvoidance="0" />
  <Kythera>
    <Behavior Name="Warrior" />
    <BT FleeOnLowHealthChance="0.0" EngageRange="10.0" MeleeAttack="True" FallBack="True" IdleWander="False" />
    <Movement ClampToNavMesh="True" />
    <Target SticknessBias="30.0" DistanceBias="6.0" DamageBias="0.0" AggressionBias="1.0" AggressionDecay="10.0" Category="Melee" />
  </Kythera>
  <Skills>
    <DefaultBasicAttack>
      <Skill Name="AI_CultOfSouls_PrimordialArmor_DefaultAttack01" Orientated="BeforeCast" Interruptible="False" Enabled="True" BaseWeight="1.0">
        <Range Min="0.1" Preferred="3.0" Max="3.0" MinWeight="0.0" PreferredWeight="0.0" MaxWeight="0.0" />
        <Health Min="0.0" Max="1.0" Weight="0.0" />
        <Target ShieldWeight="0.0" RangedWeight="0.0" MeleeWeight="0.0">
          <Health Min="0.0" Max="1.0" Weight="0.0" />
        </Target>
      </Skill>
      <Skill Name="AI_CultOfSouls_PrimordialArmor_DefaultAttack02" Orientated="BeforeCast" Interruptible="False" Enabled="True" BaseWeight="1.0">
        <Range Min="0.1" Preferred="3.0" Max="3.0" MinWeight="0.0" PreferredWeight="0.0" MaxWeight="0.0" />
        <Health Min="0.0" Max="1.0" Weight="0.0" />
        <Target ShieldWeight="0.0" RangedWeight="0.0" MeleeWeight="0.0">
          <Health Min="0.0" Max="1.0" Weight="0.0" />
        </Target>
      </Skill>
    </DefaultBasicAttack>
    <Approach />
  </Skills>
  <HUD UIName="@ui_AIName_CoS_TaintedPrimordialArmor" ZIconOffset="2.5" />
  <Spawn SpawnAnimation="rise_out_ground" TransparencyAtSpawn="0" />
  <Death UseDeathAnimation="1" DeathSkill="" CanUseDownState="1" CanSelfRevive="1" SpendReviveTokensIfSelfRevive="1" DownStateDuration="10" DownStateReviveDuration="10" DownSkill="AI_cultofsouls_primordialarmor_assemble" LifeWhileDownAsPercentOfTotalLife="0.5" DefaultReviveTokens="1" MaximumReviveTokens="1" />
  <GameplayParticles PresetName="size_PrimordialArmor" />
  <Capsules>
    <EntityPhysics ColliderSize="0.6,0.6,0.5" IsPushable="0" />
    <MouseSelection SelectionCapsuleRadius="1.2" SelectionCapsuleHeight="1.0" SelectionCapsuleZOffset="-0.4" />
    <ProjectileCollision ProjectileCapsuleRadius="1.2" ProjectileCapsuleHeight="3.0" CanSnapOnCenterWhenColliding="1" />
  </Capsules>
  <VisualParams>
    <HitParticleParams BaseHitScale="1" DirectionalHitScale="1" CriticalHitScale="1" />
    <BloodDecals Preset="" OverrideScale="1" />
  </VisualParams>
  <Audio SwitchSoundName="" SurfaceType="metal" />
</MetaData>