<MetaData>
  <LevelSheet Name="ACT1_SvriirCave" GameMode="adventure" Type="fixed_level">
    <PlayerSpawnPoints>
      <Entry EntityName="SpawnPoint_underTerrainRecover" />
    </PlayerSpawnPoints>
    <MonsterManager Name="MM_Beta_Farmsteads_Adventure" />
    <EntityManager Name="EM_Adventure_ACT1_SvriirCave" />
    <EnvironmentVisualVariations Choices="0" />
  </LevelSheet>
  <LevelSheet Name="ACT1_Highlands" GameMode="adventure" Type="fixed_level">
    <PlayerSpawnPoints>
      <Entry EntityName="SpawnPoint_underTerrainRecover" />
    </PlayerSpawnPoints>
    <MonsterManager Name="MM_Beta_Farmsteads_Adventure" />
    <EntityManager Name="EM_Adventure_ACT1_Highlands" />
    <EnvironmentVisualVariations Choices="0" />
  </LevelSheet>
  <LevelSheet Name="Stormfall" GameMode="adventure" Type="fixed_level" />
  <LevelSheet Name="ACT1_Farmstead" GameMode="adventure" Type="fixed_level">
    <PlayerSpawnPoints>
      <Entry EntityName="Adventure_PlayerSpawnPoints_Farmsteads_3" />
    </PlayerSpawnPoints>
    <MonsterManager Name="MM_Beta_Farmsteads_Adventure" />
    <EntityManager Name="EM_Adventure_ACT1_Farmstead" />
    <EnvironmentVisualVariations Choices="2" />
    <CameraVariations Angles="45" />
  </LevelSheet>
  <LevelSheet Name="ACT1_Svriir_Tribute_Storage" GameMode="adventure" Type="fixed_level" />
  <LevelSheet Name="ACT1_BanditOutpost" GameMode="adventure" Type="fixed_level">
    <PlayerSpawnPoints>
      <Entry EntityName="Adventure_PlayerSpawnPoints_BanditOutpost_1" />
    </PlayerSpawnPoints>
    <MonsterManager Name="MM_Beta_BanditOutpost_Adventure" />
    <EntityManager Name="EM_Adventure_ACT1_BanditOutpost" />
    <EnvironmentVisualVariations Choices="2" />
    <CameraVariations Angles="45" />
  </LevelSheet>
  <LevelSheet Name="ACT1_NecropolisPart1" GameMode="adventure" Type="fixed_level">
    <PlayerSpawnPoints>
      <Entry EntityName="Adventure_PlayerSpawnPoints_NecropolisPart1_1" />
    </PlayerSpawnPoints>
    <MonsterManager Name="MM_Beta_NecropolisPart1_Adventure" />
    <EntityManager Name="EM_Adventure_ACT1_NecropolisPart1" />
    <EnvironmentVisualVariations Choices="3" />
    <CameraVariations Angles="45" />
  </LevelSheet>
  <LevelSheet Name="ACT1_NecropolisPart2" GameMode="adventure" Type="fixed_level">
    <PlayerSpawnPoints>
      <Entry EntityName="Adventure_PlayerSpawnPoints_NecropolisPart2_1" />
    </PlayerSpawnPoints>
    <MonsterManager Name="MM_Beta_NecropolisPart2_Adventure" />
    <EntityManager Name="EM_Adventure_ACT1_NecropolisPart2" />
    <EnvironmentVisualVariations Choices="0" />
    <CameraVariations Angles="45" />
  </LevelSheet>
  <LevelSheet Name="ACT1_NecropolisPart3" GameMode="adventure" Type="fixed_level">
    <PlayerSpawnPoints>
      <Entry EntityName="Adventure_PlayerSpawnPoints_NecropolisPart3_1" />
    </PlayerSpawnPoints>
    <MonsterManager Name="MM_Beta_NecropolisPart3_Adventure" />
    <EntityManager Name="EM_Adventure_ACT1_NecropolisPart3" />
    <EnvironmentVisualVariations Choices="0" />
    <CameraVariations Angles="45" />
  </LevelSheet>
  <LevelSheet Name="ACT1_GloomValleyPart1" GameMode="adventure" Type="fixed_level">
    <PlayerSpawnPoints>
      <Entry EntityName="Adventure_PlayerSpawnPoints_GloomValleyPart1_1" />
    </PlayerSpawnPoints>
    <MonsterManager Name="MM_Beta_GloomValleyPart1_Adventure" />
    <EntityManager Name="EM_Adventure_ACT1_GloomValleyPart1" />
    <EnvironmentVisualVariations Choices="0" />
    <CameraVariations Angles="45" />
  </LevelSheet>
  <LevelSheet Name="ACT1_GloomValleyPart2" GameMode="adventure" Type="fixed_level">
    <PlayerSpawnPoints>
      <Entry EntityName="Adventure_PlayerSpawnPoints_GloomValleyPart2_1" />
    </PlayerSpawnPoints>
    <MonsterManager Name="MM_Beta_GloomValleyPart2_Adventure" />
    <EntityManager Name="EM_Adventure_ACT1_GloomValleyPart2" />
    <EnvironmentVisualVariations Choices="2" />
    <CameraVariations Angles="45" />
  </LevelSheet>
  <LevelSheet Name="ACT1_AnankisGate" GameMode="adventure" Type="fixed_level">
    <PlayerSpawnPoints>
      <Entry EntityName="SpawnPoint_underTerrainRecover" />
    </PlayerSpawnPoints>
    <MonsterManager Name="MM_Beta_Farmsteads_Adventure" />
    <EntityManager Name="EM_Adventure_ACT1_AnankisGate" />
    <EnvironmentVisualVariations Choices="0" />
  </LevelSheet>
  <LevelSheet Name="ACT1_AnankisCore" GameMode="adventure" Type="fixed_level">
    <PlayerSpawnPoints>
      <Entry EntityName="SpawnPoint_underTerrainRecover" />
    </PlayerSpawnPoints>
    <MonsterManager Name="MM_Beta_Farmsteads_Adventure" />
    <EntityManager Name="EM_Adventure_ACT1_AnankisCore" />
    <EnvironmentVisualVariations Choices="0" />
  </LevelSheet>
  <LevelSheet Name="ACT1_TemplarCamp" GameMode="adventure" Type="fixed_level">
    <PlayerSpawnPoints>
      <Entry EntityName="SpawnPoint_underTerrainRecover" />
    </PlayerSpawnPoints>
    <MonsterManager Name="MM_Beta_Farmsteads_Adventure" />
    <EntityManager Name="EM_Adventure_ACT1_TemplarCamp" />
    <EnvironmentVisualVariations Choices="0" />
  </LevelSheet>
  <LevelSheet Name="ACT1_SirkisArena" GameMode="adventure" Type="fixed_level">
    <PlayerSpawnPoints>
      <Entry EntityName="SpawnPoint_underTerrainRecover" />
    </PlayerSpawnPoints>
    <MonsterManager Name="MM_Beta_Farmsteads_Adventure" />
    <EntityManager Name="EM_Adventure_ACT1_SirkisArena" />
    <EnvironmentVisualVariations Choices="0" />
  </LevelSheet>
  <LevelSheet Name="ACT1_Palace" GameMode="adventure" Type="fixed_level">
    <PlayerSpawnPoints>
      <Entry EntityName="SpawnPoint_underTerrainRecover" />
    </PlayerSpawnPoints>
    <EnvironmentVisualVariations Choices="0" />
  </LevelSheet>
  <LevelSheet Name="ACT1_Tavern" GameMode="adventure" Type="fixed_level">
    <PlayerSpawnPoints>
      <Entry EntityName="SpawnPoint_underTerrainRecover" />
    </PlayerSpawnPoints>
    <EnvironmentVisualVariations Choices="0" />
  </LevelSheet>
  <LevelSheet Name="Beta_RandomSvriirLair_Adventure" GameMode="adventure" Type="random_dungeon">
    <MonsterManager Name="MM_Beta_RandomSvriirLair_Adventure" />
    <EntityManager Name="EM_Adventure_Beta_RandomSvriirLair" />
  </LevelSheet>
  <LevelSheet Name="Beta_RandomTPS_Adventure" GameMode="adventure" Type="random_dungeon">
    <MonsterManager Name="MM_Beta_RandomTPS_Adventure" />
    <EntityManager Name="EM_Adventure_Beta_RandomTPS" />
  </LevelSheet>
  <LevelSheet Name="Beta_RandomCave_Adventure" GameMode="adventure" Type="random_dungeon">
    <MonsterManager Name="MM_Beta_RandomCave_Adventure" />
    <EntityManager Name="EM_Adventure_Beta_RandomCave" />
  </LevelSheet>
  <LevelSheet Name="Beta_RandomNecropolis_Adventure" GameMode="adventure" Type="random_dungeon">
    <MonsterManager Name="MM_Beta_RandomNecropolis_Adventure" />
    <EntityManager Name="EM_Adventure_Beta_RandomNecropolis" />
  </LevelSheet>
  <LevelSheet Name="ACT1_Svriir_Network_1" GameMode="adventure" Type="random_dungeon" />
  <LevelSheet Name="ACT1_Svriir_Network_2" GameMode="adventure" Type="random_dungeon" />
  <LevelSheet Name="ACT1_Smuggler_Path" GameMode="adventure" Type="random_dungeon" />
  <LevelSheet Name="ACT1_Anankis_Halls_1" GameMode="adventure" Type="random_dungeon" />
  <LevelSheet Name="ACT1_Anankis_Halls_2" GameMode="adventure" Type="random_dungeon" />
  <LevelSheet Name="ACT1_Anankis_Halls_3" GameMode="adventure" Type="random_dungeon" />
  <LevelSheet Name="Beta_NPC2_Floor1" GameMode="adventure" Type="random_dungeon">
    <MonsterManager Name="MM_Beta_NPC2_Floor1" />
    <EntityManager Name="EM_Adventure_Beta_NPC2_Floor1" />
  </LevelSheet>
  <LevelSheet Name="Beta_NPC2_Floor2" GameMode="adventure" Type="random_dungeon">
    <MonsterManager Name="MM_Beta_NPC2_Floor2" />
    <EntityManager Name="EM_Adventure_Beta_NPC2_Floor2" />
  </LevelSheet>
  <LevelSheet Name="Beta_NPC2_Floor3" GameMode="adventure" Type="random_dungeon">
    <MonsterManager Name="MM_Beta_NPC2_Floor3" />
    <EntityManager Name="EM_Adventure_Beta_NPC2_Floor3" />
  </LevelSheet>
  <LevelSheet Name="Beta_NPC2_Floor4" GameMode="adventure" Type="random_dungeon">
    <MonsterManager Name="MM_Beta_NPC2_Floor4" />
    <EntityManager Name="EM_Adventure_Beta_NPC2_Floor4" />
  </LevelSheet>
  <LevelSheet Name="Beta_NPC2_Floor5" GameMode="adventure" Type="random_dungeon">
    <MonsterManager Name="MM_Beta_NPC2_Floor5" />
    <EntityManager Name="EM_Adventure_Beta_NPC2_Floor5" />
  </LevelSheet>
  <LevelSheet Name="Beta_NPC2_Floor6" GameMode="adventure" Type="random_dungeon">
    <MonsterManager Name="MM_Beta_NPC2_Floor6" />
    <EntityManager Name="EM_Adventure_Beta_NPC2_Floor6" />
  </LevelSheet>
  <LevelSheet Name="Beta_NPC2_Sarisel_Floor1" GameMode="adventure" Type="random_dungeon">
    <MonsterManager Name="MM_Beta_NPC2_Floor1" />
    <EntityManager Name="EM_Adventure_Beta_NPC2_Floor1" />
  </LevelSheet>
  <LevelSheet Name="Beta_NPC2_Sarisel_Floor2" GameMode="adventure" Type="random_dungeon">
    <MonsterManager Name="MM_Beta_NPC2_Floor2" />
    <EntityManager Name="EM_Adventure_Beta_NPC2_Floor2" />
  </LevelSheet>
  <LevelSheet Name="Beta_NPC2_Sarisel_Floor3" GameMode="adventure" Type="random_dungeon">
    <MonsterManager Name="MM_Beta_NPC2_Floor3" />
    <EntityManager Name="EM_Adventure_Beta_NPC2_Floor3" />
  </LevelSheet>
  <LevelSheet Name="Beta_NPC2_Sarisel_Floor4" GameMode="adventure" Type="random_dungeon">
    <MonsterManager Name="MM_Beta_NPC2_Floor4" />
    <EntityManager Name="EM_Adventure_Beta_NPC2_Floor4" />
  </LevelSheet>
  <LevelSheet Name="Beta_NPC2_Sarisel_Floor5" GameMode="adventure" Type="random_dungeon">
    <MonsterManager Name="MM_Beta_NPC2_Floor5" />
    <EntityManager Name="EM_Adventure_Beta_NPC2_Floor5" />
  </LevelSheet>
  <LevelSheet Name="Beta_NPC2_Sarisel_Floor6" GameMode="adventure" Type="random_dungeon">
    <MonsterManager Name="MM_Beta_NPC2_Floor6" />
    <EntityManager Name="EM_Adventure_Beta_NPC2_Floor6" />
  </LevelSheet>
</MetaData>