<MetaData>
  <LevelSheet Name="GameplayArea_Intro0" GameMode="campaign" Type="fixed_level">
    <PlayerSpawnPoints>
      <Entry EntityName="Qp_Intro_SpawnPointIntroduction1" />
    </PlayerSpawnPoints>
    <MonsterManager Name="MM_StoryMode_Act1_WreckCoast" />
    <EntityManager Name="EM_StoryMode_Act1_WreckCoast" />
    <EnvironmentVisualVariations Choices="0" />
    <CameraVariations Angles="-45" />
  </LevelSheet>
  <LevelSheet Name="GameplayArea_Intro1" GameMode="campaign" Type="fixed_level">
    <PlayerSpawnPoints>
      <Entry EntityName="Qp_Intro_SpawnPointIntroduction1" />
    </PlayerSpawnPoints>
    <MonsterManager Name="MM_StoryMode_Act1_WreckCoast" />
    <EntityManager Name="EM_StoryMode_Act1_WreckCoast" />
    <EnvironmentVisualVariations Choices="0" />
    <CameraVariations Angles="135" />
  </LevelSheet>
  <LevelSheet Name="GameplayArea_Intro2" GameMode="campaign" Type="fixed_level">
    <PlayerSpawnPoints>
      <Entry EntityName="Qp_Intro_SpawnPointIntroduction2" />
    </PlayerSpawnPoints>
    <MonsterManager Name="MM_StoryMode_Act1_WreckCoast" />
    <EntityManager Name="EM_StoryMode_Act1_WreckCoast" />
    <EnvironmentVisualVariations Choices="0" />
    <CameraVariations Angles="135" />
  </LevelSheet>
  <LevelSheet Name="GameplayArea_Intro3" GameMode="campaign" Type="fixed_level">
    <PlayerSpawnPoints>
      <Entry EntityName="Qp_Intro_SpawnPointIntroduction3" />
    </PlayerSpawnPoints>
    <MonsterManager Name="MM_StoryMode_Act1_WreckCoast" />
    <EntityManager Name="EM_StoryMode_Act1_WreckCoast" />
    <EnvironmentVisualVariations Choices="0" />
    <CameraVariations Angles="-135" />
  </LevelSheet>
  <LevelSheet Name="ACT1_SvriirCave" GameMode="campaign" Type="fixed_level">
    <PlayerSpawnPoints>
      <Entry EntityName="SpawnPoint_underTerrainRecover" />
    </PlayerSpawnPoints>
    <HUD UIName="@ui_act_1_coast_of_wrecks_name" />
    <MonsterManager Name="MM_StoryMode_Act1_WreckCoast" />
    <EntityManager Name="EM_StoryMode_Act1_WreckCoast" />
    <EnvironmentVisualVariations Choices="0" />
  </LevelSheet>
  <LevelSheet Name="ACT1_Highlands" GameMode="campaign" Type="fixed_level">
    <PlayerSpawnPoints>
      <Entry EntityName="SpawnPoint_underTerrainRecover" />
    </PlayerSpawnPoints>
    <HUD UIName="@ui_act_1_highlands_name" />
    <MonsterManager Name="MM_StoryMode_Act1_Highlands" />
    <EntityManager Name="EM_StoryMode_Act1_Highlands" />
    <EnvironmentVisualVariations Choices="0" />
  </LevelSheet>
  <LevelSheet Name="Stormfall" GameMode="campaign" Type="fixed_level">
    <HUD UIName="@ui_act_1_stormfall_name" />
  </LevelSheet>
  <LevelSheet Name="ACT1_Farmstead" GameMode="campaign" Type="fixed_level">
    <PlayerSpawnPoints>
      <Entry EntityName="SpawnPoint_underTerrainRecover" />
    </PlayerSpawnPoints>
    <HUD UIName="@ui_act_1_stormfall_farmlands_name" />
    <MonsterManager Name="MM_StoryMode_Act1_Farmlands" />
    <EntityManager Name="EM_StoryMode_Act1_Farmlands" />
    <EnvironmentVisualVariations Choices="2" />
  </LevelSheet>
  <LevelSheet Name="ACT1_Svriir_Network_1" GameMode="campaign" Type="random_dungeon">
    <HUD UIName="@ui_act_1_svriir_network_1_name" />
    <MonsterManager Name="MM_StoryMode_Act1_SvriirsNetwork1" />
    <EntityManager Name="EM_StoryMode_Act1_SvriirsNetwork1" />
  </LevelSheet>
  <LevelSheet Name="ACT1_Svriir_Tribute_Storage" GameMode="campaign" Type="fixed_level">
    <HUD UIName="@ui_act_1_svriir_tributes_storage_name" />
  </LevelSheet>
  <LevelSheet Name="ACT1_Republic_Camp" GameMode="campaign" Type="fixed_level">
    <PlayerSpawnPoints>
      <Entry EntityName="SpawnPoint_underTerrainRecover" />
    </PlayerSpawnPoints>
    <HUD UIName="@ui_act1_republic_camp_name" />
    <EnvironmentVisualVariations Choices="2" />
  </LevelSheet>
  <LevelSheet Name="ACT1_Svriir_Network_2" GameMode="campaign" Type="random_dungeon">
    <MonsterManager Name="MM_StoryMode_Act1_SvriirsNetwork2" />
    <EntityManager Name="EM_StoryMode_Act1_SvriirsNetwork2" />
    <HUD UIName="@ui_act_1_svriir_network_2_name" />
  </LevelSheet>
  <LevelSheet Name="ACT1_BanditOutpost" GameMode="campaign" Type="fixed_level">
    <PlayerSpawnPoints>
      <Entry EntityName="SpawnPoint_underTerrainRecover" />
    </PlayerSpawnPoints>
    <HUD UIName="@ui_act_1_flayer_outpost_name" />
    <MonsterManager Name="MM_StoryMode_Act1_FlayersOutpost" />
    <EntityManager Name="EM_StoryMode_Act1_FlayersOutpost" />
    <EnvironmentVisualVariations Choices="2" />
  </LevelSheet>
  <LevelSheet Name="ACT1_Forest" GameMode="campaign" Type="random_dungeon">
    <HUD UIName="@ui_act_1_green_bluffs_name" />
    <MonsterManager Name="MM_StoryMode_Act1_Forest" />
    <EntityManager Name="EM_StoryMode_Act1_Forest" />
  </LevelSheet>
  <LevelSheet Name="ACT1_Smuggler_Path" GameMode="campaign" Type="random_dungeon">
    <HUD UIName="@ui_act_1_smuggler_path_name" />
    <MonsterManager Name="MM_StoryMode_Act1_SmugglersPath" />
    <EntityManager Name="EM_StoryMode_Act1_SmugglersPath" />
  </LevelSheet>
  <LevelSheet Name="ACT1_NecropolisPart1" GameMode="campaign" Type="fixed_level">
    <PlayerSpawnPoints>
      <Entry EntityName="SpawnPoint_underTerrainRecover" />
    </PlayerSpawnPoints>
    <HUD UIName="@ui_act_1_necropolis_1_name" />
    <MonsterManager Name="MM_StoryMode_Act1_Necropolis1" />
    <EntityManager Name="EM_StoryMode_Act1_Necropolis1" />
    <EnvironmentVisualVariations Choices="3" />
    <CameraVariations Angles="45,30" />
  </LevelSheet>
  <LevelSheet Name="ACT1_NecropolisPart2" GameMode="campaign" Type="fixed_level">
    <PlayerSpawnPoints>
      <Entry EntityName="SpawnPoint_underTerrainRecover" />
    </PlayerSpawnPoints>
    <HUD UIName="@ui_act_1_necropolis_2_name" />
    <MonsterManager Name="MM_StoryMode_Act1_Necropolis2" />
    <EntityManager Name="EM_StoryMode_Act1_Necropolis2" />
    <EnvironmentVisualVariations Choices="0" />
  </LevelSheet>
  <LevelSheet Name="ACT1_NecropolisPart3" GameMode="campaign" Type="fixed_level">
    <PlayerSpawnPoints>
      <Entry EntityName="SpawnPoint_underTerrainRecover" />
    </PlayerSpawnPoints>
    <HUD UIName="@ui_act_1_necropolis_3_name" />
    <MonsterManager Name="MM_StoryMode_Act1_Necropolis3" />
    <EntityManager Name="EM_StoryMode_Act1_Necropolis3" />
    <EnvironmentVisualVariations Choices="0" />
  </LevelSheet>
  <LevelSheet Name="ACT1_AnankisGate" GameMode="campaign" Type="fixed_level">
    <PlayerSpawnPoints>
      <Entry EntityName="SpawnPoint_underTerrainRecover" />
    </PlayerSpawnPoints>
    <HUD UIName="@ui_act_1_gates_of_anankis_name" />
    <EnvironmentVisualVariations Choices="0" />
  </LevelSheet>
  <LevelSheet Name="ACT1_Anankis_Halls_1" GameMode="campaign" Type="fixed_level">
    <PlayerSpawnPoints>
      <Entry EntityName="SpawnPoint_underTerrainRecover" />
    </PlayerSpawnPoints>
    <HUD UIName="@ui_act_1_anankis_halls_1_name" />
    <MonsterManager Name="MM_StoryMode_Act1_TPS1" />
    <EntityManager Name="EM_StoryMode_Act1_TPS1" />
    <EnvironmentVisualVariations Choices="0" />
  </LevelSheet>
  <LevelSheet Name="ACT1_Anankis_Halls_2" GameMode="campaign" Type="random_dungeon">
    <HUD UIName="@ui_act_1_anankis_halls_2_name" />
    <MonsterManager Name="MM_StoryMode_Act1_TPS2" />
    <EntityManager Name="EM_StoryMode_Act1_TPS2" />
  </LevelSheet>
  <LevelSheet Name="ACT1_AnankisCore" GameMode="campaign" Type="fixed_level">
    <PlayerSpawnPoints>
      <Entry EntityName="SpawnPoint_underTerrainRecover" />
    </PlayerSpawnPoints>
    <HUD UIName="@ui_act_1_anankis_core_name" />
    <EnvironmentVisualVariations Choices="0" />
  </LevelSheet>
  <LevelSheet Name="ACT1_Anankis_Halls_3" GameMode="campaign" Type="random_dungeon">
    <MonsterManager Name="MM_StoryMode_Act1_TPS3" />
    <EntityManager Name="EM_StoryMode_Act1_TPS3" />
    <HUD UIName="@ui_act_1_anankis_halls_3_name" />
  </LevelSheet>
  <LevelSheet Name="ACT1_TemplarCamp" GameMode="campaign" Type="fixed_level">
    <PlayerSpawnPoints>
      <Entry EntityName="SpawnPoint_underTerrainRecover" />
    </PlayerSpawnPoints>
    <HUD UIName="@ui_act_1_ravaged_camp_name" />
    <EnvironmentVisualVariations Choices="0" />
  </LevelSheet>
  <LevelSheet Name="ACT1_SirkisArena" GameMode="campaign" Type="fixed_level">
    <PlayerSpawnPoints>
      <Entry EntityName="SpawnPoint_underTerrainRecover" />
    </PlayerSpawnPoints>
    <HUD UIName="@ui_act_1_sirkiss_lair_name" />
    <EnvironmentVisualVariations Choices="0" />
  </LevelSheet>
  <LevelSheet Name="ACT1_Palace" GameMode="campaign" Type="fixed_level">
    <PlayerSpawnPoints>
      <Entry EntityName="SpawnPoint_underTerrainRecover" />
    </PlayerSpawnPoints>
    <HUD UIName="@ui_act_1_palace_name" />
    <EnvironmentVisualVariations Choices="0" />
  </LevelSheet>
  <LevelSheet Name="ACT1_Tavern" GameMode="campaign" Type="fixed_level">
    <PlayerSpawnPoints>
      <Entry EntityName="SpawnPoint_underTerrainRecover" />
    </PlayerSpawnPoints>
    <HUD UIName="@ui_act_1_tavern_name" />
    <EnvironmentVisualVariations Choices="0" />
  </LevelSheet>
  <LevelSheet Name="ACT1_AnankisCoreOverlook" GameMode="campaign" Type="fixed_level">
    <PlayerSpawnPoints>
      <Entry EntityName="SpawnPoint_underTerrainRecover" />
    </PlayerSpawnPoints>
    <HUD UIName="@ui_act_1_anankis_core_overlook_name" />
    <EnvironmentVisualVariations Choices="0" />
  </LevelSheet>
</MetaData>