<MetaData>
  <LevelSheet Name="ACT2_VOS1" GameMode="campaign" Type="fixed_level">
    <PlayerSpawnPoints>
      <Entry EntityName="SpawnPoint_underTerrainRecover" />
    </PlayerSpawnPoints>
    <EnvironmentVisualVariations Choices="0" />
  </LevelSheet>
  <LevelSheet Name="ACT2_VOS2" GameMode="campaign" Type="fixed_level">
    <PlayerSpawnPoints>
      <Entry EntityName="SpawnPoint_underTerrainRecover" />
    </PlayerSpawnPoints>
    <EnvironmentVisualVariations Choices="0" />
  </LevelSheet>
  <LevelSheet Name="ACT2_Stormfall" GameMode="campaign" Type="fixed_level" />
  <LevelSheet Name="ACT2_InnerSanctum" GameMode="campaign" Type="fixed_level">
    <PlayerSpawnPoints>
      <Entry EntityName="SpawnPoint_underTerrainRecover" />
    </PlayerSpawnPoints>
    <EnvironmentVisualVariations Choices="0" />
  </LevelSheet>
  <LevelSheet Name="ACT2_Warlord_Lair" GameMode="campaign" Type="fixed_level">
    <PlayerSpawnPoints>
      <Entry EntityName="SpawnPoint_underTerrainRecover" />
    </PlayerSpawnPoints>
    <EnvironmentVisualVariations Choices="0" />
  </LevelSheet>
  <LevelSheet Name="ACT2_Templar_Camp" GameMode="campaign" Type="fixed_level" />
  <LevelSheet Name="ACT2_PS_Overlook" GameMode="campaign" Type="fixed_level" />
  <LevelSheet Name="ACT2_Flesh_Forest2" GameMode="campaign" Type="fixed_level">
    <PlayerSpawnPoints>
      <Entry EntityName="SpawnPoint_underTerrainRecover" />
    </PlayerSpawnPoints>
    <EnvironmentVisualVariations Choices="0" />
  </LevelSheet>
  <LevelSheet Name="ACT2_Flesh_Forest1" GameMode="campaign" Type="fixed_level">
    <PlayerSpawnPoints>
      <Entry EntityName="SpawnPoint_underTerrainRecover" />
    </PlayerSpawnPoints>
    <EnvironmentVisualVariations Choices="0" />
  </LevelSheet>
  <LevelSheet Name="ACT2_IC_Waypoint_Area" GameMode="campaign" Type="fixed_level" />
  <LevelSheet Name="ACT2_Lambach_P1_Arena" GameMode="campaign" Type="fixed_level" />
  <LevelSheet Name="ACT2_Lambach_P2_Arena" GameMode="campaign" Type="fixed_level" />
  <LevelSheet Name="ACT2_Flesh_City" GameMode="campaign" Type="fixed_level">
    <PlayerSpawnPoints>
      <Entry EntityName="SpawnPoint_underTerrainRecover" />
    </PlayerSpawnPoints>
    <EnvironmentVisualVariations Choices="0" />
  </LevelSheet>
  <LevelSheet Name="Act2_TempleOfJustice" GameMode="campaign" Type="random_dungeon">
    <MonsterManager Name="MM_StoryMode_Act1_SvriirsNetwork2" />
  </LevelSheet>
  <LevelSheet Name="Act2_IncubationChamber1" GameMode="campaign" Type="random_dungeon">
    <MonsterManager Name="MM_StoryMode_Act1_SvriirsNetwork2" />
  </LevelSheet>
  <LevelSheet Name="Act2_IncubationChamber2" GameMode="campaign" Type="random_dungeon">
    <MonsterManager Name="MM_StoryMode_Act1_SvriirsNetwork2" />
  </LevelSheet>
  <LevelSheet Name="Act2_SvriirCave" GameMode="campaign" Type="random_dungeon">
    <MonsterManager Name="MM_StoryMode_Act1_SvriirsNetwork2" />
  </LevelSheet>
</MetaData>