<RandomDungeon>
  <Dungeon Name="SvriirLair_Floor1" Architecture="SvriirLair" DungeonNextLevelEntityName="SvriirLair1_Exit" TileSize="100" LibraryPath="Prefabs/dungeon_svriirlair.xml" IsRoguelike="0" NumberOfCPTiles="4" IsSPOnlyConnectedToCP="1" MinimumNumberOfLoop="1" MaximumNumberOfLoop="1" MinimumNumberOfDeadEnd="0" MaximumNumberOfDeadEnd="0" MinimumLoopSize="2" MaximumLoopSize="2" MinimumDeadEndSize="1" MaximumDeadEndSize="1">
    <SpawnClassFamilies />
    <LevelSheetName Name="ACT1_Svriir_Network_1" />
    <Rendering>
      <Entry Weight="1">
        <Sun Longitude="10" Latitude="110" />
        <Tod Filename="tod_dungeon_generic_cave1.xml" Time="14" />
        <ColorGradient Texture="textures/colorcharts/svriirlair_cch.dds" Time="1" />
        <RimLight Color="251,183,100" Azimuth="250" Site="30" FresnelPower="1" FresnelMultiplier="1" Power="2" Multiplier="0.05" />
        <PlayerLights Toggles="2" />
        <CameraAngle Angles="45" />
      </Entry>
    </Rendering>
    <MusicState AudioSwitch="MusicStateBeta" AudioState="Svriir_Cave" />
  </Dungeon>
  <Tiles>
    <Entrance RandomSelection="1">
      <TypeN Weight="1">
        <Tile Name="EntranceStory" Weight="1" Minimum="0" Maximum="0" PositionOnCP="0" IsConvergencePoint="0" />
      </TypeN>
    </Entrance>
    <Exit RandomSelection="1">
      <TypeS Weight="1">
        <Tile Name="Exit1" Weight="1" Minimum="0" Maximum="0" PositionOnCP="0" IsConvergencePoint="0" />
      </TypeS>
    </Exit>
    <CP RandomSelection="1">
      <TypeNS Weight="1">
        <Tile Name="SoulTremor" Weight="1" Minimum="1" Maximum="1" PositionOnCP="4" IsConvergencePoint="1" StringLimitation="2" />
      </TypeNS>
      <TypeSW Weight="1">
        <Tile Name="1" Weight="1" Minimum="0" Maximum="0" PositionOnCP="0" IsConvergencePoint="0" StringLimitation="2" />
      </TypeSW>
      <TypeNW Weight="1">
        <Tile Name="1" Weight="1" Minimum="0" Maximum="0" PositionOnCP="0" IsConvergencePoint="0" StringLimitation="2" />
      </TypeNW>
      <TypeWE Weight="1">
        <Tile Name="1" Weight="1" Minimum="0" Maximum="0" PositionOnCP="0" IsConvergencePoint="0" StringLimitation="2" />
      </TypeWE>
      <TypeSE Weight="1">
        <Tile Name="1" Weight="1" Minimum="0" Maximum="0" PositionOnCP="0" IsConvergencePoint="0" StringLimitation="2" />
      </TypeSE>
      <TypeNE Weight="1">
        <Tile Name="1" Weight="1" Minimum="0" Maximum="0" PositionOnCP="0" IsConvergencePoint="0" StringLimitation="2" />
      </TypeNE>
    </CP>
    <SP RandomSelection="1">
      <TypeSW Weight="1">
        <Tile Name="1" Weight="1" Minimum="0" Maximum="0" PositionOnCP="0" IsConvergencePoint="0" StringLimitation="2" />
      </TypeSW>
      <TypeNW Weight="1">
        <Tile Name="1" Weight="1" Minimum="0" Maximum="0" PositionOnCP="0" IsConvergencePoint="0" StringLimitation="2" />
      </TypeNW>
      <TypeWE Weight="1">
        <Tile Name="1" Weight="1" Minimum="0" Maximum="0" PositionOnCP="0" IsConvergencePoint="0" StringLimitation="2" />
      </TypeWE>
      <TypeSE Weight="1">
        <Tile Name="1" Weight="1" Minimum="0" Maximum="0" PositionOnCP="0" IsConvergencePoint="0" StringLimitation="2" />
      </TypeSE>
      <TypeNE Weight="1">
        <Tile Name="1" Weight="1" Minimum="0" Maximum="0" PositionOnCP="0" IsConvergencePoint="0" StringLimitation="2" />
      </TypeNE>
    </SP>
    <CCP RandomSelection="1">
      <TypeNSW Weight="1">
        <Tile Name="1" Weight="1" Minimum="0" Maximum="0" PositionOnCP="0" IsConvergencePoint="0" StringLimitation="2" />
      </TypeNSW>
      <TypeNSE Weight="1">
        <Tile Name="1" Weight="1" Minimum="0" Maximum="0" PositionOnCP="0" IsConvergencePoint="0" StringLimitation="2" />
      </TypeNSE>
      <TypeNSWE Weight="1">
        <Tile Name="1" Weight="1" Minimum="0" Maximum="0" PositionOnCP="0" IsConvergencePoint="0" StringLimitation="2" />
      </TypeNSWE>
      <TypeNWE Weight="1">
        <Tile Name="1" Weight="1" Minimum="0" Maximum="0" PositionOnCP="0" IsConvergencePoint="0" StringLimitation="2" />
      </TypeNWE>
      <TypeSWE Weight="1">
        <Tile Name="1" Weight="1" Minimum="0" Maximum="0" PositionOnCP="0" IsConvergencePoint="0" StringLimitation="2" />
      </TypeSWE>
    </CCP>
    <CSP RandomSelection="1">
      <TypeNSW Weight="1">
        <Tile Name="1" Weight="1" Minimum="0" Maximum="0" PositionOnCP="0" IsConvergencePoint="0" StringLimitation="2" />
      </TypeNSW>
      <TypeNSE Weight="1">
        <Tile Name="1" Weight="1" Minimum="0" Maximum="0" PositionOnCP="0" IsConvergencePoint="0" StringLimitation="2" />
      </TypeNSE>
      <TypeNSWE Weight="1">
        <Tile Name="1" Weight="1" Minimum="0" Maximum="0" PositionOnCP="0" IsConvergencePoint="0" StringLimitation="2" />
      </TypeNSWE>
      <TypeNWE Weight="1">
        <Tile Name="1" Weight="1" Minimum="0" Maximum="0" PositionOnCP="0" IsConvergencePoint="0" StringLimitation="2" />
      </TypeNWE>
      <TypeSWE Weight="1">
        <Tile Name="1" Weight="1" Minimum="0" Maximum="0" PositionOnCP="0" IsConvergencePoint="0" StringLimitation="2" />
      </TypeSWE>
    </CSP>
    <DeadEnd RandomSelection="1">
      <TypeS Weight="1">
        <Tile Name="1" Weight="1" Minimum="0" Maximum="0" PositionOnCP="0" IsConvergencePoint="0" />
        <Tile Name="2" Weight="1" Minimum="0" Maximum="0" PositionOnCP="0" IsConvergencePoint="0" />
      </TypeS>
      <TypeN Weight="1">
        <Tile Name="1" Weight="1" Minimum="0" Maximum="0" PositionOnCP="0" IsConvergencePoint="0" />
      </TypeN>
      <TypeW Weight="1">
        <Tile Name="1" Weight="1" Minimum="0" Maximum="0" PositionOnCP="0" IsConvergencePoint="0" />
      </TypeW>
      <TypeE Weight="1">
        <Tile Name="1" Weight="1" Minimum="0" Maximum="0" PositionOnCP="0" IsConvergencePoint="0" />
      </TypeE>
    </DeadEnd>
  </Tiles>
</RandomDungeon>