<MetaData>
  <BaseEntity ID="PrimordialsGuardian" EntityName="primordials_guardian" Scale="1" CanKillAllies="0" />
  <Faction Name="Primordial" />
  <Keywords Value="undead,elite,range,frost" />
  <SpawnClassParams SpawnLevelMin="1" SpawnLevelMax="60" SpawnWeight="1" />
  <Attributes Archetype="archetype_elite" HealthModifier="1" DamageModifier="1" XPModifier="1" Protection="" />
  <Movement MovementSpeed="5" WalkSpeed="5" />
  <InterruptionParams InterruptChance="0.00" />
  <StunParams IgnoreStunChance="0" StunCooldown="6" FreezeCooldown="6" />
  <BlownAwayParams CanBeBlownAway="1" BlownAwayAnimationTag="" />
  <DefaultBossModifiers />
  <LootClass>
    <Loot Class="LC_elite" fProba="1" />
  </LootClass>
  <AliveLootPreset Name="AliveLoot_Elite" />
  <Corpses PresetName="EliteCadaverPreset" />
  <BasicAIParams ClampToNavmesh="1" MaxTurnRate="360" UseAvoidance="0" />
  <Kythera>
    <Behavior Name="Generic" />
    <BT FleeOnLowHealthChance="0.0" EngageRange="10.0" MeleeAttack="False" FallBack="True" IdleWander="False" />
    <Movement ClampToNavMesh="True" />
    <Target SticknessBias="30.0" DistanceBias="6.0" DamageBias="0.0" AggressionBias="1.0" AggressionDecay="10.0" Category="None" />
  </Kythera>
  <Skills>
    <DefaultBasicAttack />
    <Offensive />
    <Approach />
  </Skills>
  <HUD UIName="@ui_AIName_Primordial_Guardian" ZIconOffset="4.0" />
  <Spawn SpawnAnimation="" TransparencyAtSpawn="0" />
  <Death UseDeathAnimation="1" DeathSkill="" />
  <GameplayParticles PresetName="size_Primordialguardian" />
  <Capsules>
    <EntityPhysics ColliderSize="1.7,1.7,0.5" />
    <MouseSelection SelectionCapsuleRadius="2.5" SelectionCapsuleHeight="0.3" />
    <ProjectileCollision ProjectileCapsuleRadius="2.0" ProjectileCapsuleHeight="5.0" CanSnapOnCenterWhenColliding="0" />
  </Capsules>
  <BoneParticles />
  <VisualParams>
    <HitParticleParams BaseHitScale="1" DirectionalHitScale="1" CriticalHitScale="1" />
    <BloodDecals Preset="" OverrideScale="1" />
    <Spawn SpawnAnimation="rise_out_ground" TransparencyAtSpawn="0" />
  </VisualParams>
  <Audio SwitchSoundName="" SurfaceType="metal" />
</MetaData>