<MetaData>
  <Books>
    <Item DropWeight="1" GoldValue="1000" HUDPicture="book_necromancy.png" ItemType="Book" Keywords="book" Level="0" LevelPrereq="1" MaxDropLevel="60" MinDropLevel="1" Name="book_player_arrowsrain" Rarity="1" SkillLevelMax="1" SkillLevelMin="1" SkillParam1="player_arrowsrain" X_GridSize="1" Y_GridSize="1" />
    <Item DropWeight="1" GoldValue="1000" HUDPicture="book_necromancy.png" ItemType="Book" Keywords="book" Level="0" LevelPrereq="1" MaxDropLevel="60" MinDropLevel="1" Name="book_player_bladeslinger" Rarity="1" SkillLevelMax="1" SkillLevelMin="1" SkillParam1="player_bladeslinger" X_GridSize="1" Y_GridSize="1" />
    <Item DropWeight="1" GoldValue="1000" HUDPicture="book_necromancy.png" ItemType="Book" Keywords="book" Level="0" LevelPrereq="1" MaxDropLevel="60" MinDropLevel="1" Name="book_player_brutalstrike" Rarity="1" SkillLevelMax="1" SkillLevelMin="1" SkillParam1="player_brutalstrike" X_GridSize="1" Y_GridSize="1" />
    <Item DropWeight="1" GoldValue="1000" HUDPicture="book_necromancy.png" ItemType="Book" Keywords="book" Level="0" LevelPrereq="1" MaxDropLevel="60" MinDropLevel="1" Name="book_player_chainlightning" Rarity="1" SkillLevelMax="1" SkillLevelMin="1" SkillParam1="player_chainlightning" X_GridSize="1" Y_GridSize="1" />
    <Item DropWeight="1" GoldValue="1000" HUDPicture="book_necromancy.png" ItemType="Book" Keywords="book" Level="0" LevelPrereq="1" MaxDropLevel="60" MinDropLevel="1" Name="book_player_fireball" Rarity="1" SkillLevelMax="1" SkillLevelMin="1" SkillParam1="player_fireball" X_GridSize="1" Y_GridSize="1" />
    <Item DropWeight="1" GoldValue="1000" HUDPicture="book_necromancy.png" ItemType="Book" Keywords="book" Level="0" LevelPrereq="1" MaxDropLevel="60" MinDropLevel="1" Name="book_player_frostcomet" Rarity="1" SkillLevelMax="1" SkillLevelMin="1" SkillParam1="player_frostcomet" X_GridSize="1" Y_GridSize="1" />
    <Item DropWeight="1" GoldValue="1000" HUDPicture="book_necromancy.png" ItemType="Book" Keywords="book" Level="0" LevelPrereq="1" MaxDropLevel="60" MinDropLevel="1" Name="book_player_frostlance" Rarity="1" SkillLevelMax="1" SkillLevelMin="1" SkillParam1="player_frostlance" X_GridSize="1" Y_GridSize="1" />
    <Item DropWeight="1" GoldValue="1000" HUDPicture="book_necromancy.png" ItemType="Book" Keywords="book" Level="0" LevelPrereq="1" MaxDropLevel="60" MinDropLevel="1" Name="book_player_frostnova" Rarity="1" SkillLevelMax="1" SkillLevelMin="1" SkillParam1="player_frostnova" X_GridSize="1" Y_GridSize="1" />
    <Item DropWeight="1" GoldValue="1000" HUDPicture="book_necromancy.png" ItemType="Book" Keywords="book" Level="0" LevelPrereq="1" MaxDropLevel="60" MinDropLevel="1" Name="book_player_hook" Rarity="1" SkillLevelMax="1" SkillLevelMin="1" SkillParam1="player_hook" X_GridSize="1" Y_GridSize="1" />
    <Item DropWeight="1" GoldValue="1000" HUDPicture="book_necromancy.png" ItemType="Book" Keywords="book" Level="0" LevelPrereq="1" MaxDropLevel="60" MinDropLevel="1" Name="book_player_infiltration" Rarity="1" SkillLevelMax="1" SkillLevelMin="1" SkillParam1="player_infiltration" X_GridSize="1" Y_GridSize="1" />
    <Item DropWeight="1" GoldValue="1000" HUDPicture="book_necromancy.png" ItemType="Book" Keywords="book" Level="0" LevelPrereq="1" MaxDropLevel="60" MinDropLevel="1" Name="book_player_laceration" Rarity="1" SkillLevelMax="1" SkillLevelMin="1" SkillParam1="player_laceration" X_GridSize="1" Y_GridSize="1" />
    <Item DropWeight="1" GoldValue="1000" HUDPicture="book_necromancy.png" ItemType="Book" Keywords="book" Level="0" LevelPrereq="1" MaxDropLevel="60" MinDropLevel="1" Name="book_player_laser" Rarity="1" SkillLevelMax="1" SkillLevelMin="1" SkillParam1="player_laser" X_GridSize="1" Y_GridSize="1" />
    <Item DropWeight="1" GoldValue="1000" HUDPicture="book_necromancy.png" ItemType="Book" Keywords="book" Level="0" LevelPrereq="1" MaxDropLevel="60" MinDropLevel="1" Name="book_player_leap" Rarity="1" SkillLevelMax="1" SkillLevelMin="1" SkillParam1="player_leap" X_GridSize="1" Y_GridSize="1" />
    <Item DropWeight="1" GoldValue="1000" HUDPicture="book_necromancy.png" ItemType="Book" Keywords="book" Level="0" LevelPrereq="1" MaxDropLevel="60" MinDropLevel="1" Name="book_player_sacredground" Rarity="1" SkillLevelMax="1" SkillLevelMin="1" SkillParam1="player_sacredground" X_GridSize="1" Y_GridSize="1" />
    <Item DropWeight="1" GoldValue="1000" HUDPicture="book_necromancy.png" ItemType="Book" Keywords="book" Level="0" LevelPrereq="1" MaxDropLevel="60" MinDropLevel="1" Name="book_player_spreadshot" Rarity="1" SkillLevelMax="1" SkillLevelMin="1" SkillParam1="player_spreadshot" X_GridSize="1" Y_GridSize="1" />
    <Item DropWeight="1" GoldValue="1000" HUDPicture="book_necromancy.png" ItemType="Book" Keywords="book" Level="0" LevelPrereq="1" MaxDropLevel="60" MinDropLevel="1" Name="book_player_teleport" Rarity="1" SkillLevelMax="1" SkillLevelMin="1" SkillParam1="player_teleport" X_GridSize="1" Y_GridSize="1" />
    <Item DropWeight="1" GoldValue="1000" HUDPicture="book_necromancy.png" ItemType="Book" Keywords="book" Level="0" LevelPrereq="1" MaxDropLevel="60" MinDropLevel="1" Name="book_player_desintegration" Rarity="1" SkillLevelMax="1" SkillLevelMin="1" SkillParam1="player_desintegration" X_GridSize="1" Y_GridSize="1" />
  </Books>
</MetaData>