<MetaData>
  <Armors>
    <Item Name="Alchemist_Sash" UIName="@ui_Belt_Alchemist" ArmorType="Accessory" ItemType="Belt" MinDropLevel="1" MaxDropLevel="60" DropWeight="1" LevelPrereq="0" Level="1" ArmorMin="0" ArmorMax="0" DefaultAffix="implicit_life_belt" Keywords="accessory,belt," Rarity="1" StrPrereq="0" DexPrereq="0" ConstPrereq="0" PowPrereq="0" X_GridSize="1" Y_GridSize="1" HUDPicture="accessories/belt/belt_alchemist.png" MagicLevel="0" BodyPart="belt" GoldValue="1" />
    <Item Name="Heavy_Belt" UIName="@ui_Belt_Warrior" ArmorType="Accessory" ItemType="Belt" MinDropLevel="1" MaxDropLevel="60" DropWeight="1" LevelPrereq="0" Level="1" ArmorMin="0" ArmorMax="0" DefaultAffix="implicit_armor_belt" Keywords="accessory,belt,warrior," Rarity="1" StrPrereq="0" DexPrereq="0" ConstPrereq="0" PowPrereq="0" X_GridSize="1" Y_GridSize="1" HUDPicture="accessories/belt/belt_warrior.png" MagicLevel="0" BodyPart="belt" GoldValue="1" />
    <Item Name="Assassin_Waistband" UIName="@ui_Belt_Assassin" ArmorType="Accessory" ItemType="Belt" MinDropLevel="1" MaxDropLevel="60" DropWeight="1" LevelPrereq="0" Level="1" ArmorMin="0" ArmorMax="0" DefaultAffix="implicit_glocal_critical_chance_belt" Keywords="accessory,belt,rogue," Rarity="1" StrPrereq="0" DexPrereq="0" ConstPrereq="0" PowPrereq="0" X_GridSize="1" Y_GridSize="1" HUDPicture="accessories/belt/belt_assassin.png" MagicLevel="0" BodyPart="belt" GoldValue="1" />
    <Item Name="Gladiator_Belt" UIName="@ui_Belt_Gladiator" ArmorType="Accessory" ItemType="Belt" MinDropLevel="1" MaxDropLevel="60" DropWeight="1" LevelPrereq="0" Level="1" ArmorMin="1" ArmorMax="2" DefaultAffix="implicit_physical_damage_belt" Keywords="accessory,belt,warrior," Rarity="1" StrPrereq="0" DexPrereq="0" ConstPrereq="0" PowPrereq="0" X_GridSize="1" Y_GridSize="1" HUDPicture="accessories/belt/belt_gladiator.png" MagicLevel="0" BodyPart="belt" GoldValue="1" />
    <Item Name="Templar_Waistband" UIName="@ui_Belt_Templar" ArmorType="Accessory" ItemType="Belt" MinDropLevel="1" MaxDropLevel="60" DropWeight="1" LevelPrereq="0" Level="1" ArmorMin="0" ArmorMax="0" DefaultAffix="implicit_spell_damage_belt" Keywords="accessory,belt,mage,templar,merchant" Rarity="1" StrPrereq="0" DexPrereq="0" ConstPrereq="0" PowPrereq="0" X_GridSize="1" Y_GridSize="1" HUDPicture="accessories/belt/belt_warlock.png" MagicLevel="0" BodyPart="belt" GoldValue="1" AttachmentName="templar_belt" />
    <Item Name="Topaz_Ring" UIName="@ui_Ring_Topaz" ArmorType="Accessory" ItemType="Ring" MinDropLevel="1" MaxDropLevel="60" DropWeight="1" LevelPrereq="0" Level="1" ArmorMin="0" ArmorMax="0" DefaultAffix="implicit_fire_resistance_ring" Keywords="accessory,ring," Rarity="1" StrPrereq="0" DexPrereq="0" ConstPrereq="0" PowPrereq="0" X_GridSize="1" Y_GridSize="1" HUDPicture="accessories/ring/ring_attributes_yellow_tier1.png" MagicLevel="0" BodyPart="ring" GoldValue="1" />
    <Item Name="Aquamarine_Ring" UIName="@ui_Ring_Aquamarine" ArmorType="Accessory" ItemType="Ring" MinDropLevel="1" MaxDropLevel="60" DropWeight="1" LevelPrereq="0" Level="1" ArmorMin="0" ArmorMax="0" DefaultAffix="implicit_cold_resistance_ring" Keywords="accessory,ring," Rarity="1" StrPrereq="0" DexPrereq="0" ConstPrereq="0" PowPrereq="0" X_GridSize="1" Y_GridSize="1" HUDPicture="accessories/ring/ring_attributes_cyan_tier1.png" MagicLevel="0" BodyPart="ring" GoldValue="1" />
    <Item Name="Sapphire_Ring" UIName="@ui_Ring_Sapphire" ArmorType="Accessory" ItemType="Ring" MinDropLevel="1" MaxDropLevel="60" DropWeight="1" LevelPrereq="0" Level="1" ArmorMin="0" ArmorMax="0" DefaultAffix="implicit_lightning_resistance_ring" Keywords="accessory,ring," Rarity="1" StrPrereq="0" DexPrereq="0" ConstPrereq="0" PowPrereq="0" X_GridSize="1" Y_GridSize="1" HUDPicture="accessories/ring/ring_attributes_blue_tier1.png" MagicLevel="0" BodyPart="ring" GoldValue="1" />
    <Item Name="Emerald_Ring" UIName="@ui_Ring_Emerald" ArmorType="Accessory" ItemType="Ring" MinDropLevel="1" MaxDropLevel="60" DropWeight="1" LevelPrereq="0" Level="1" ArmorMin="0" ArmorMax="0" DefaultAffix="implicit_toxic_resistance_ring" Keywords="accessory,ring," Rarity="1" StrPrereq="0" DexPrereq="0" ConstPrereq="0" PowPrereq="0" X_GridSize="1" Y_GridSize="1" HUDPicture="accessories/ring/ring_attributes_green_tier1.png" MagicLevel="0" BodyPart="ring" GoldValue="1" />
    <Item Name="Ruby_Ring" UIName="@ui_Ring_Ruby" ArmorType="Accessory" ItemType="Ring" MinDropLevel="1" MaxDropLevel="60" DropWeight="1" LevelPrereq="0" Level="1" ArmorMin="0" ArmorMax="0" DefaultAffix="implicit_rend_resistance_ring" Keywords="accessory,ring," Rarity="1" StrPrereq="0" DexPrereq="0" ConstPrereq="0" PowPrereq="0" X_GridSize="1" Y_GridSize="1" HUDPicture="accessories/ring/ring_attributes_red_tier1.png" MagicLevel="0" BodyPart="ring" GoldValue="1" />
    <Item Name="Bloodstar_Ring" UIName="@ui_Ring_Bloodstar" ArmorType="Accessory" ItemType="Ring" MinDropLevel="1" MaxDropLevel="60" DropWeight="1" LevelPrereq="0" Level="1" ArmorMin="0" ArmorMax="0" DefaultAffix="implicit_life_ring" Keywords="accessory,ring," Rarity="1" StrPrereq="0" DexPrereq="0" ConstPrereq="0" PowPrereq="0" X_GridSize="1" Y_GridSize="1" HUDPicture="accessories/ring/ring_jewel.png" MagicLevel="0" BodyPart="ring" GoldValue="1" />
    <Item Name="Steel_Ring" UIName="@ui_Ring_Steel" ArmorType="Accessory" ItemType="Ring" MinDropLevel="1" MaxDropLevel="60" DropWeight="1" LevelPrereq="0" Level="1" ArmorMin="0" ArmorMax="0" DefaultAffix="implicit_global_critical_damage_ring" Keywords="accessory,ring," Rarity="1" StrPrereq="0" DexPrereq="0" ConstPrereq="0" PowPrereq="0" X_GridSize="1" Y_GridSize="1" HUDPicture="accessories/ring/ring_marksman.png" MagicLevel="0" BodyPart="ring" GoldValue="1" />
    <Item Name="Amethyst_Amulet" UIName="@ui_Amulet_Amethyst" ArmorType="Accessory" ItemType="Amulet" MinDropLevel="1" MaxDropLevel="60" DropWeight="1" LevelPrereq="0" Level="1" ArmorMin="0" ArmorMax="0" DefaultAffix="implicit_willpower_amulet" Keywords="accessory,amulet,mage," Rarity="1" StrPrereq="0" DexPrereq="0" ConstPrereq="0" PowPrereq="0" X_GridSize="1" Y_GridSize="1" HUDPicture="accessories/Amulet/amulet_4.png" MagicLevel="0" BodyPart="amulet" GoldValue="1" />
    <Item Name="Ruby_Amulet" UIName="@ui_Amulet_Ruby" ArmorType="Accessory" ItemType="Amulet" MinDropLevel="1" MaxDropLevel="60" DropWeight="1" LevelPrereq="0" Level="1" ArmorMin="0" ArmorMax="0" DefaultAffix="implicit_ferocity_amulet" Keywords="accessory,amulet,mage," Rarity="1" StrPrereq="0" DexPrereq="0" ConstPrereq="0" PowPrereq="0" X_GridSize="1" Y_GridSize="1" HUDPicture="accessories/Amulet/amulet_2.png" MagicLevel="0" BodyPart="amulet" GoldValue="1" />
    <Item Name="Goldstone_Amulet" UIName="@ui_Amulet_Goldstone" ArmorType="Accessory" ItemType="Amulet" MinDropLevel="1" MaxDropLevel="60" DropWeight="1" LevelPrereq="0" Level="1" ArmorMin="0" ArmorMax="0" DefaultAffix="implicit_toughness_amulet" Keywords="accessory,amulet,mage," Rarity="1" StrPrereq="0" DexPrereq="0" ConstPrereq="0" PowPrereq="0" X_GridSize="1" Y_GridSize="1" HUDPicture="accessories/Amulet/amulet_3.png" MagicLevel="0" BodyPart="amulet" GoldValue="1" />
    <Item Name="Emerald_Amulet" UIName="@ui_Amulet_Emerald" ArmorType="Accessory" ItemType="Amulet" MinDropLevel="1" MaxDropLevel="60" DropWeight="1" LevelPrereq="0" Level="1" ArmorMin="0" ArmorMax="0" DefaultAffix="implicit_agility_amulet" Keywords="accessory,amulet,mage," Rarity="1" StrPrereq="0" DexPrereq="0" ConstPrereq="0" PowPrereq="0" X_GridSize="1" Y_GridSize="1" HUDPicture="accessories/Amulet/amulet_7.png" MagicLevel="0" BodyPart="amulet" GoldValue="1" />
    <Item Name="Omnistar_Amulet" UIName="@ui_Amulet_Omnistar" ArmorType="Accessory" ItemType="Amulet" MinDropLevel="1" MaxDropLevel="60" DropWeight="1" LevelPrereq="0" Level="1" ArmorMin="0" ArmorMax="0" DefaultAffix="implicit_all_attributes_amulet" Keywords="accessory,amulet,mage," Rarity="1" StrPrereq="0" DexPrereq="0" ConstPrereq="0" PowPrereq="0" X_GridSize="1" Y_GridSize="1" HUDPicture="accessories/Amulet/amulet_1.png" MagicLevel="0" BodyPart="amulet" GoldValue="1" />
  </Armors>
</MetaData>