<MetaData>
  <Armors>
    <Item Name="Prisoner_Chest" UIName="@ui_Armor_Unique_Prisoner_Cuirass" ArmorType="prisoner" ItemType="Chest Armor" HealthBonusMin="10" HealthBonusMax="10" ArmorMin="0" ArmorMax="0" MinDropLevel="1" MaxDropLevel="5" DropWeight="2" LevelPrereq="1" ArmorPerLevel="0" ArmorEfficiencyMin="0" ArmorEfficiencyMax="0" Level="1" Keywords="armor,chest," Rarity="1" StrPrereq="0" DexPrereq="0" ConstPrereq="0" PowPrereq="0" X_GridSize="1" Y_GridSize="2" HUDPicture="unique_prisoner/unique_chestarmor_prisoner.png" MagicLevel="0" BodyPart="chest_armor" AttachmentName="u_prisoner_Chest" GoldValue="1" HideBodyPart="legs" />
    <Item Name="Prisoner_Armband" UIName="@ui_Armor_Unique_Prisoner_Armguard" ArmorType="prisoner" ItemType="Arm Armor" HealthBonusMin="2" HealthBonusMax="2" ArmorMin="0" ArmorMax="0" MinDropLevel="1" MaxDropLevel="5" DropWeight="3" LevelPrereq="1" ArmorPerLevel="0" ArmorEfficiencyMin="0" ArmorEfficiencyMax="0" Level="1" Keywords="armor,hand," Rarity="1" StrPrereq="0" DexPrereq="0" ConstPrereq="0" PowPrereq="0" X_GridSize="1" Y_GridSize="2" HUDPicture="unique_prisoner/unique_glove_prisoner.png" MagicLevel="0" BodyPart="arm" AttachmentName="u_prisoner_Arm" GoldValue="1" />
    <Item Name="Prisoner_Pants" UIName="@ui_Armor_Unique_Prisoner_Greaves" ArmorType="prisoner" ItemType="Leg Armor" HealthBonusMin="4" HealthBonusMax="4" ArmorMin="0" ArmorMax="0" MinDropLevel="1" MaxDropLevel="5" DropWeight="1" LevelPrereq="1" ArmorPerLevel="0" ArmorEfficiencyMin="0" ArmorEfficiencyMax="0" Level="1" Keywords="armor,legs," Rarity="1" StrPrereq="0" DexPrereq="0" ConstPrereq="0" PowPrereq="0" X_GridSize="1" Y_GridSize="2" HUDPicture="unique_prisoner/unique_pants_prisoner.png" MagicLevel="0" BodyPart="legs" AttachmentName="u_prisoner_Pant" GoldValue="1" />
    <Item Name="Prisoner_Boots" UIName="@ui_Armor_Unique_Prisoner_Sollerets" ArmorType="prisoner" ItemType="Foot Armor" HealthBonusMin="2" HealthBonusMax="2" ArmorMin="0" ArmorMax="0" MinDropLevel="1" MaxDropLevel="5" DropWeight="1" LevelPrereq="1" ArmorPerLevel="0" ArmorEfficiencyMin="0" ArmorEfficiencyMax="0" Level="1" Keywords="armor,feet," Rarity="1" StrPrereq="0" DexPrereq="0" ConstPrereq="0" PowPrereq="0" X_GridSize="1" Y_GridSize="2" HUDPicture="unique_prisoner/unique_boots_prisoner.png" MagicLevel="0" BodyPart="feet" AttachmentName="u_prisoner_Boots" GoldValue="1" />
    <Item Name="Veteran_Chest" UIName="@Ui_Veteran_Chest" ArmorType="prisoner" ItemType="Chest Armor" HealthBonusMin="10" HealthBonusMax="10" ArmorMin="0" ArmorMax="0" MinDropLevel="1" MaxDropLevel="5" DropWeight="2" LevelPrereq="1" ArmorPerLevel="0" ArmorEfficiencyMin="0" ArmorEfficiencyMax="0" Level="1" Keywords="armor,chest," Rarity="1" StrPrereq="0" DexPrereq="0" ConstPrereq="0" PowPrereq="0" X_GridSize="1" Y_GridSize="2" HUDPicture="unique_prisoner/unique_chestarmor_prisoner.png" MagicLevel="0" BodyPart="chest_armor" AttachmentName="u_veteran_Chest" GoldValue="1" HideBodyPart="legs" />
    <Item Name="Veteran_Armband" UIName="@Ui_Veteran_Armband" ArmorType="prisoner" ItemType="Arm Armor" HealthBonusMin="2" HealthBonusMax="2" ArmorMin="0" ArmorMax="0" MinDropLevel="1" MaxDropLevel="5" DropWeight="3" LevelPrereq="1" ArmorPerLevel="0" ArmorEfficiencyMin="0" ArmorEfficiencyMax="0" Level="1" Keywords="armor,hand," Rarity="1" StrPrereq="0" DexPrereq="0" ConstPrereq="0" PowPrereq="0" X_GridSize="1" Y_GridSize="2" HUDPicture="unique_prisoner/unique_glove_prisoner.png" MagicLevel="0" BodyPart="arm" AttachmentName="u_veteran_Arm" GoldValue="1" />
    <Item Name="Veteran_Pants" UIName="@ui_Veteran_Pants" ArmorType="prisoner" ItemType="Leg Armor" HealthBonusMin="4" HealthBonusMax="4" ArmorMin="0" ArmorMax="0" MinDropLevel="1" MaxDropLevel="5" DropWeight="1" LevelPrereq="1" ArmorPerLevel="0" ArmorEfficiencyMin="0" ArmorEfficiencyMax="0" Level="1" Keywords="armor,legs," Rarity="1" StrPrereq="0" DexPrereq="0" ConstPrereq="0" PowPrereq="0" X_GridSize="1" Y_GridSize="2" HUDPicture="unique_prisoner/unique_pants_prisoner.png" MagicLevel="0" BodyPart="legs" AttachmentName="u_veteran_Pant" GoldValue="1" />
    <Item Name="Veteran_Boots" UIName="@ui_Veteran_Boots" ArmorType="prisoner" ItemType="Foot Armor" HealthBonusMin="2" HealthBonusMax="2" ArmorMin="0" ArmorMax="0" MinDropLevel="1" MaxDropLevel="5" DropWeight="1" LevelPrereq="1" ArmorPerLevel="0" ArmorEfficiencyMin="0" ArmorEfficiencyMax="0" Level="1" Keywords="armor,feet," Rarity="1" StrPrereq="0" DexPrereq="0" ConstPrereq="0" PowPrereq="0" X_GridSize="1" Y_GridSize="2" HUDPicture="unique_prisoner/unique_boots_prisoner.png" MagicLevel="0" BodyPart="feet" AttachmentName="u_veteran_Boots" GoldValue="1" />
    <Item Name="Veteran_Helmet" UIName="@ui_Veteran_Helmet" ArmorType="prisoner" ItemType="Helmet" HealthBonusMin="5" HealthBonusMax="10" MinDropLevel="1" MaxDropLevel="5" DropWeight="1" LevelPrereq="0" Level="1" Keywords="armor,head," Rarity="1" StrPrereq="0" DexPrereq="0" ConstPrereq="0" PowPrereq="0" X_GridSize="1" Y_GridSize="2" HUDPicture="uniques/unique_helmet_gaalnazek.png" MagicLevel="0" BodyPart="helmet" AttachmentName="u_veteran_Helmet" ForceShieldMin="0" ForceShieldMax="0" AllResistanceMin="0" AllResistanceMax="0" />
    <Item Name="Veteran_Shoulder" UIName="@ui_Veteran_Shoulder" ArmorType="prisoner" ItemType="Shoulder Armor" HealthBonusMin="8" HealthBonusMax="10" MaxDropLevel="5" DropWeight="1" LevelPrereq="0" Level="1" Keywords="armor,shoulder," Rarity="1" StrPrereq="0" DexPrereq="0" ConstPrereq="0" PowPrereq="0" X_GridSize="1" Y_GridSize="2" HUDPicture="uniques/unique_pauldron_envoywar.png" MagicLevel="0" BodyPart="shoulder" AttachmentName="u_veteran_shoulder" ForceShieldMin="0" ForceShieldMax="0" AllResistanceMin="8" AllResistanceMax="10" />
    <Item Name="OutfitVeteran_Chest" UIName="@Ui_OutfitVeteran_Chest" ArmorType="prisoner" ItemType="Chest Armor" HealthBonusMin="10" HealthBonusMax="10" ArmorMin="0" ArmorMax="0" MinDropLevel="1" MaxDropLevel="5" DropWeight="2" LevelPrereq="1" ArmorPerLevel="0" ArmorEfficiencyMin="0" ArmorEfficiencyMax="0" Level="1" Keywords="armor,chest," Rarity="1" StrPrereq="0" DexPrereq="0" ConstPrereq="0" PowPrereq="0" X_GridSize="1" Y_GridSize="2" HUDPicture="unique_republic_veteran/unique_chestarmor_republic_veteran.png" MagicLevel="0" BodyPart="chest_armor" AttachmentName="u_outfitVeteran_Chest" GoldValue="1" HideBodyPart="legs" Lore="@Ui_OutfitVeteran_Chest_lore" />
    <Item Name="OutfitVeteran_Armband" UIName="@Ui_OutfitVeteran_Armband" ArmorType="prisoner" ItemType="Arm Armor" HealthBonusMin="2" HealthBonusMax="2" ArmorMin="0" ArmorMax="0" MinDropLevel="1" MaxDropLevel="5" DropWeight="3" LevelPrereq="1" ArmorPerLevel="0" ArmorEfficiencyMin="0" ArmorEfficiencyMax="0" Level="1" Keywords="armor,hand," Rarity="1" StrPrereq="0" DexPrereq="0" ConstPrereq="0" PowPrereq="0" X_GridSize="1" Y_GridSize="2" HUDPicture="unique_republic_veteran/unique_glove_republic_veteran.png" MagicLevel="0" BodyPart="arm" AttachmentName="u_outfitVeteran_Arm" GoldValue="1" />
    <Item Name="OutfitVeteran_Pants" UIName="@ui_OutfitVeteran_Pants" ArmorType="prisoner" ItemType="Leg Armor" HealthBonusMin="4" HealthBonusMax="4" ArmorMin="0" ArmorMax="0" MinDropLevel="1" MaxDropLevel="5" DropWeight="1" LevelPrereq="1" ArmorPerLevel="0" ArmorEfficiencyMin="0" ArmorEfficiencyMax="0" Level="1" Keywords="armor,legs," Rarity="1" StrPrereq="0" DexPrereq="0" ConstPrereq="0" PowPrereq="0" X_GridSize="1" Y_GridSize="2" HUDPicture="unique_republic_veteran/unique_pants_republic_veteran.png" MagicLevel="0" BodyPart="legs" AttachmentName="u_outfitVeteran_Pant" GoldValue="1" />
    <Item Name="OutfitVeteran_Boots" UIName="@ui_OutfitVeteran_Boots" ArmorType="prisoner" ItemType="Foot Armor" HealthBonusMin="2" HealthBonusMax="2" ArmorMin="0" ArmorMax="0" MinDropLevel="1" MaxDropLevel="5" DropWeight="1" LevelPrereq="1" ArmorPerLevel="0" ArmorEfficiencyMin="0" ArmorEfficiencyMax="0" Level="1" Keywords="armor,feet," Rarity="1" StrPrereq="0" DexPrereq="0" ConstPrereq="0" PowPrereq="0" X_GridSize="1" Y_GridSize="2" HUDPicture="unique_republic_veteran/unique_boots_republic_veteran" MagicLevel="0" BodyPart="feet" AttachmentName="u_outfitVeteran_Boots" GoldValue="1" />
    <Item Name="OutfitVeteranDirt_Chest" UIName="@Ui_OutfitVeteranDirt_Chest" ArmorType="prisoner" ItemType="Chest Armor" HealthBonusMin="10" HealthBonusMax="10" ArmorMin="0" ArmorMax="0" MinDropLevel="1" MaxDropLevel="5" DropWeight="2" LevelPrereq="1" ArmorPerLevel="0" ArmorEfficiencyMin="0" ArmorEfficiencyMax="0" Level="1" Keywords="armor,chest," Rarity="1" StrPrereq="0" DexPrereq="0" ConstPrereq="0" PowPrereq="0" X_GridSize="1" Y_GridSize="2" HUDPicture="unique_republic_veteran/unique_chestarmor_republic_veteran.png" MagicLevel="0" BodyPart="chest_armor" AttachmentName="u_outfitVeterandirt_Chest" GoldValue="1" HideBodyPart="legs" Lore="@Ui_OutfitVeteranDirt_Chest_lore" />
    <Item Name="OutfitVeteranDirt_Armband" UIName="@Ui_OutfitVeteranDirt_Armband" ArmorType="prisoner" ItemType="Arm Armor" HealthBonusMin="2" HealthBonusMax="2" ArmorMin="0" ArmorMax="0" MinDropLevel="1" MaxDropLevel="5" DropWeight="3" LevelPrereq="1" ArmorPerLevel="0" ArmorEfficiencyMin="0" ArmorEfficiencyMax="0" Level="1" Keywords="armor,hand," Rarity="1" StrPrereq="0" DexPrereq="0" ConstPrereq="0" PowPrereq="0" X_GridSize="1" Y_GridSize="2" HUDPicture="unique_republic_veteran/unique_glove_republic_veteran.png" MagicLevel="0" BodyPart="arm" AttachmentName="u_outfitVeterandirt_Arm" GoldValue="1" Lore="@Ui_OutfitVeteranDirt_Armband_lore" />
    <Item Name="OutfitVeteranDirt_Pants" UIName="@ui_OutfitVeteranDirt_Pants" ArmorType="prisoner" ItemType="Leg Armor" HealthBonusMin="4" HealthBonusMax="4" ArmorMin="0" ArmorMax="0" MinDropLevel="1" MaxDropLevel="5" DropWeight="1" LevelPrereq="1" ArmorPerLevel="0" ArmorEfficiencyMin="0" ArmorEfficiencyMax="0" Level="1" Keywords="armor,legs," Rarity="1" StrPrereq="0" DexPrereq="0" ConstPrereq="0" PowPrereq="0" X_GridSize="1" Y_GridSize="2" HUDPicture="unique_republic_veteran/unique_pants_republic_veteran.png" MagicLevel="0" BodyPart="legs" AttachmentName="u_outfitVeterandirt_Pant" GoldValue="1" Lore="@ui_OutfitVeteranDirt_Pants_lore" />
    <Item Name="OutfitVeteranDirt_Boots" UIName="@ui_OutfitVeteranDirt_Boots" ArmorType="prisoner" ItemType="Foot Armor" HealthBonusMin="2" HealthBonusMax="2" ArmorMin="0" ArmorMax="0" MinDropLevel="1" MaxDropLevel="5" DropWeight="1" LevelPrereq="1" ArmorPerLevel="0" ArmorEfficiencyMin="0" ArmorEfficiencyMax="0" Level="1" Keywords="armor,feet," Rarity="1" StrPrereq="0" DexPrereq="0" ConstPrereq="0" PowPrereq="0" X_GridSize="1" Y_GridSize="2" HUDPicture="unique_republic_veteran/unique_boots_republic_veteran.png" MagicLevel="0" BodyPart="feet" AttachmentName="u_outfitVeterandirt_Boots" GoldValue="1" Lore="@ui_OutfitVeteranDirt_Boots_lore" />
    <Item Name="Intro_Veteran_Chest" UIName="@Ui_Veteran_Chest" ArmorType="prisoner" ItemType="Chest Armor" HealthBonusMin="8" HealthBonusMax="8" ArmorMin="0" ArmorMax="0" MinDropLevel="1" MaxDropLevel="5" DropWeight="2" LevelPrereq="1" ArmorPerLevel="0" ArmorEfficiencyMin="0" ArmorEfficiencyMax="0" Level="1" Keywords="armor,chest," Rarity="1" StrPrereq="0" DexPrereq="0" ConstPrereq="0" PowPrereq="0" X_GridSize="1" Y_GridSize="2" HUDPicture="unique_prisoner/unique_chestarmor_prisoner.png" MagicLevel="0" BodyPart="chest_armor" AttachmentName="u_veteran_Chest" GoldValue="1" HideBodyPart="legs" />
    <Item Name="Intro_Veteran_Armband" UIName="@Ui_Veteran_Armband" ArmorType="prisoner" ItemType="Arm Armor" HealthBonusMin="2" HealthBonusMax="2" ArmorMin="0" ArmorMax="0" MinDropLevel="1" MaxDropLevel="5" DropWeight="3" LevelPrereq="1" ArmorPerLevel="0" ArmorEfficiencyMin="0" ArmorEfficiencyMax="0" Level="1" Keywords="armor,hand," Rarity="1" StrPrereq="0" DexPrereq="0" ConstPrereq="0" PowPrereq="0" X_GridSize="1" Y_GridSize="2" HUDPicture="unique_prisoner/unique_glove_prisoner.png" MagicLevel="0" BodyPart="arm" AttachmentName="u_veteran_Arm" GoldValue="1" />
    <Item Name="Intro_Veteran_Pants" UIName="@ui_Veteran_Pants" ArmorType="prisoner" ItemType="Leg Armor" HealthBonusMin="4" HealthBonusMax="4" ArmorMin="0" ArmorMax="0" MinDropLevel="1" MaxDropLevel="5" DropWeight="1" LevelPrereq="1" ArmorPerLevel="0" ArmorEfficiencyMin="0" ArmorEfficiencyMax="0" Level="1" Keywords="armor,legs," Rarity="1" StrPrereq="0" DexPrereq="0" ConstPrereq="0" PowPrereq="0" X_GridSize="1" Y_GridSize="2" HUDPicture="unique_prisoner/unique_pants_prisoner.png" MagicLevel="0" BodyPart="legs" AttachmentName="u_veteran_Pant" GoldValue="1" />
    <Item Name="Intro_Veteran_Boots" UIName="@ui_Veteran_Boots" ArmorType="prisoner" ItemType="Foot Armor" HealthBonusMin="2" HealthBonusMax="2" ArmorMin="0" ArmorMax="0" MinDropLevel="1" MaxDropLevel="5" DropWeight="1" LevelPrereq="1" ArmorPerLevel="0" ArmorEfficiencyMin="0" ArmorEfficiencyMax="0" Level="1" Keywords="armor,feet," Rarity="1" StrPrereq="0" DexPrereq="0" ConstPrereq="0" PowPrereq="0" X_GridSize="1" Y_GridSize="2" HUDPicture="unique_prisoner/unique_boots_prisoner.png" MagicLevel="0" BodyPart="feet" AttachmentName="u_veteran_Boots" GoldValue="1" />
    <Item Name="Intro_Veteran_Helmet" UIName="@ui_Veteran_Helmet" ArmorType="prisoner" ItemType="Helmet" HealthBonusMin="5" HealthBonusMax="10" MinDropLevel="1" MaxDropLevel="5" DropWeight="1" LevelPrereq="0" Level="1" Keywords="armor,head," Rarity="1" StrPrereq="0" DexPrereq="0" ConstPrereq="0" PowPrereq="0" X_GridSize="1" Y_GridSize="2" HUDPicture="uniques/unique_helmet_gaalnazek.png" MagicLevel="0" BodyPart="helmet" AttachmentName="u_veteran_Helmet" ForceShieldMin="0" ForceShieldMax="0" AllResistanceMin="0" AllResistanceMax="0" />
    <Item Name="Intro_Veteran_Shoulder" UIName="@ui_Veteran_Shoulder" ArmorType="prisoner" ItemType="Shoulder Armor" HealthBonusMin="8" HealthBonusMax="10" MaxDropLevel="60" DropWeight="1" LevelPrereq="0" Level="1" Keywords="armor,shoulder," Rarity="1" StrPrereq="0" DexPrereq="0" ConstPrereq="0" PowPrereq="0" X_GridSize="1" Y_GridSize="2" HUDPicture="uniques/unique_pauldron_envoywar.png" MagicLevel="0" BodyPart="shoulder" AttachmentName="u_veteran_shoulder" ForceShieldMin="0" ForceShieldMax="0" AllResistanceMin="8" AllResistanceMax="10" />
    <Item Name="unique_torso_searingsong" UIName="@ui_unique_torso_searingsong" ArmorType="Heavy" ItemType="Chest Armor" HealthBonusMin="0" HealthBonusMax="0" MinDropLevel="1" MaxDropLevel="60" DropWeight="2" LevelPrereq="15" ArmorPerLevel="0" Level="1" Keywords="armor,chest,unique," DefaultAffix="unique_searing_song_only_weakness,unique_searing_song_weaknesschance_override_on_attacks_skills,unique_searing_song_forceshield_to_life,unique_searing_song_health_pts,unique_searing_song_all_resistance_score_percent" Rarity="1" StrPrereq="0" DexPrereq="0" ConstPrereq="0" PowPrereq="0" X_GridSize="1" Y_GridSize="2" HUDPicture="uniques/unique_chestarmor_searingsong.png" MagicLevel="0" BodyPart="chest_armor" AttachmentName="u_Starofthemorning_Chest" GoldValue="1" HideBodyPart="legs" ForceShieldMin="0" ForceShieldMax="0" AllResistanceMin="90" AllResistanceMax="90" Lore="@ui_unique_torso_searingsong_lore" DropAsUnique="1" />
    <Item Name="unique_glove_argandsheart" UIName="@ui_unique_glove_argandsheart" ArmorType="Rogue" ItemType="Arm Armor" HealthBonusMin="10" HealthBonusMax="10" MinDropLevel="1" MaxDropLevel="60" DropWeight="3" LevelPrereq="10" Level="1" Keywords="armor,hand,unique," DefaultAffix="unique_argands_dash_cooldown_on_kill,unique_argands_physical_damage_weapon,unique_argands_material_damage_percent,unique_argands_agility_pts" Rarity="1" StrPrereq="0" DexPrereq="0" ConstPrereq="0" PowPrereq="0" X_GridSize="1" Y_GridSize="2" HUDPicture="uniques/unique_glove_argandsheart.png" MagicLevel="0" BodyPart="arm" AttachmentName="u_Argandhearth_Arm" GoldValue="1" ForceShieldMin="5" ForceShieldMax="5" AllResistanceMin="0" AllResistanceMax="0" Lore="@ui_unique_glove_argandsheart_lore" DropAsUnique="1" />
    <Item Name="unique_helmet_gaalnazek" UIName="@ui_unique_helmet_gaalnazek" ArmorType="Mage" ItemType="Helmet" HealthBonusMin="0" HealthBonusMax="0" MinDropLevel="1" MaxDropLevel="60" DropWeight="1" LevelPrereq="15" Level="1" Keywords="armor,head,mage,unique," DefaultAffix="unique_gaalnazek_freezechance_on_frost_damage_score_percent,unique_gaalnazek_criticalscore_percent_lightning_damage,unique_gaalnazek_fire_damage_percent,unique_gaalnazek_umbracosts_percent_elemental,unique_gaalnazek_willpower_pts" Rarity="1" StrPrereq="0" DexPrereq="0" ConstPrereq="0" PowPrereq="0" X_GridSize="1" Y_GridSize="2" HUDPicture="uniques/unique_helmet_gaalnazek.png" MagicLevel="0" BodyPart="helmet" AttachmentName="u_gaalnazek_helmet" ForceShieldMin="130" ForceShieldMax="130" AllResistanceMin="0" AllResistanceMax="0" Lore="@ui_unique_helmet_gaalnazek_lore" DropAsUnique="1" />
    <Item Name="unique_should_envoywar" UIName="@ui_unique_shoulder_envoywar" ArmorType="Warrior" ItemType="Shoulder Armor" HealthBonusMin="19" HealthBonusMax="19" MaxDropLevel="60" DropWeight="1" LevelPrereq="15" Level="1" Keywords="armor,shoulder,mage,unique," DefaultAffix="unique_envoy_health_gain_on_spent_rage,unique_envoy_rage_conservation_time,unique_envoy_rage_per_strike_percent,unique_envoy_damage_percent_any_weapon" Rarity="1" StrPrereq="0" DexPrereq="0" ConstPrereq="0" PowPrereq="0" X_GridSize="1" Y_GridSize="2" HUDPicture="uniques/unique_pauldron_envoywar.png" MagicLevel="0" BodyPart="shoulder" AttachmentName="u_EnvoyOfWar_Shoulder" ForceShieldMin="0" ForceShieldMax="0" AllResistanceMin="4" AllResistanceMax="4" Lore="@ui_unique_shoulder_envoywar_lore" DropAsUnique="1" />
    <Item Name="unique_pants_abyssal" UIName="@ui_unique_pants_Abyssal" ArmorType="Mage" ItemType="Leg Armor" HealthBonusMin="0" HealthBonusMax="0" MinDropLevel="1" MaxDropLevel="60" DropWeight="2" LevelPrereq="15" ArmorPerLevel="0" Level="1" Keywords="armor,unique," DefaultAffix="unique_abyssal_shadow_spells_cost_to_rage,unique_abyssal_skillrequirement_keyword_shadow,unique_abyssal_rage_per_strike_percent,unique_abyssal_shadow_damage_percent,unique_abyssal_material_damage_percent,unique_abyssal_elemental_damage_percent,unique_abyssal_health_pts" Rarity="1" StrPrereq="0" DexPrereq="0" ConstPrereq="0" PowPrereq="0" X_GridSize="1" Y_GridSize="2" HUDPicture="uniques/unique_pants_abyssal_echo.png" MagicLevel="0" BodyPart="legs" AttachmentName="u_AbyssalEcho_Pant" GoldValue="1" ForceShieldMin="130" ForceShieldMax="130" AllResistanceMin="0" AllResistanceMax="0" Lore="@ui_unique_pants_abyssal_lore" DropAsUnique="1" />
    <Item Name="unique_glove_firstmen" UIName="@ui_unique_glove_firstmen" ArmorType="Heavy" ItemType="Arm Armor" HealthBonusMin="0" HealthBonusMax="0" ArmorMin="0" ArmorMax="0" MinDropLevel="1" MaxDropLevel="60" DropWeight="3" LevelPrereq="15" ArmorPerLevel="0" ArmorEfficiencyMin="0" ArmorEfficiencyMax="0" Level="1" Keywords="armor,hand,heavy,unique" DefaultAffix="unique_firstmen_skills_buffs_intensity,unique_firstmen_healing_from_spells_percent,unique_firstmen_damage_percent,unique_firstmen_forceshield_pts,unique_firstmen_all_resistance" Rarity="1" StrPrereq="0" DexPrereq="0" ConstPrereq="0" PowPrereq="0" X_GridSize="1" Y_GridSize="2" HUDPicture="uniques/unique_glove_bracer_of_the_first_men.png" MagicLevel="0" BodyPart="arm" AttachmentName="u_BacerOfTheMen_Arm" GoldValue="1" AllResistanceMin="12" AllResistanceMax="12" Lore="@ui_unique_glove_firstmen_lore" DropAsUnique="1" />
    <Item Name="unique_boots_quickblade" UIName="@ui_unique_boots_quickblade" ArmorType="Rogue" ItemType="Foot Armor" HealthBonusMin="30" HealthBonusMax="30" ArmorMin="0" ArmorMax="0" MinDropLevel="1" MaxDropLevel="60" DropWeight="1" LevelPrereq="15" ArmorPerLevel="0" ArmorEfficiencyMin="0" ArmorEfficiencyMax="0" Level="1" Keywords="armor,feet,unique" DefaultAffix="unique_quickblade_movespeed,unique_quickblade_additional_stamina_pts,unique_quickblade_all_resistance,unique_quickblade_agility_pts" Rarity="1" StrPrereq="0" DexPrereq="0" ConstPrereq="0" PowPrereq="0" X_GridSize="1" Y_GridSize="2" HUDPicture="uniques/unique_boots_worn_quickblade_threaders.png" MagicLevel="0" BodyPart="feet" AttachmentName="u_WormQuickbladeThreaders_boots" GoldValue="1" ForceShieldMin="18" ForceShieldMax="18" Lore="@ui_unique_boots_quickblade_lore" DropAsUnique="1" />
    <Item Name="unique_chest_agony" UIName="@ui_unique_chest_agony" ArmorType="Mage" ItemType="Chest Armor" HealthBonusMin="0" HealthBonusMax="0" MinDropLevel="1" MaxDropLevel="60" DropWeight="2" LevelPrereq="15" ArmorPerLevel="0" Level="1" Keywords="armor,chest,unique," DefaultAffix="unique_agony_dotdamage_percent_per_wisdom_point,unique_agony_non_dot_damage_percent,unique_agony_willpower_pts,unique_agony_statusailment_inflict_score_percent,unique_agony_forceshield_pts" Rarity="1" StrPrereq="0" DexPrereq="0" ConstPrereq="0" PowPrereq="0" X_GridSize="1" Y_GridSize="2" HUDPicture="uniques/unique_chestarmor_agony.png" MagicLevel="0" BodyPart="chest_armor" AttachmentName="u_Agony_Chest" GoldValue="1" HideBodyPart="legs" ForceShieldMin="200" ForceShieldMax="200" AllResistanceMin="0" AllResistanceMax="0" Lore="@ui_unique_chest_agony_lore" DropAsUnique="1" />
    <Item Name="unique_helmet_genesis" UIName="@ui_unique_helmet_genesis" ArmorType="Heavy" ItemType="Helmet" HealthBonusMin="0" HealthBonusMax="0" MinDropLevel="1" MaxDropLevel="60" DropWeight="1" LevelPrereq="15" Level="1" Keywords="armor,head,mage,unique," DefaultAffix="unique_genesis_sacred_ground_on_cursed_stacks,unique_genesis_shadow_nova_on_weakness_stacks,unique_genesis_curesechance_on_shadow_damage_score_percent,unique_genesis_weaknesschance_on_sacred_damage_score_percent,unique_genesis_health_pts,unique_genesis_all_resistance,unique_genesis_forceshield_pts" Rarity="1" StrPrereq="0" DexPrereq="0" ConstPrereq="0" PowPrereq="0" X_GridSize="1" Y_GridSize="2" HUDPicture="uniques/unique_helmet_anathea.png" MagicLevel="0" BodyPart="helmet" AttachmentName="u_anathea_helmet" ForceShieldMin="0" ForceShieldMax="0" AllResistanceMin="35" AllResistanceMax="35" Lore="@ui_unique_helmet_genesis_lore" DropAsUnique="1" GameplayVersion="BETA_1.2.2.0" />
    <Item Name="unique_helmet_torturemask" UIName="@ui_unique_helmet_torturemask" ArmorType="Rogue" ItemType="Helmet" HealthBonusMin="40" HealthBonusMax="40" MinDropLevel="1" MaxDropLevel="60" DropWeight="1" LevelPrereq="15" Level="1" Keywords="armor,head,mage,unique," DefaultAffix="unique_torturemask_attackspeed_score,unique_torturemask_dotdamage_percent_global,unique_torturemask_criticalchance_attackskill_score_percent,unique_torturemask_ferocity_pts,unique_torturemask_health_pts" Rarity="1" StrPrereq="0" DexPrereq="0" ConstPrereq="0" PowPrereq="0" X_GridSize="1" Y_GridSize="2" HUDPicture="uniques/unique_helmet_scarecrow.png" MagicLevel="0" BodyPart="helmet" AttachmentName="u_torturemask_helmet" ForceShieldMin="30" ForceShieldMax="30" AllResistanceMin="0" AllResistanceMax="0" Lore="@ui_unique_helmet_torturemask_lore" DropAsUnique="1" />
    <Item Name="unique_shoulder_purifier" UIName="@ui_unique_shoulder_purifier" ArmorType="Heavy" ItemType="Shoulder Armor" HealthBonusMin="30" HealthBonusMax="30" MaxDropLevel="60" DropWeight="1" LevelPrereq="20" Level="1" Keywords="armor,shoulder,heavy,unique," DefaultAffix="unique_purifier_shoulder_rage_on_blocked_attack_pts,unique_purifier_shoulder_rage_per_strike_percent,unique_purifier_shoulder_local_allresistances_score_percent,unique_purifier_shoulder_local_health_percent,unique_purifier_shoulder_blockchance_unconditional_flat" Rarity="1" StrPrereq="0" DexPrereq="0" ConstPrereq="0" PowPrereq="0" X_GridSize="1" Y_GridSize="2" HUDPicture="uniques/unique_pauldron_purifierspauldron.png" MagicLevel="0" BodyPart="shoulder" AttachmentName="u_Purifierspauldron_shoulder" ForceShieldMin="0" ForceShieldMax="0" AllResistanceMin="22" AllResistanceMax="22" Lore="@ui_unique_shoulder_purifier_lore" DropAsUnique="1" />
    <Item Name="unique_vanity_chest" UIName="@ui_unique_vanity_chest" ArmorType="Heavy" ItemType="Chest Armor" HealthBonusMin="70" HealthBonusMax="70" MinDropLevel="20" MaxDropLevel="60" DropWeight="2" LevelPrereq="20" ArmorPerLevel="0" Level="1" Keywords="armor,chest,heavy,unique," DefaultAffix="unique_vanity_dodgechance_score_to_allres_score,unique_vanity_local_allresistances_score_percent,unique_vanity_local_health_percent,unique_vanity_freeze_received_duration_percent_bonus,unique_vanity_inflicted_freeze_duration_percent" Rarity="1" StrPrereq="0" DexPrereq="0" ConstPrereq="0" PowPrereq="0" X_GridSize="1" Y_GridSize="2" HUDPicture="uniques/unique_chestarmor_vanity.png" MagicLevel="0" BodyPart="chest_armor" AttachmentName="u_vanity_chest" GoldValue="1" HideBodyPart="legs" ForceShieldMin="0" ForceShieldMax="0" AllResistanceMin="100" AllResistanceMax="100" Lore="@ui_unique_vanity_chest_lore" DropAsUnique="1" />
    <Item Name="unique_skypirate_helmet" UIName="@ui_unique_skypirate_helmet" ArmorType="Rogue" ItemType="Helmet" HealthBonusMin="40" HealthBonusMax="40" MinDropLevel="20" MaxDropLevel="60" DropWeight="1" LevelPrereq="20" Level="1" Keywords="armor,head,rogue,unique," DefaultAffix="unique_skypirate_melee_damage_benefits_from_projectiles_bonuses,unique_skypirate_damage_percent_projectiles,unique_skypirate_local_health_percent,unique_skypirate_local_forceshield_percent,unique_skypirate_agility_pts" Rarity="1" StrPrereq="0" DexPrereq="0" ConstPrereq="0" PowPrereq="0" X_GridSize="1" Y_GridSize="2" HUDPicture="uniques/unique_helmet_skypirate.png" MagicLevel="0" BodyPart="helmet" AttachmentName="u_skypirate_helmet" ForceShieldMin="40" ForceShieldMax="40" AllResistanceMin="0" AllResistanceMax="0" Lore="@ui_unique_skypirate_helmet_lore" DropAsUnique="1" />
    <Item Name="unique_warmonger_helmet" UIName="@ui_unique_warmonger_helmet" ArmorType="Warrior" ItemType="Helmet" HealthBonusMin="50" HealthBonusMax="50" MinDropLevel="20" MaxDropLevel="60" DropWeight="1" LevelPrereq="20" Level="1" Keywords="armor,head,warrior,unique," DefaultAffix="unique_warmonger_helmet_rage_on_kill_pts,unique_warmonger_helmet_life_leech_percent_against_bleeding,unique_warmonger_helmet_local_health_percent,unique_warmonger_helmet_criticaldamage_pts,unique_warmonger_helmet_ferocity_pts" Rarity="1" StrPrereq="0" DexPrereq="0" ConstPrereq="0" PowPrereq="0" X_GridSize="1" Y_GridSize="2" HUDPicture="uniques/unique_helmet_bloodreaver.png" MagicLevel="0" BodyPart="helmet" AttachmentName="u_bloodreaver_helmet" ForceShieldMin="0" ForceShieldMax="0" AllResistanceMin="10" AllResistanceMax="10" Lore="@ui_unique_warmonger_helmet_lore" DropAsUnique="1" />
    <Item Name="unique_warmonger_chest" UIName="@ui_unique_warmonger_chest" ArmorType="Warrior" ItemType="Chest Armor" HealthBonusMin="115" HealthBonusMax="115" MinDropLevel="20" MaxDropLevel="60" DropWeight="2" LevelPrereq="20" ArmorPerLevel="0" Level="1" Keywords="armor,chest,heavy,unique," DefaultAffix="unique_warmonger_chest_rage_on_hit_pts,unique_warmonger_chest_bleedchance_on_rend_damage_score_percent,unique_warmonger_chest_life_leech_percent_rend,unique_warmonger_chest_rage_per_strike_percent,unique_warmonger_chest_local_health_percent,unique_warmonger_chest_resource_points" Rarity="1" StrPrereq="0" DexPrereq="0" ConstPrereq="0" PowPrereq="0" X_GridSize="1" Y_GridSize="2" HUDPicture="uniques/unique_chestarmor_bloodreaver.png" MagicLevel="0" BodyPart="chest_armor" AttachmentName="u_bloodreaver_chest" GoldValue="1" HideBodyPart="legs" ForceShieldMin="0" ForceShieldMax="0" AllResistanceMin="20" AllResistanceMax="20" Lore="@ui_unique_warmonger_chest_lore" DropAsUnique="1" />
    <Item Name="unique_shaman_shoulder" UIName="@ui_unique_shaman_shoulder" ArmorType="mage" ItemType="Shoulder Armor" HealthBonusMin="0" HealthBonusMax="0" MaxDropLevel="60" DropWeight="1" LevelPrereq="20" Level="1" Keywords="armor,shoulder,mage,unique," DefaultAffix="unique_shaman_shield_regeneration_from_health_globes,unique_shaman_percent_rage_to_umbra,unique_shaman_umbracosts_percent,unique_shaman_local_forceshield_flat,unique_shaman_forceshield_lock_timer_percent,unique_shaman_life_forceshield_regeneration_percent,unique_shaman_life_forceshield_percent" Rarity="1" StrPrereq="0" DexPrereq="0" ConstPrereq="0" PowPrereq="0" X_GridSize="1" Y_GridSize="2" HUDPicture="uniques/unique_pauldron_unicorn.png" MagicLevel="0" BodyPart="shoulder" AttachmentName="u_unicorn_shoulder" ForceShieldMin="60" ForceShieldMax="60" AllResistanceMin="0" AllResistanceMax="0" Lore="@ui_unique_shaman_shoulder_lore" DropAsUnique="1" />
    <Item Name="unique_copper_boots" UIName="@ui_unique_copper_boots" ArmorType="Warrior" ItemType="Foot Armor" HealthBonusMin="30" HealthBonusMax="30" MinDropLevel="20" MaxDropLevel="60" DropWeight="1" LevelPrereq="20" ArmorPerLevel="0" ArmorEfficiencyMin="0" ArmorEfficiencyMax="0" Level="1" Keywords="armor,feet,warrior,unique" DefaultAffix="unique_copper_movespeed,unique_copper_local_health_flat,unique_copper_material_damage_percent,unique_copper_local_health_percent,unique_copper_local_allresistances_score_flat" Rarity="1" StrPrereq="0" DexPrereq="0" ConstPrereq="0" PowPrereq="0" X_GridSize="1" Y_GridSize="2" HUDPicture="uniques/unique_boots_copperboots.png" MagicLevel="0" BodyPart="feet" AttachmentName="u_Copperboots_boots" GoldValue="1" AllResistanceMin="5" AllResistanceMax="5" Lore="@ui_unique_copper_boots_lore" DropAsUnique="1" />
    <Item Name="unique_mag_boots" UIName="@ui_unique_mag_boots" ArmorType="Mage" ItemType="Foot Armor" HealthBonusMin="0" HealthBonusMax="0" ArmorMin="0" ArmorMax="0" MinDropLevel="20" MaxDropLevel="60" DropWeight="1" LevelPrereq="20" ArmorPerLevel="0" ArmorEfficiencyMin="0" ArmorEfficiencyMax="0" Level="1" Keywords="armor,feet,warrior,unique" DefaultAffix="unique_mag_slow_aoe_on_active_dodge,unique_mag_movespeed,unique_mag_stamina_regeneration_percent,unique_mag_agility_pts,unique_mag_local_health_flat,unique_mag_local_forceshield_flat" Rarity="1" StrPrereq="0" DexPrereq="0" ConstPrereq="0" PowPrereq="0" X_GridSize="1" Y_GridSize="2" HUDPicture="uniques/unique_boots_magboots.png" MagicLevel="0" BodyPart="feet" AttachmentName="u_Magboots_boots" GoldValue="1" ForceShieldMin="100" ForceShieldMax="100" Lore="@ui_unique_mag_boots_lore" DropAsUnique="1" />
  </Armors>
</MetaData>