<MetaData>
  <Armors>
    <Item Name="Unique_Hit_hard" UIName="@ui_unique_hit_hard" ArmorType="Accessory" ItemType="Ring" MinDropLevel="1" MaxDropLevel="60" DropWeight="1" LevelPrereq="0" Level="1" ArmorMin="0" ArmorMax="0" DefaultAffix="unique_negative_attack_speed,unique_ring_melee_damage,unique_ring_ferocity,unique_ring_critical_damage" Keywords="accessory,ring,unique" Rarity="1" StrPrereq="0" DexPrereq="0" ConstPrereq="0" PowPrereq="0" X_GridSize="1" Y_GridSize="1" Lore="@ui_unique_hit_hard_lore" HUDPicture="accessories/ring/ring_attributes_onyx_tier1.png" MagicLevel="0" BodyPart="ring" GoldValue="1" DropAsUnique="1" />
    <Item Name="Unique_Poison" UIName="@ui_unique_poison" ArmorType="Accessory" ItemType="Ring" MinDropLevel="1" MaxDropLevel="60" DropWeight="1" LevelPrereq="5" Level="1" ArmorMin="0" ArmorMax="0" DefaultAffix="implicit_toxic_resistance_ring,unique_poison_chance,unique_agility_t1,unique_ring_attack_speed,unique_toxic_damage" Keywords="accessory,ring,unique" Rarity="1" StrPrereq="0" DexPrereq="0" ConstPrereq="0" PowPrereq="0" X_GridSize="1" Y_GridSize="1" Lore="@ui_unique_poison_lore" HUDPicture="accessories/ring/ring_attributes_green_tier2.png" MagicLevel="0" BodyPart="ring" GoldValue="1" DropAsUnique="1" />
    <Item Name="Unique_glass_canon" UIName="@ui_unique_glass_canon" ArmorType="Accessory" ItemType="Amulet" MinDropLevel="1" MaxDropLevel="60" DropWeight="1" LevelPrereq="0" Level="1" ArmorMin="0" ArmorMax="0" DefaultAffix="unique_amulet_negative_life,unique_amulet_spell_damage,unique_amulet_willpower,unique_amulet_casting_speed" Keywords="accessory,Amulet,unique," Rarity="1" StrPrereq="0" DexPrereq="0" ConstPrereq="0" PowPrereq="0" X_GridSize="1" Y_GridSize="1" Lore="@ui_unique_glass_canon_lore" HUDPicture="accessories/amulet/amulet_5.png" MagicLevel="0" BodyPart="Amulet" GoldValue="1" DropAsUnique="1" />
    <Item Name="Unique_Thanks" UIName="@ui_unique_all_mighty" ArmorType="Accessory" ItemType="Belt" MinDropLevel="1" MaxDropLevel="60" DropWeight="1" LevelPrereq="0" Level="1" ArmorMin="0" ArmorMax="0" DefaultAffix="unique_all_damage_weapon,unique_all_damage_spell,unique_all_attributes" Keywords="accessory,belt,unique" Rarity="1" StrPrereq="0" DexPrereq="0" ConstPrereq="0" PowPrereq="0" X_GridSize="1" Y_GridSize="1" Lore="@ui_unique_all_mighty_lore" HUDPicture="accessories/belt/belt_simple.png" MagicLevel="0" BodyPart="belt" GoldValue="0" DropAsUnique="1" />
    <Item Name="Unique_ring_sisters" UIName="@ui_unique_ring_sisters" ArmorType="Accessory" ItemType="Ring" MinDropLevel="1" MaxDropLevel="60" DropWeight="1" LevelPrereq="10" Level="1" ArmorMin="0" ArmorMax="0" DefaultAffix="unique_seven_sisters_life_leech_percent_global,unique_seven_sisters_health_pts,unique_seven_sisters_wisdom_pts,unique_seven_sisters_health_regen_pts,unique_seven_sisters_rage_on_kill_pts" Keywords="accessory,ring,unique," Rarity="1" StrPrereq="0" DexPrereq="0" ConstPrereq="0" PowPrereq="0" X_GridSize="1" Y_GridSize="1" Lore="@ui_unique_ring_sisters_lore" HUDPicture="accessories/ring/ring_simple1.png" MagicLevel="0" BodyPart="ring" GoldValue="1" DropAsUnique="1" />
    <Item Name="Unique_belt_lucky" UIName="@ui_unique_belt_lucky" ArmorType="Accessory" ItemType="Belt" MinDropLevel="1" MaxDropLevel="60" DropWeight="1" LevelPrereq="10" Level="1" ArmorMin="0" ArmorMax="0" DefaultAffix="unique_omaley_statusailment_inflict_score_percent,unique_omaley_dodgechance_score_percent,unique_omaley_all_attribute_pts,unique_omaley_criticalchance_attackskill_score_percent,unique_omaley_criticalchance_magicspell_score_percent,unique_omaley_magic_find" Keywords="accessory,belt,unique" Rarity="1" StrPrereq="0" DexPrereq="0" ConstPrereq="0" PowPrereq="0" X_GridSize="1" Y_GridSize="1" Lore="@ui_unique_belt_lucky_lore" HUDPicture="accessories/belt/belt_simple.png" MagicLevel="0" BodyPart="belt" GoldValue="0" DropAsUnique="1" />
    <Item Name="Unique_amulet_crownsbrooch" UIName="@ui_unique_amulet_crownsbrooch" ArmorType="Accessory" ItemType="Amulet" MinDropLevel="1" MaxDropLevel="60" DropWeight="1" LevelPrereq="10" Level="1" ArmorMin="0" ArmorMax="0" DefaultAffix="unique_brooch_movespeed,unique_brooch_dodgechance_score_percent,unique_brooch_stamina_regeneration_percent,unique_brooch_agility_pts" Keywords="accessory,Amulet,unique," Rarity="1" StrPrereq="0" DexPrereq="0" ConstPrereq="0" PowPrereq="0" X_GridSize="1" Y_GridSize="1" Lore="@ui_unique_amulet_crownsbrooch_lore" HUDPicture="accessories/amulet/amulet_6.png" MagicLevel="0" BodyPart="Amulet" GoldValue="1" DropAsUnique="1" />
    <Item Name="Unique_amulet_kardis" UIName="@ui_unique_amulet_kardis" ArmorType="Accessory" ItemType="Amulet" MinDropLevel="1" MaxDropLevel="60" DropWeight="1" LevelPrereq="15" Level="1" ArmorMin="0" ArmorMax="0" DefaultAffix="unique_amulet_kardis_stavesattacks_consideredspells,unique_amulet_kardis_spell_damage,unique_amulet_kardis_willpower_pts,unique_amulet_kardis_forceshield_pts" Keywords="accessory,Amulet,unique," Rarity="1" StrPrereq="0" DexPrereq="0" ConstPrereq="0" PowPrereq="0" X_GridSize="1" Y_GridSize="1" Lore="@ui_unique_amulet_kardis_lore" HUDPicture="accessories/amulet/amulet_kardis.png" MagicLevel="0" BodyPart="Amulet" GoldValue="1" DropAsUnique="1" />
    <Item Name="unique_untainted_belt" UIName="@ui_unique_untainted_belt" ArmorType="Accessory" ItemType="Belt" MinDropLevel="1" MaxDropLevel="60" DropWeight="1" LevelPrereq="15" Level="1" ArmorMin="0" ArmorMax="0" DefaultAffix="unique_untainted_cast_deathmark_on_hit,unique_untainted_all_resistance_score_percent,unique_untainted_agility_pts,unique_untainted_health_pts,unique_untainted_life_leech_percent_global" Keywords="accessory,belt,unique" Rarity="1" StrPrereq="0" DexPrereq="0" ConstPrereq="0" PowPrereq="0" X_GridSize="1" Y_GridSize="1" Lore="@ui_unique_untainted_belt_lore" HUDPicture="uniques\unique_belt_untaintedbelt.png" MagicLevel="0" BodyPart="belt" GoldValue="0" DropAsUnique="1" />
    <Item Name="unique_smuggler_ring" UIName="@ui_unique_smuggler_ring" ArmorType="Accessory" ItemType="Ring" MinDropLevel="20" MaxDropLevel="60" DropWeight="1" LevelPrereq="1" Level="1" ArmorMin="0" ArmorMax="0" DefaultAffix="unique_smuggler_health_pts,unique_smuggler_forceshield_pts,unique_smuggler_damage_percent,unique_smuggler_movespeed,unique_smuggler_all_attribute_pts" Keywords="accessory,ring,unique," Rarity="1" StrPrereq="0" DexPrereq="0" ConstPrereq="0" PowPrereq="0" X_GridSize="1" Y_GridSize="1" Lore="@ui_unique_smuggler_ring_lore" HUDPicture="accessories/ring/unique_ring_smugglingring.png" MagicLevel="0" BodyPart="ring" GoldValue="1" DropAsUnique="1" />
  </Armors>
</MetaData>