<MetaData>
  <Armors>
    <Item Name="unique_torso_searingsong_max" UIName="@ui_unique_torso_searingsong" LevelPrereq="20" ArmorType="Heavy" ItemType="Chest Armor" ForceShieldMin="0" ForceShieldMax="0" HealthBonusMin="0" HealthBonusMax="0" AllResistanceMin="115" AllResistanceMax="115" MinDropLevel="1" MaxDropLevel="60" DropWeight="2" ArmorPerLevel="0" Level="1" Keywords="armor,chest,unique," DefaultAffix="unique_searing_song_only_weakness_2,unique_searing_song_weaknesschance_override_on_attacks_skills_2,unique_searing_song_forceshield_to_life_2,unique_searing_song_health_pts_2,unique_searing_song_all_resistance_score_percent_2" Rarity="1" StrPrereq="0" DexPrereq="0" ConstPrereq="0" PowPrereq="0" X_GridSize="1" Y_GridSize="2" HUDPicture="uniques/unique_chestarmor_searingsong.png" MagicLevel="0" BodyPart="chest_armor" AttachmentName="u_Starofthemorning_Chest" GoldValue="1" HideBodyPart="legs" DropAsUnique="1" Lore="@ui_unique_torso_searingsong_lore" />
    <Item Name="unique_glove_argandsheart_max" UIName="@ui_unique_glove_argandsheart" LevelPrereq="20" ArmorType="Rogue" ItemType="Arm Armor" ForceShieldMin="20" ForceShieldMax="20" HealthBonusMin="15" HealthBonusMax="15" AllResistanceMin="0" AllResistanceMax="0" MinDropLevel="1" MaxDropLevel="60" DropWeight="3" Level="1" Keywords="armor,hand,unique," DefaultAffix="unique_argands_dash_cooldown_on_kill_2,unique_argands_physical_damage_weapon_2,unique_argands_material_damage_percent_2,unique_argands_agility_pts_2" Rarity="1" StrPrereq="0" DexPrereq="0" ConstPrereq="0" PowPrereq="0" X_GridSize="1" Y_GridSize="2" HUDPicture="uniques/unique_glove_argandsheart.png" MagicLevel="0" BodyPart="arm" AttachmentName="u_Argandhearth_Arm" GoldValue="1" DropAsUnique="1" Lore="@ui_unique_glove_argandsheart_lore" />
    <Item Name="unique_helmet_gaalnazek_max" UIName="@ui_unique_helmet_gaalnazek" LevelPrereq="20" ArmorType="Mage" ItemType="Helmet" ForceShieldMin="150" ForceShieldMax="150" HealthBonusMin="0" HealthBonusMax="0" AllResistanceMin="0" AllResistanceMax="0" MinDropLevel="1" MaxDropLevel="60" DropWeight="1" Level="1" Keywords="armor,head,mage,unique," DefaultAffix="unique_gaalnazek_freezechance_on_frost_damage_score_percent_2,unique_gaalnazek_criticalscore_percent_lightning_damage_2,unique_gaalnazek_fire_damage_percent_2,unique_gaalnazek_umbracosts_percent_elemental_2,unique_gaalnazek_willpower_pts_2" Rarity="1" StrPrereq="0" DexPrereq="0" ConstPrereq="0" PowPrereq="0" X_GridSize="1" Y_GridSize="2" HUDPicture="uniques/unique_helmet_gaalnazek.png" MagicLevel="0" BodyPart="helmet" AttachmentName="u_gaalnazek_helmet" DropAsUnique="1" Lore="@ui_unique_helmet_gaalnazek_lore" />
    <Item Name="unique_should_envoywar_max" UIName="@ui_unique_shoulder_envoywar" LevelPrereq="20" ArmorType="Warrior" ItemType="Shoulder Armor" ForceShieldMin="0" ForceShieldMax="0" HealthBonusMin="25" HealthBonusMax="25" AllResistanceMin="7" AllResistanceMax="7" MaxDropLevel="60" DropWeight="1" Level="1" Keywords="armor,shoulder,mage,unique," DefaultAffix="unique_envoy_health_gain_on_spent_rage_2,unique_envoy_rage_conservation_time_2,unique_envoy_rage_per_strike_percent_2,unique_envoy_damage_percent_any_weapon_2" Rarity="1" StrPrereq="0" DexPrereq="0" ConstPrereq="0" PowPrereq="0" X_GridSize="1" Y_GridSize="2" HUDPicture="uniques/unique_pauldron_envoywar.png" MagicLevel="0" BodyPart="shoulder" AttachmentName="u_EnvoyOfWar_Shoulder" DropAsUnique="1" Lore="@ui_unique_shoulder_envoywar_lore" />
    <Item Name="Unique_Hit_hard_max" UIName="@ui_unique_hit_hard" LevelPrereq="20" ArmorType="Accessory" ItemType="Ring" MinDropLevel="1" MaxDropLevel="60" DropWeight="1" Level="1" Keywords="accessory,ring,unique" DefaultAffix="unique_negative_attack_speed_2,unique_ring_melee_damage_2,unique_ring_ferocity_2,unique_ring_critical_damage_2" Rarity="1" StrPrereq="0" DexPrereq="0" ConstPrereq="0" PowPrereq="0" X_GridSize="1" Y_GridSize="1" HUDPicture="accessories/ring/ring_attributes_onyx_tier1.png" MagicLevel="0" BodyPart="ring" GoldValue="1" DropAsUnique="1" Lore="@ui_unique_hit_hard_lore" ArmorMin="0" ArmorMax="0" />
    <Item Name="Unique_Poison_max" UIName="@ui_unique_poison" LevelPrereq="20" ArmorType="Accessory" ItemType="Ring" MinDropLevel="1" MaxDropLevel="60" DropWeight="1" Level="1" Keywords="accessory,ring,unique" DefaultAffix="implicit_toxic_resistance_ring,unique_poison_chance_2,unique_agility_t1_2,unique_ring_attack_speed_2,unique_toxic_damage_2" Rarity="1" StrPrereq="0" DexPrereq="0" ConstPrereq="0" PowPrereq="0" X_GridSize="1" Y_GridSize="1" HUDPicture="accessories/ring/ring_attributes_green_tier2.png" MagicLevel="0" BodyPart="ring" GoldValue="1" DropAsUnique="1" Lore="@ui_unique_poison_lore" ArmorMin="0" ArmorMax="0" />
    <Item Name="Unique_glass_canon_max" UIName="@ui_unique_glass_canon" LevelPrereq="20" ArmorType="Accessory" ItemType="Amulet" MinDropLevel="1" MaxDropLevel="60" DropWeight="1" Level="1" Keywords="accessory,Amulet,unique," DefaultAffix="unique_amulet_negative_life_2,unique_amulet_spell_damage_2,unique_amulet_willpower_2,unique_amulet_casting_speed_2" Rarity="1" StrPrereq="0" DexPrereq="0" ConstPrereq="0" PowPrereq="0" X_GridSize="1" Y_GridSize="1" HUDPicture="accessories/amulet/amulet_5.png" MagicLevel="0" BodyPart="Amulet" GoldValue="1" DropAsUnique="1" Lore="@ui_unique_glass_canon_lore" ArmorMin="0" ArmorMax="0" />
    <Item Name="Unique_ring_sisters_max" UIName="@ui_unique_ring_sisters" LevelPrereq="20" ArmorType="Accessory" ItemType="Ring" MinDropLevel="1" MaxDropLevel="60" DropWeight="1" Level="1" Keywords="accessory,ring,unique," DefaultAffix="unique_seven_sisters_life_leech_percent_global_2,unique_seven_sisters_health_pts_2,unique_seven_sisters_wisdom_pts_2,unique_seven_sisters_health_regen_pts_2,unique_seven_sisters_rage_on_kill_pts_2" Rarity="1" StrPrereq="0" DexPrereq="0" ConstPrereq="0" PowPrereq="0" X_GridSize="1" Y_GridSize="1" HUDPicture="accessories/ring/ring_simple1.png" MagicLevel="0" BodyPart="ring" GoldValue="1" DropAsUnique="1" Lore="@ui_unique_ring_sisters_lore" ArmorMin="0" ArmorMax="0" />
    <Item Name="Unique_belt_lucky_max" UIName="@ui_unique_belt_lucky" LevelPrereq="20" ArmorType="Accessory" ItemType="Belt" MinDropLevel="1" MaxDropLevel="60" DropWeight="1" Level="1" Keywords="accessory,belt,unique" DefaultAffix="unique_omaley_statusailment_inflict_score_percent_2,unique_omaley_dodgechance_score_percent_2,unique_omaley_all_attribute_pts_2,unique_omaley_criticalchance_attackskill_score_percent_2,unique_omaley_criticalchance_magicspell_score_percent_2,unique_omaley_magic_find_2" Rarity="1" StrPrereq="0" DexPrereq="0" ConstPrereq="0" PowPrereq="0" X_GridSize="1" Y_GridSize="1" HUDPicture="accessories/belt/belt_simple.png" MagicLevel="0" BodyPart="belt" GoldValue="0" DropAsUnique="1" Lore="@ui_unique_belt_lucky_lore" ArmorMin="0" ArmorMax="0" />
    <Item Name="Unique_amulet_crownsbrooch_max" UIName="@ui_unique_amulet_crownsbrooch" LevelPrereq="20" ArmorType="Accessory" ItemType="Amulet" MinDropLevel="1" MaxDropLevel="60" DropWeight="1" Level="1" Keywords="accessory,Amulet,unique," DefaultAffix="unique_brooch_movespeed_2,unique_brooch_dodgechance_score_percent_2,unique_brooch_stamina_regeneration_percent_2,unique_brooch_agility_pts_2" Rarity="1" StrPrereq="0" DexPrereq="0" ConstPrereq="0" PowPrereq="0" X_GridSize="1" Y_GridSize="1" HUDPicture="accessories/amulet/amulet_6.png" MagicLevel="0" BodyPart="Amulet" GoldValue="1" DropAsUnique="1" Lore="@ui_unique_amulet_crownsbrooch_lore" ArmorMin="0" ArmorMax="0" />
    <Item Name="unique_pants_abyssal_max" UIName="@ui_unique_pants_Abyssal" LevelPrereq="20" ArmorType="Mage" ItemType="Leg Armor" ForceShieldMin="180" ForceShieldMax="180" HealthBonusMin="0" HealthBonusMax="0" AllResistanceMin="0" AllResistanceMax="0" MinDropLevel="1" MaxDropLevel="60" DropWeight="2" ArmorPerLevel="0" Level="1" Keywords="armor,unique," DefaultAffix="unique_abyssal_shadow_spells_cost_to_rage_2,unique_abyssal_skillrequirement_keyword_shadow_2,unique_abyssal_rage_per_strike_percent_2,unique_abyssal_shadow_damage_percent_2,unique_abyssal_material_damage_percent_2,unique_abyssal_elemental_damage_percent_2,unique_abyssal_health_pts_2" Rarity="1" StrPrereq="0" DexPrereq="0" ConstPrereq="0" PowPrereq="0" X_GridSize="1" Y_GridSize="2" HUDPicture="uniques/unique_pants_abyssal_echo.png" MagicLevel="0" BodyPart="legs" AttachmentName="u_AbyssalEcho_Pant" GoldValue="1" DropAsUnique="1" Lore="@ui_unique_pants_abyssal_lore" />
    <Item Name="unique_glove_firstmen_max" UIName="@ui_unique_glove_firstmen" LevelPrereq="20" ArmorType="Heavy" ItemType="Arm Armor" HealthBonusMin="0" HealthBonusMax="0" AllResistanceMin="20" AllResistanceMax="20" MinDropLevel="1" MaxDropLevel="5" DropWeight="3" ArmorPerLevel="0" Level="1" Keywords="armor,hand,heavy,unique" DefaultAffix="unique_firstmen_skills_buffs_intensity_2,unique_firstmen_healing_from_spells_percent_2,unique_firstmen_damage_percent_2,unique_firstmen_forceshield_pts_2,unique_firstmen_all_resistance_2" Rarity="1" StrPrereq="0" DexPrereq="0" ConstPrereq="0" PowPrereq="0" X_GridSize="1" Y_GridSize="2" HUDPicture="uniques/unique_glove_bracer_of_the_first_men.png" MagicLevel="0" BodyPart="arm" AttachmentName="u_BacerOfTheMen_Arm" GoldValue="1" DropAsUnique="1" Lore="@ui_unique_glove_firstmen_lore" ArmorMin="0" ArmorMax="0" ArmorEfficiencyMin="0" ArmorEfficiencyMax="0" />
    <Item Name="unique_boots_quickblade_max" UIName="@ui_unique_boots_quickblade" LevelPrereq="20" ArmorType="Rogue" ItemType="Foot Armor" ForceShieldMin="35" ForceShieldMax="35" HealthBonusMin="35" HealthBonusMax="35" MinDropLevel="1" MaxDropLevel="5" DropWeight="1" ArmorPerLevel="0" Level="1" Keywords="armor,feet,unique" DefaultAffix="unique_quickblade_movespeed_2,unique_quickblade_additional_stamina_pts_2,unique_quickblade_all_resistance_2,unique_quickblade_agility_pts_2" Rarity="1" StrPrereq="0" DexPrereq="0" ConstPrereq="0" PowPrereq="0" X_GridSize="1" Y_GridSize="2" HUDPicture="uniques/unique_boots_worn_quickblade_threaders.png" MagicLevel="0" BodyPart="feet" AttachmentName="u_WormQuickbladeThreaders_boots" GoldValue="1" DropAsUnique="1" Lore="@ui_unique_boots_quickblade_lore" ArmorMin="0" ArmorMax="0" ArmorEfficiencyMin="0" ArmorEfficiencyMax="0" />
    <Item Name="unique_chest_agony_max" UIName="@ui_unique_chest_agony" LevelPrereq="20" ArmorType="Mage" ItemType="Chest Armor" ForceShieldMin="300" ForceShieldMax="300" HealthBonusMin="0" HealthBonusMax="0" AllResistanceMin="0" AllResistanceMax="0" MinDropLevel="1" MaxDropLevel="60" DropWeight="2" ArmorPerLevel="0" Level="1" Keywords="armor,chest,unique," DefaultAffix="unique_agony_dotdamage_percent_per_wisdom_point_2,unique_agony_non_dot_damage_percent_2,unique_agony_willpower_pts_2,unique_agony_statusailment_inflict_score_percent_2,unique_agony_forceshield_pts_2" Rarity="1" StrPrereq="0" DexPrereq="0" ConstPrereq="0" PowPrereq="0" X_GridSize="1" Y_GridSize="2" HUDPicture="uniques/unique_chestarmor_agony.png" MagicLevel="0" BodyPart="chest_armor" AttachmentName="u_Agony_Chest" GoldValue="1" HideBodyPart="legs" DropAsUnique="1" Lore="@ui_unique_chest_agony_lore" />
    <Item Name="unique_helmet_genesis_max" UIName="@ui_unique_helmet_genesis" LevelPrereq="20" ArmorType="Heavy" ItemType="Helmet" ForceShieldMin="0" ForceShieldMax="0" HealthBonusMin="0" HealthBonusMax="0" AllResistanceMin="60" AllResistanceMax="60" MinDropLevel="1" MaxDropLevel="60" DropWeight="1" Level="1" Keywords="armor,head,mage,unique," DefaultAffix="unique_genesis_sacred_ground_on_cursed_stacks_2,unique_genesis_shadow_nova_on_weakness_stacks_2,unique_genesis_curesechance_on_shadow_damage_score_percent_2,unique_genesis_weaknesschance_on_sacred_damage_score_percent_2,unique_genesis_health_pts_2,unique_genesis_all_resistance_2,unique_genesis_forceshield_pts_2" Rarity="1" StrPrereq="0" DexPrereq="0" ConstPrereq="0" PowPrereq="0" X_GridSize="1" Y_GridSize="2" HUDPicture="uniques/unique_helmet_anathea.png" MagicLevel="0" BodyPart="helmet" AttachmentName="u_anathea_helmet" DropAsUnique="1" Lore="@ui_unique_helmet_genesis_lore" GameplayVersion="BETA_1.2.2.0" />
    <Item Name="unique_helmet_torturemask_max" UIName="@ui_unique_helmet_torturemask" LevelPrereq="20" ArmorType="Rogue" ItemType="Helmet" ForceShieldMin="30" ForceShieldMax="30" HealthBonusMin="70" HealthBonusMax="70" AllResistanceMin="0" AllResistanceMax="0" MinDropLevel="1" MaxDropLevel="60" DropWeight="1" Level="1" Keywords="armor,head,mage,unique," DefaultAffix="unique_torturemask_attackspeed_score_2,unique_torturemask_dotdamage_percent_global_2,unique_torturemask_criticalchance_attackskill_score_percent_2,unique_torturemask_ferocity_pts_2,unique_torturemask_health_pts_2" Rarity="1" StrPrereq="0" DexPrereq="0" ConstPrereq="0" PowPrereq="0" X_GridSize="1" Y_GridSize="2" HUDPicture="uniques/unique_helmet_scarecrow.png" MagicLevel="0" BodyPart="helmet" AttachmentName="u_torturemask_helmet" DropAsUnique="1" Lore="@ui_unique_helmet_torturemask_lore" />
    <Item Name="Unique_amulet_kardis_max" UIName="@ui_unique_amulet_kardis" LevelPrereq="10" ArmorType="Accessory" ItemType="Amulet" MinDropLevel="1" MaxDropLevel="60" DropWeight="1" Level="1" Keywords="accessory,Amulet,unique," DefaultAffix="unique_amulet_kardis_stavesattacks_consideredspells_2,unique_amulet_kardis_spell_damage_2,unique_amulet_kardis_willpower_pts_2,unique_amulet_kardis_forceshield_pts_2" Rarity="1" StrPrereq="0" DexPrereq="0" ConstPrereq="0" PowPrereq="0" X_GridSize="1" Y_GridSize="1" HUDPicture="accessories/amulet/amulet_kardis.png" MagicLevel="0" BodyPart="Amulet" GoldValue="1" DropAsUnique="1" Lore="@ui_unique_amulet_kardis_lore" ArmorMin="0" ArmorMax="0" />
  </Armors>
</MetaData>