<MetaData>
  <SpawnClass Name="sc_republic_InnerSanctum_I">
    <Spawn Type="Actor" ClassName="Republic_InnerSanctum_InfantrySword" NumberMin="1" NumberMax="1" LevelMin="1" LevelMax="60" LevelOffset="0" Center="0" SpawnOverTime="1" BossProba="0" LootClassOverride="" XPBonusPercent="0" IgnoreAnimation="0" />
  </SpawnClass>
  <SpawnClass Name="sc_republic_InnerSanctum_J">
    <Spawn Type="Actor" ClassName="Republic_InnerSanctum_Justicar" NumberMin="1" NumberMax="1" LevelMin="1" LevelMax="18" LevelOffset="0" Center="0" SpawnOverTime="1" BossProba="100" LootClassOverride="" XPBonusPercent="0" IgnoreAnimation="0" ForceEntityName="Edric" />
  </SpawnClass>
  <SpawnClass Name="sc_COFY_InnerSanctum_S">
    <Spawn Type="Actor" ClassName="CultOfSouls_InnerSanctum_LostSoul" NumberMin="5" NumberMax="7" LevelMin="1" LevelMax="18" LevelOffset="0" Center="0" SpawnOverTime="1" BossProba="100" LootClassOverride="" XPBonusPercent="0" IgnoreAnimation="0" ForceEntityName="Edric" />
  </SpawnClass>
</MetaData>