<MetaData>
  <BaseEntity ID="WildSpiderMeleeSmall" EntityName="wild_spider_melee_small" Scale="0.66" CanKillAllies="0" />
  <Faction Name="Wild" />
  <Keywords Value="trash,melee,physical,weak" />
  <SpawnClassParams SpawnLevelMin="1" SpawnLevelMax="60" SpawnWeight="1" CombatPointValueMultiplier="0.6" />
  <Attributes Archetype="archetype_trash" HealthModifier="0.6" DamageModifier="0.6" XPModifier="0.6" Protection="" />
  <Movement MovementSpeed="5" WalkSpeed="5" />
  <InterruptionParams InterruptChance="1.00" />
  <StunParams IgnoreStunChance="0" StunCooldown="6" FreezeCooldown="6" />
  <BlownAwayParams CanBeBlownAway="1" BlownAwayAnimationTag="" />
  <DefaultBossModifiers />
  <LootClass>
    <Loot Class="LC_trash" fProba="1" />
  </LootClass>
  <AliveLootPreset Name="AliveLoot_Trash" />
  <Corpses PresetName="TrashCadaverPreset" />
  <BasicAIParams ClampToNavmesh="1" MaxTurnRate="360" UseAvoidance="1" />
  <Kythera>
    <Behavior Name="Swarm" />
    <BT FleeOnLowHealthChance="0.0" EngageRange="20.0" MeleeAttack="True" FallBack="True" IdleWander="False" />
    <Movement ClampToNavMesh="True" Avoidance="True" />
    <Target SticknessBias="30.0" DistanceBias="6.0" DamageBias="0.0" AggressionBias="1.0" AggressionDecay="10.0" Category="None" />
    <ContextSteering type="bb">
      <Enabled type="bool" />
      <CurrentSteeringProfile type="string" />
      <NeighbourRange type="float" />
      <ObstacleRange type="float" />
      <MaxIterations type="int" />
      <InitialStepSize type="float" />
      <StepSizeDecay type="float" />
      <RandomSpacing type="bool" />
      <Swarm type="bb">
        <GlobalGoal type="bb">
          <Weight type="float" />
        </GlobalGoal>
        <ObstacleAvoidance type="bb">
          <k type="float" />
          <TimeHorizon type="float" />
        </ObstacleAvoidance>
        <CollisionAvoidance type="bb">
          <k type="float" />
          <TimeHorizon type="float" />
          <PersonalSpace type="float" />
        </CollisionAvoidance>
      </Swarm>
    </ContextSteering>
  </Kythera>
  <Skills>
    <DefaultBasicAttack>
      <Skill Name="AI_WILD_SpiderMeleeSmall_DefaultAttack" Orientated="BeforeCast" Interruptible="False" Enabled="True" BaseWeight="1.0">
        <Range Min="0.1" Preferred="2.0" Max="4.5" MinWeight="0.0" PreferredWeight="0.0" MaxWeight="0.0" />
      </Skill>
    </DefaultBasicAttack>
    <Offensive />
    <Approach />
  </Skills>
  <RandomModel>
    <ModelChoice Model="objects/characters/mobs/Non_Humanoid/Spider/WILD_spider/WILD_MiniSpider_01.cdf" Weight="1">
      <ADBChoice ADB="Animations/Mannequin/ADB/Mobs/Non_Humanoid/Spider/WILD_MiniSpider.adb" Weight="1" />
    </ModelChoice>
    <ModelChoice Model="objects/characters/mobs/Non_Humanoid/Spider/WILD_spider/WILD_MiniSpider_02.cdf" Weight="1">
      <ADBChoice ADB="Animations/Mannequin/ADB/Mobs/Non_Humanoid/Spider/WILD_MiniSpider.adb" Weight="1" />
    </ModelChoice>
  </RandomModel>
  <HUD UIName="@ui_AIName_Wild_Spider_Melee_Small" ZIconOffset="2.0" />
  <Spawn SpawnAnimation="rise_out_ground" TransparencyAtSpawn="0" />
  <Death UseDeathAnimation="1" DeathSkill="" />
  <GameplayParticles PresetName="size_Omegababy" />
  <Capsules>
    <EntityPhysics ColliderSize="0.5,0.5,0.5" IsPushable="0" RagdollMass="250" />
    <MouseSelection SelectionCapsuleRadius="1.3" SelectionCapsuleHeight="0.1" SelectionCapsuleZOffset="-0.5" />
    <ProjectileCollision ProjectileCapsuleRadius="0.9" ProjectileCapsuleHeight="3.0" CanSnapOnCenterWhenColliding="1" />
  </Capsules>
  <VisualParams>
    <HitParticleParams BaseHitScale="1" DirectionalHitScale="1" CriticalHitScale="1" />
    <BloodDecals Preset="default" OverrideScale="1" />
  </VisualParams>
  <Audio AllowGroupSounds="1" SwitchSoundName="spidersmall_voice" />
</MetaData>