<MetaData>
  <BaseEntity ID="WildSpiderRanged" EntityName="wild_spider_ranged" Scale="1" CanKillAllies="0" />
  <Faction Name="Wild" />
  <Keywords Value="trash,range,physical" />
  <SpawnClassParams SpawnLevelMin="1" SpawnLevelMax="60" SpawnWeight="1" CombatPointValueMultiplier="0.8" />
  <Attributes Archetype="archetype_trash" HealthModifier="0.8" DamageModifier="0.8" XPModifier="0.8" Protection="" />
  <Movement MovementSpeed="8" WalkSpeed="8" />
  <InterruptionParams InterruptChance="0.01" />
  <StunParams IgnoreStunChance="0" StunCooldown="6" FreezeCooldown="6" />
  <BlownAwayParams CanBeBlownAway="1" BlownAwayAnimationTag="" />
  <DefaultBossModifiers />
  <LootClass>
    <Loot Class="LC_trash" fProba="1" />
  </LootClass>
  <AliveLootPreset Name="AliveLoot_Trash" />
  <Corpses PresetName="TrashCadaverPreset" />
  <BasicAIParams ClampToNavmesh="1" MaxTurnRate="360" UseAvoidance="0" />
  <Kythera>
    <Behavior Name="Generic" />
    <BT FleeOnLowHealthChance="0.0" EngageRange="20.0" MeleeAttack="True" FallBack="True" IdleWander="False" />
    <Movement ClampToNavMesh="True" />
    <Target SticknessBias="30.0" DistanceBias="6.0" DamageBias="0.0" AggressionBias="1.0" AggressionDecay="10.0" Category="None" />
  </Kythera>
  <Skills>
    <DefaultBasicAttack />
    <Offensive>
      <Skill Name="AI_WILD_SpiderRangedDefaultAttack" Orientated="BeforeCast" Interruptible="False" Enabled="True" BaseWeight="1.0">
        <Range Min="0.1" Preferred="7.5" Max="12.0" MinWeight="0.0" PreferredWeight="0.0" MaxWeight="0.0" />
      </Skill>
    </Offensive>
    <Approach />
  </Skills>
  <HUD UIName="@ui_AIName_Wild_Spider_Ranged" ZIconOffset="2.0" />
  <Spawn SpawnAnimation="rise_out_ground" TransparencyAtSpawn="0" />
  <Death UseDeathAnimation="1" DeathSkill="" />
  <GameplayParticles PresetName="size_Worg" />
  <Capsules>
    <EntityPhysics ColliderSize="1,1,1" IsPushable="0" RagdollMass="250" />
    <MouseSelection SelectionCapsuleRadius="1.3" SelectionCapsuleHeight="0.1" SelectionCapsuleZOffset="-0.5" />
    <ProjectileCollision ProjectileCapsuleRadius="0.9" ProjectileCapsuleHeight="3.0" CanSnapOnCenterWhenColliding="1" />
  </Capsules>
  <VisualParams>
    <HitParticleParams BaseHitScale="1" DirectionalHitScale="1" CriticalHitScale="1" />
    <BloodDecals Preset="default" OverrideScale="1" />
  </VisualParams>
  <Audio AllowGroupSounds="1" SwitchSoundName="spider_voice" />
</MetaData>